Warning: You are sending unauthenticated requests to the HF Hub. Please set a HF_TOKEN to enable higher rate limits and faster downloads.
The image processor of type `Qwen2VLImageProcessor` is now loaded as a fast processor by default, even if the model checkpoint was saved with a slow processor. This is a breaking change and may produce slightly different outputs. To continue using the slow processor, instantiate this class with `use_fast=False`. 
Setting `pad_token_id` to `eos_token_id`:151645 for open-end generation.
Setting `pad_token_id` to `eos_token_id`:151645 for open-end generation.
Setting `pad_token_id` to `eos_token_id`:151645 for open-end generation.
Setting `pad_token_id` to `eos_token_id`:151645 for open-end generation.
Setting `pad_token_id` to `eos_token_id`:151645 for open-end generation.
Setting `pad_token_id` to `eos_token_id`:151645 for open-end generation.
Setting `pad_token_id` to `eos_token_id`:151645 for open-end generation.
Setting `pad_token_id` to `eos_token_id`:151645 for open-end generation.
Setting `pad_token_id` to `eos_token_id`:151645 for open-end generation.
Setting `pad_token_id` to `eos_token_id`:151645 for open-end generation.
Setting `pad_token_id` to `eos_token_id`:151645 for open-end generation.
Setting `pad_token_id` to `eos_token_id`:151645 for open-end generation.
Setting `pad_token_id` to `eos_token_id`:151645 for open-end generation.
Setting `pad_token_id` to `eos_token_id`:151645 for open-end generation.
Setting `pad_token_id` to `eos_token_id`:151645 for open-end generation.
Setting `pad_token_id` to `eos_token_id`:151645 for open-end generation.
Setting `pad_token_id` to `eos_token_id`:151645 for open-end generation.
Setting `pad_token_id` to `eos_token_id`:151645 for open-end generation.
Setting `pad_token_id` to `eos_token_id`:151645 for open-end generation.
Setting `pad_token_id` to `eos_token_id`:151645 for open-end generation.
  [17:30:22] 20/4463 =  0.4% · 0.21 bước/giây · còn ~355 phút
Setting `pad_token_id` to `eos_token_id`:151645 for open-end generation.
Setting `pad_token_id` to `eos_token_id`:151645 for open-end generation.
Setting `pad_token_id` to `eos_token_id`:151645 for open-end generation.
Setting `pad_token_id` to `eos_token_id`:151645 for open-end generation.
Setting `pad_token_id` to `eos_token_id`:151645 for open-end generation.
Setting `pad_token_id` to `eos_token_id`:151645 for open-end generation.
Setting `pad_token_id` to `eos_token_id`:151645 for open-end generation.
Setting `pad_token_id` to `eos_token_id`:151645 for open-end generation.
Setting `pad_token_id` to `eos_token_id`:151645 for open-end generation.
Setting `pad_token_id` to `eos_token_id`:151645 for open-end generation.
Setting `pad_token_id` to `eos_token_id`:151645 for open-end generation.
Setting `pad_token_id` to `eos_token_id`:151645 for open-end generation.
Setting `pad_token_id` to `eos_token_id`:151645 for open-end generation.
Setting `pad_token_id` to `eos_token_id`:151645 for open-end generation.
Setting `pad_token_id` to `eos_token_id`:151645 for open-end generation.
Setting `pad_token_id` to `eos_token_id`:151645 for open-end generation.
Setting `pad_token_id` to `eos_token_id`:151645 for open-end generation.
Setting `pad_token_id` to `eos_token_id`:151645 for open-end generation.
Setting `pad_token_id` to `eos_token_id`:151645 for open-end generation.
Setting `pad_token_id` to `eos_token_id`:151645 for open-end generation.
  [17:31:54] 40/4463 =  0.9% · 0.21 bước/giây · còn ~347 phút
Setting `pad_token_id` to `eos_token_id`:151645 for open-end generation.
Setting `pad_token_id` to `eos_token_id`:151645 for open-end generation.
Setting `pad_token_id` to `eos_token_id`:151645 for open-end generation.
Setting `pad_token_id` to `eos_token_id`:151645 for open-end generation.
Setting `pad_token_id` to `eos_token_id`:151645 for open-end generation.
Setting `pad_token_id` to `eos_token_id`:151645 for open-end generation.
Setting `pad_token_id` to `eos_token_id`:151645 for open-end generation.
Setting `pad_token_id` to `eos_token_id`:151645 for open-end generation.
Setting `pad_token_id` to `eos_token_id`:151645 for open-end generation.
Setting `pad_token_id` to `eos_token_id`:151645 for open-end generation.
Setting `pad_token_id` to `eos_token_id`:151645 for open-end generation.
Setting `pad_token_id` to `eos_token_id`:151645 for open-end generation.
Setting `pad_token_id` to `eos_token_id`:151645 for open-end generation.
Setting `pad_token_id` to `eos_token_id`:151645 for open-end generation.
Setting `pad_token_id` to `eos_token_id`:151645 for open-end generation.
Setting `pad_token_id` to `eos_token_id`:151645 for open-end generation.
Setting `pad_token_id` to `eos_token_id`:151645 for open-end generation.
Setting `pad_token_id` to `eos_token_id`:151645 for open-end generation.
Setting `pad_token_id` to `eos_token_id`:151645 for open-end generation.
Setting `pad_token_id` to `eos_token_id`:151645 for open-end generation.
  [17:33:25] 60/4463 =  1.3% · 0.21 bước/giây · còn ~342 phút
Setting `pad_token_id` to `eos_token_id`:151645 for open-end generation.
Setting `pad_token_id` to `eos_token_id`:151645 for open-end generation.
Setting `pad_token_id` to `eos_token_id`:151645 for open-end generation.
Setting `pad_token_id` to `eos_token_id`:151645 for open-end generation.
Setting `pad_token_id` to `eos_token_id`:151645 for open-end generation.
Setting `pad_token_id` to `eos_token_id`:151645 for open-end generation.
Setting `pad_token_id` to `eos_token_id`:151645 for open-end generation.
Setting `pad_token_id` to `eos_token_id`:151645 for open-end generation.
Setting `pad_token_id` to `eos_token_id`:151645 for open-end generation.
Setting `pad_token_id` to `eos_token_id`:151645 for open-end generation.
Setting `pad_token_id` to `eos_token_id`:151645 for open-end generation.
Setting `pad_token_id` to `eos_token_id`:151645 for open-end generation.
Setting `pad_token_id` to `eos_token_id`:151645 for open-end generation.
Setting `pad_token_id` to `eos_token_id`:151645 for open-end generation.
Setting `pad_token_id` to `eos_token_id`:151645 for open-end generation.
Setting `pad_token_id` to `eos_token_id`:151645 for open-end generation.
Setting `pad_token_id` to `eos_token_id`:151645 for open-end generation.
Setting `pad_token_id` to `eos_token_id`:151645 for open-end generation.
Setting `pad_token_id` to `eos_token_id`:151645 for open-end generation.
Setting `pad_token_id` to `eos_token_id`:151645 for open-end generation.
  [17:34:57] 80/4463 =  1.8% · 0.22 bước/giây · còn ~339 phút
Setting `pad_token_id` to `eos_token_id`:151645 for open-end generation.
Setting `pad_token_id` to `eos_token_id`:151645 for open-end generation.
Setting `pad_token_id` to `eos_token_id`:151645 for open-end generation.
Setting `pad_token_id` to `eos_token_id`:151645 for open-end generation.
Setting `pad_token_id` to `eos_token_id`:151645 for open-end generation.
Setting `pad_token_id` to `eos_token_id`:151645 for open-end generation.
Setting `pad_token_id` to `eos_token_id`:151645 for open-end generation.
Setting `pad_token_id` to `eos_token_id`:151645 for open-end generation.
Setting `pad_token_id` to `eos_token_id`:151645 for open-end generation.
Setting `pad_token_id` to `eos_token_id`:151645 for open-end generation.
Setting `pad_token_id` to `eos_token_id`:151645 for open-end generation.
Setting `pad_token_id` to `eos_token_id`:151645 for open-end generation.
Setting `pad_token_id` to `eos_token_id`:151645 for open-end generation.
Setting `pad_token_id` to `eos_token_id`:151645 for open-end generation.
Setting `pad_token_id` to `eos_token_id`:151645 for open-end generation.
Setting `pad_token_id` to `eos_token_id`:151645 for open-end generation.
Setting `pad_token_id` to `eos_token_id`:151645 for open-end generation.
Setting `pad_token_id` to `eos_token_id`:151645 for open-end generation.
Setting `pad_token_id` to `eos_token_id`:151645 for open-end generation.
Setting `pad_token_id` to `eos_token_id`:151645 for open-end generation.
  [17:36:28] 100/4463 =  2.2% · 0.22 bước/giây · còn ~336 phút
Setting `pad_token_id` to `eos_token_id`:151645 for open-end generation.
Setting `pad_token_id` to `eos_token_id`:151645 for open-end generation.
Setting `pad_token_id` to `eos_token_id`:151645 for open-end generation.
Setting `pad_token_id` to `eos_token_id`:151645 for open-end generation.
Setting `pad_token_id` to `eos_token_id`:151645 for open-end generation.
Setting `pad_token_id` to `eos_token_id`:151645 for open-end generation.
Setting `pad_token_id` to `eos_token_id`:151645 for open-end generation.
Setting `pad_token_id` to `eos_token_id`:151645 for open-end generation.
Setting `pad_token_id` to `eos_token_id`:151645 for open-end generation.
Setting `pad_token_id` to `eos_token_id`:151645 for open-end generation.
Setting `pad_token_id` to `eos_token_id`:151645 for open-end generation.
Setting `pad_token_id` to `eos_token_id`:151645 for open-end generation.
Setting `pad_token_id` to `eos_token_id`:151645 for open-end generation.
Setting `pad_token_id` to `eos_token_id`:151645 for open-end generation.
Setting `pad_token_id` to `eos_token_id`:151645 for open-end generation.
Setting `pad_token_id` to `eos_token_id`:151645 for open-end generation.
Setting `pad_token_id` to `eos_token_id`:151645 for open-end generation.
Setting `pad_token_id` to `eos_token_id`:151645 for open-end generation.
Setting `pad_token_id` to `eos_token_id`:151645 for open-end generation.
Setting `pad_token_id` to `eos_token_id`:151645 for open-end generation.
  [17:37:59] 120/4463 =  2.7% · 0.22 bước/giây · còn ~334 phút
Setting `pad_token_id` to `eos_token_id`:151645 for open-end generation.
Setting `pad_token_id` to `eos_token_id`:151645 for open-end generation.
Setting `pad_token_id` to `eos_token_id`:151645 for open-end generation.
Setting `pad_token_id` to `eos_token_id`:151645 for open-end generation.
Setting `pad_token_id` to `eos_token_id`:151645 for open-end generation.
Setting `pad_token_id` to `eos_token_id`:151645 for open-end generation.
Setting `pad_token_id` to `eos_token_id`:151645 for open-end generation.
Setting `pad_token_id` to `eos_token_id`:151645 for open-end generation.
Setting `pad_token_id` to `eos_token_id`:151645 for open-end generation.
Setting `pad_token_id` to `eos_token_id`:151645 for open-end generation.
Setting `pad_token_id` to `eos_token_id`:151645 for open-end generation.
Setting `pad_token_id` to `eos_token_id`:151645 for open-end generation.
Setting `pad_token_id` to `eos_token_id`:151645 for open-end generation.
Setting `pad_token_id` to `eos_token_id`:151645 for open-end generation.
Setting `pad_token_id` to `eos_token_id`:151645 for open-end generation.
Setting `pad_token_id` to `eos_token_id`:151645 for open-end generation.
Setting `pad_token_id` to `eos_token_id`:151645 for open-end generation.
Setting `pad_token_id` to `eos_token_id`:151645 for open-end generation.
Setting `pad_token_id` to `eos_token_id`:151645 for open-end generation.
Setting `pad_token_id` to `eos_token_id`:151645 for open-end generation.
  [17:39:30] 140/4463 =  3.1% · 0.22 bước/giây · còn ~332 phút
Setting `pad_token_id` to `eos_token_id`:151645 for open-end generation.
Setting `pad_token_id` to `eos_token_id`:151645 for open-end generation.
Setting `pad_token_id` to `eos_token_id`:151645 for open-end generation.
Setting `pad_token_id` to `eos_token_id`:151645 for open-end generation.
Setting `pad_token_id` to `eos_token_id`:151645 for open-end generation.
Setting `pad_token_id` to `eos_token_id`:151645 for open-end generation.
Setting `pad_token_id` to `eos_token_id`:151645 for open-end generation.
Setting `pad_token_id` to `eos_token_id`:151645 for open-end generation.
Setting `pad_token_id` to `eos_token_id`:151645 for open-end generation.
Setting `pad_token_id` to `eos_token_id`:151645 for open-end generation.
Setting `pad_token_id` to `eos_token_id`:151645 for open-end generation.
Setting `pad_token_id` to `eos_token_id`:151645 for open-end generation.
Setting `pad_token_id` to `eos_token_id`:151645 for open-end generation.
Setting `pad_token_id` to `eos_token_id`:151645 for open-end generation.
Setting `pad_token_id` to `eos_token_id`:151645 for open-end generation.
Setting `pad_token_id` to `eos_token_id`:151645 for open-end generation.
Setting `pad_token_id` to `eos_token_id`:151645 for open-end generation.
Setting `pad_token_id` to `eos_token_id`:151645 for open-end generation.
Setting `pad_token_id` to `eos_token_id`:151645 for open-end generation.
Setting `pad_token_id` to `eos_token_id`:151645 for open-end generation.
  [17:41:01] 160/4463 =  3.6% · 0.22 bước/giây · còn ~330 phút
Setting `pad_token_id` to `eos_token_id`:151645 for open-end generation.
Setting `pad_token_id` to `eos_token_id`:151645 for open-end generation.
Setting `pad_token_id` to `eos_token_id`:151645 for open-end generation.
Setting `pad_token_id` to `eos_token_id`:151645 for open-end generation.
Setting `pad_token_id` to `eos_token_id`:151645 for open-end generation.
Setting `pad_token_id` to `eos_token_id`:151645 for open-end generation.
Setting `pad_token_id` to `eos_token_id`:151645 for open-end generation.
Setting `pad_token_id` to `eos_token_id`:151645 for open-end generation.
Setting `pad_token_id` to `eos_token_id`:151645 for open-end generation.
Setting `pad_token_id` to `eos_token_id`:151645 for open-end generation.
Setting `pad_token_id` to `eos_token_id`:151645 for open-end generation.
Setting `pad_token_id` to `eos_token_id`:151645 for open-end generation.
Setting `pad_token_id` to `eos_token_id`:151645 for open-end generation.
Setting `pad_token_id` to `eos_token_id`:151645 for open-end generation.
Setting `pad_token_id` to `eos_token_id`:151645 for open-end generation.
Setting `pad_token_id` to `eos_token_id`:151645 for open-end generation.
Setting `pad_token_id` to `eos_token_id`:151645 for open-end generation.
Setting `pad_token_id` to `eos_token_id`:151645 for open-end generation.
Setting `pad_token_id` to `eos_token_id`:151645 for open-end generation.
Setting `pad_token_id` to `eos_token_id`:151645 for open-end generation.
  [17:42:32] 180/4463 =  4.0% · 0.22 bước/giây · còn ~328 phút
Setting `pad_token_id` to `eos_token_id`:151645 for open-end generation.
Setting `pad_token_id` to `eos_token_id`:151645 for open-end generation.
Setting `pad_token_id` to `eos_token_id`:151645 for open-end generation.
Setting `pad_token_id` to `eos_token_id`:151645 for open-end generation.
Setting `pad_token_id` to `eos_token_id`:151645 for open-end generation.
Setting `pad_token_id` to `eos_token_id`:151645 for open-end generation.
Setting `pad_token_id` to `eos_token_id`:151645 for open-end generation.
Setting `pad_token_id` to `eos_token_id`:151645 for open-end generation.
Setting `pad_token_id` to `eos_token_id`:151645 for open-end generation.
Setting `pad_token_id` to `eos_token_id`:151645 for open-end generation.
Setting `pad_token_id` to `eos_token_id`:151645 for open-end generation.
Setting `pad_token_id` to `eos_token_id`:151645 for open-end generation.
Setting `pad_token_id` to `eos_token_id`:151645 for open-end generation.
Setting `pad_token_id` to `eos_token_id`:151645 for open-end generation.
Setting `pad_token_id` to `eos_token_id`:151645 for open-end generation.
Setting `pad_token_id` to `eos_token_id`:151645 for open-end generation.
Setting `pad_token_id` to `eos_token_id`:151645 for open-end generation.
Setting `pad_token_id` to `eos_token_id`:151645 for open-end generation.
Setting `pad_token_id` to `eos_token_id`:151645 for open-end generation.
Setting `pad_token_id` to `eos_token_id`:151645 for open-end generation.
  [17:44:04] 200/4463 =  4.5% · 0.22 bước/giây · còn ~326 phút
Setting `pad_token_id` to `eos_token_id`:151645 for open-end generation.
Setting `pad_token_id` to `eos_token_id`:151645 for open-end generation.
Setting `pad_token_id` to `eos_token_id`:151645 for open-end generation.
Setting `pad_token_id` to `eos_token_id`:151645 for open-end generation.
Setting `pad_token_id` to `eos_token_id`:151645 for open-end generation.
Setting `pad_token_id` to `eos_token_id`:151645 for open-end generation.
Setting `pad_token_id` to `eos_token_id`:151645 for open-end generation.
Setting `pad_token_id` to `eos_token_id`:151645 for open-end generation.
Setting `pad_token_id` to `eos_token_id`:151645 for open-end generation.
Setting `pad_token_id` to `eos_token_id`:151645 for open-end generation.
Setting `pad_token_id` to `eos_token_id`:151645 for open-end generation.
Setting `pad_token_id` to `eos_token_id`:151645 for open-end generation.
Setting `pad_token_id` to `eos_token_id`:151645 for open-end generation.
Setting `pad_token_id` to `eos_token_id`:151645 for open-end generation.
Setting `pad_token_id` to `eos_token_id`:151645 for open-end generation.
Setting `pad_token_id` to `eos_token_id`:151645 for open-end generation.
Setting `pad_token_id` to `eos_token_id`:151645 for open-end generation.
Setting `pad_token_id` to `eos_token_id`:151645 for open-end generation.
Setting `pad_token_id` to `eos_token_id`:151645 for open-end generation.
Setting `pad_token_id` to `eos_token_id`:151645 for open-end generation.
  [17:45:36] 220/4463 =  4.9% · 0.22 bước/giây · còn ~325 phút
Setting `pad_token_id` to `eos_token_id`:151645 for open-end generation.
Setting `pad_token_id` to `eos_token_id`:151645 for open-end generation.
Setting `pad_token_id` to `eos_token_id`:151645 for open-end generation.
Setting `pad_token_id` to `eos_token_id`:151645 for open-end generation.
Setting `pad_token_id` to `eos_token_id`:151645 for open-end generation.
Setting `pad_token_id` to `eos_token_id`:151645 for open-end generation.
Setting `pad_token_id` to `eos_token_id`:151645 for open-end generation.
Setting `pad_token_id` to `eos_token_id`:151645 for open-end generation.
Setting `pad_token_id` to `eos_token_id`:151645 for open-end generation.
Setting `pad_token_id` to `eos_token_id`:151645 for open-end generation.
Setting `pad_token_id` to `eos_token_id`:151645 for open-end generation.
Setting `pad_token_id` to `eos_token_id`:151645 for open-end generation.
Setting `pad_token_id` to `eos_token_id`:151645 for open-end generation.
Setting `pad_token_id` to `eos_token_id`:151645 for open-end generation.
Setting `pad_token_id` to `eos_token_id`:151645 for open-end generation.
Setting `pad_token_id` to `eos_token_id`:151645 for open-end generation.
Setting `pad_token_id` to `eos_token_id`:151645 for open-end generation.
Setting `pad_token_id` to `eos_token_id`:151645 for open-end generation.
Setting `pad_token_id` to `eos_token_id`:151645 for open-end generation.
Setting `pad_token_id` to `eos_token_id`:151645 for open-end generation.
  [17:47:07] 240/4463 =  5.4% · 0.22 bước/giây · còn ~323 phút
Setting `pad_token_id` to `eos_token_id`:151645 for open-end generation.
Setting `pad_token_id` to `eos_token_id`:151645 for open-end generation.
Setting `pad_token_id` to `eos_token_id`:151645 for open-end generation.
Setting `pad_token_id` to `eos_token_id`:151645 for open-end generation.
Setting `pad_token_id` to `eos_token_id`:151645 for open-end generation.
Setting `pad_token_id` to `eos_token_id`:151645 for open-end generation.
Setting `pad_token_id` to `eos_token_id`:151645 for open-end generation.
Setting `pad_token_id` to `eos_token_id`:151645 for open-end generation.
Setting `pad_token_id` to `eos_token_id`:151645 for open-end generation.
Setting `pad_token_id` to `eos_token_id`:151645 for open-end generation.
Setting `pad_token_id` to `eos_token_id`:151645 for open-end generation.
Setting `pad_token_id` to `eos_token_id`:151645 for open-end generation.
Setting `pad_token_id` to `eos_token_id`:151645 for open-end generation.
Setting `pad_token_id` to `eos_token_id`:151645 for open-end generation.
Setting `pad_token_id` to `eos_token_id`:151645 for open-end generation.
Setting `pad_token_id` to `eos_token_id`:151645 for open-end generation.
Setting `pad_token_id` to `eos_token_id`:151645 for open-end generation.
Setting `pad_token_id` to `eos_token_id`:151645 for open-end generation.
Setting `pad_token_id` to `eos_token_id`:151645 for open-end generation.
Setting `pad_token_id` to `eos_token_id`:151645 for open-end generation.
  [17:48:38] 260/4463 =  5.8% · 0.22 bước/giây · còn ~321 phút
Setting `pad_token_id` to `eos_token_id`:151645 for open-end generation.
Setting `pad_token_id` to `eos_token_id`:151645 for open-end generation.
Setting `pad_token_id` to `eos_token_id`:151645 for open-end generation.
Setting `pad_token_id` to `eos_token_id`:151645 for open-end generation.
Setting `pad_token_id` to `eos_token_id`:151645 for open-end generation.
Setting `pad_token_id` to `eos_token_id`:151645 for open-end generation.
Setting `pad_token_id` to `eos_token_id`:151645 for open-end generation.
Setting `pad_token_id` to `eos_token_id`:151645 for open-end generation.
Setting `pad_token_id` to `eos_token_id`:151645 for open-end generation.
Setting `pad_token_id` to `eos_token_id`:151645 for open-end generation.
Setting `pad_token_id` to `eos_token_id`:151645 for open-end generation.
Setting `pad_token_id` to `eos_token_id`:151645 for open-end generation.
Setting `pad_token_id` to `eos_token_id`:151645 for open-end generation.
Setting `pad_token_id` to `eos_token_id`:151645 for open-end generation.
Setting `pad_token_id` to `eos_token_id`:151645 for open-end generation.
Setting `pad_token_id` to `eos_token_id`:151645 for open-end generation.
Setting `pad_token_id` to `eos_token_id`:151645 for open-end generation.
Setting `pad_token_id` to `eos_token_id`:151645 for open-end generation.
Setting `pad_token_id` to `eos_token_id`:151645 for open-end generation.
Setting `pad_token_id` to `eos_token_id`:151645 for open-end generation.
  [17:50:09] 280/4463 =  6.3% · 0.22 bước/giây · còn ~320 phút
Setting `pad_token_id` to `eos_token_id`:151645 for open-end generation.
Setting `pad_token_id` to `eos_token_id`:151645 for open-end generation.
Setting `pad_token_id` to `eos_token_id`:151645 for open-end generation.
Setting `pad_token_id` to `eos_token_id`:151645 for open-end generation.
Setting `pad_token_id` to `eos_token_id`:151645 for open-end generation.
Setting `pad_token_id` to `eos_token_id`:151645 for open-end generation.
Setting `pad_token_id` to `eos_token_id`:151645 for open-end generation.
Setting `pad_token_id` to `eos_token_id`:151645 for open-end generation.
Setting `pad_token_id` to `eos_token_id`:151645 for open-end generation.
Setting `pad_token_id` to `eos_token_id`:151645 for open-end generation.
Setting `pad_token_id` to `eos_token_id`:151645 for open-end generation.
Setting `pad_token_id` to `eos_token_id`:151645 for open-end generation.
Setting `pad_token_id` to `eos_token_id`:151645 for open-end generation.
Setting `pad_token_id` to `eos_token_id`:151645 for open-end generation.
Setting `pad_token_id` to `eos_token_id`:151645 for open-end generation.
Setting `pad_token_id` to `eos_token_id`:151645 for open-end generation.
Setting `pad_token_id` to `eos_token_id`:151645 for open-end generation.
Setting `pad_token_id` to `eos_token_id`:151645 for open-end generation.
Setting `pad_token_id` to `eos_token_id`:151645 for open-end generation.
Setting `pad_token_id` to `eos_token_id`:151645 for open-end generation.
  [17:51:40] 300/4463 =  6.7% · 0.22 bước/giây · còn ~318 phút
Setting `pad_token_id` to `eos_token_id`:151645 for open-end generation.
Setting `pad_token_id` to `eos_token_id`:151645 for open-end generation.
Setting `pad_token_id` to `eos_token_id`:151645 for open-end generation.
Setting `pad_token_id` to `eos_token_id`:151645 for open-end generation.
Setting `pad_token_id` to `eos_token_id`:151645 for open-end generation.
Setting `pad_token_id` to `eos_token_id`:151645 for open-end generation.
Setting `pad_token_id` to `eos_token_id`:151645 for open-end generation.
Setting `pad_token_id` to `eos_token_id`:151645 for open-end generation.
Setting `pad_token_id` to `eos_token_id`:151645 for open-end generation.
Setting `pad_token_id` to `eos_token_id`:151645 for open-end generation.
Setting `pad_token_id` to `eos_token_id`:151645 for open-end generation.
Setting `pad_token_id` to `eos_token_id`:151645 for open-end generation.
Setting `pad_token_id` to `eos_token_id`:151645 for open-end generation.
Setting `pad_token_id` to `eos_token_id`:151645 for open-end generation.
Setting `pad_token_id` to `eos_token_id`:151645 for open-end generation.
Setting `pad_token_id` to `eos_token_id`:151645 for open-end generation.
Setting `pad_token_id` to `eos_token_id`:151645 for open-end generation.
Setting `pad_token_id` to `eos_token_id`:151645 for open-end generation.
Setting `pad_token_id` to `eos_token_id`:151645 for open-end generation.
Setting `pad_token_id` to `eos_token_id`:151645 for open-end generation.
  [17:53:12] 320/4463 =  7.2% · 0.22 bước/giây · còn ~316 phút
Setting `pad_token_id` to `eos_token_id`:151645 for open-end generation.
Setting `pad_token_id` to `eos_token_id`:151645 for open-end generation.
Setting `pad_token_id` to `eos_token_id`:151645 for open-end generation.
Setting `pad_token_id` to `eos_token_id`:151645 for open-end generation.
Setting `pad_token_id` to `eos_token_id`:151645 for open-end generation.
Setting `pad_token_id` to `eos_token_id`:151645 for open-end generation.
Setting `pad_token_id` to `eos_token_id`:151645 for open-end generation.
Setting `pad_token_id` to `eos_token_id`:151645 for open-end generation.
Setting `pad_token_id` to `eos_token_id`:151645 for open-end generation.
Setting `pad_token_id` to `eos_token_id`:151645 for open-end generation.
Setting `pad_token_id` to `eos_token_id`:151645 for open-end generation.
Setting `pad_token_id` to `eos_token_id`:151645 for open-end generation.
Setting `pad_token_id` to `eos_token_id`:151645 for open-end generation.
Setting `pad_token_id` to `eos_token_id`:151645 for open-end generation.
Setting `pad_token_id` to `eos_token_id`:151645 for open-end generation.
Setting `pad_token_id` to `eos_token_id`:151645 for open-end generation.
Setting `pad_token_id` to `eos_token_id`:151645 for open-end generation.
Setting `pad_token_id` to `eos_token_id`:151645 for open-end generation.
Setting `pad_token_id` to `eos_token_id`:151645 for open-end generation.
Setting `pad_token_id` to `eos_token_id`:151645 for open-end generation.
  [17:54:43] 340/4463 =  7.6% · 0.22 bước/giây · còn ~315 phút
Setting `pad_token_id` to `eos_token_id`:151645 for open-end generation.
Setting `pad_token_id` to `eos_token_id`:151645 for open-end generation.
Setting `pad_token_id` to `eos_token_id`:151645 for open-end generation.
Setting `pad_token_id` to `eos_token_id`:151645 for open-end generation.
Setting `pad_token_id` to `eos_token_id`:151645 for open-end generation.
Setting `pad_token_id` to `eos_token_id`:151645 for open-end generation.
Setting `pad_token_id` to `eos_token_id`:151645 for open-end generation.
Setting `pad_token_id` to `eos_token_id`:151645 for open-end generation.
Setting `pad_token_id` to `eos_token_id`:151645 for open-end generation.
Setting `pad_token_id` to `eos_token_id`:151645 for open-end generation.
Setting `pad_token_id` to `eos_token_id`:151645 for open-end generation.
Setting `pad_token_id` to `eos_token_id`:151645 for open-end generation.
Setting `pad_token_id` to `eos_token_id`:151645 for open-end generation.
Setting `pad_token_id` to `eos_token_id`:151645 for open-end generation.
Setting `pad_token_id` to `eos_token_id`:151645 for open-end generation.
Setting `pad_token_id` to `eos_token_id`:151645 for open-end generation.
Setting `pad_token_id` to `eos_token_id`:151645 for open-end generation.
Setting `pad_token_id` to `eos_token_id`:151645 for open-end generation.
Setting `pad_token_id` to `eos_token_id`:151645 for open-end generation.
Setting `pad_token_id` to `eos_token_id`:151645 for open-end generation.
  [17:56:15] 360/4463 =  8.1% · 0.22 bước/giây · còn ~313 phút
Setting `pad_token_id` to `eos_token_id`:151645 for open-end generation.
Setting `pad_token_id` to `eos_token_id`:151645 for open-end generation.
Setting `pad_token_id` to `eos_token_id`:151645 for open-end generation.
Setting `pad_token_id` to `eos_token_id`:151645 for open-end generation.
Setting `pad_token_id` to `eos_token_id`:151645 for open-end generation.
Setting `pad_token_id` to `eos_token_id`:151645 for open-end generation.
Setting `pad_token_id` to `eos_token_id`:151645 for open-end generation.
Setting `pad_token_id` to `eos_token_id`:151645 for open-end generation.
Setting `pad_token_id` to `eos_token_id`:151645 for open-end generation.
Setting `pad_token_id` to `eos_token_id`:151645 for open-end generation.
Setting `pad_token_id` to `eos_token_id`:151645 for open-end generation.
Setting `pad_token_id` to `eos_token_id`:151645 for open-end generation.
Setting `pad_token_id` to `eos_token_id`:151645 for open-end generation.
Setting `pad_token_id` to `eos_token_id`:151645 for open-end generation.
Setting `pad_token_id` to `eos_token_id`:151645 for open-end generation.
Setting `pad_token_id` to `eos_token_id`:151645 for open-end generation.
Setting `pad_token_id` to `eos_token_id`:151645 for open-end generation.
Setting `pad_token_id` to `eos_token_id`:151645 for open-end generation.
Setting `pad_token_id` to `eos_token_id`:151645 for open-end generation.
Setting `pad_token_id` to `eos_token_id`:151645 for open-end generation.
  [17:57:46] 380/4463 =  8.5% · 0.22 bước/giây · còn ~312 phút
Setting `pad_token_id` to `eos_token_id`:151645 for open-end generation.
Setting `pad_token_id` to `eos_token_id`:151645 for open-end generation.
Setting `pad_token_id` to `eos_token_id`:151645 for open-end generation.
Setting `pad_token_id` to `eos_token_id`:151645 for open-end generation.
Setting `pad_token_id` to `eos_token_id`:151645 for open-end generation.
Setting `pad_token_id` to `eos_token_id`:151645 for open-end generation.
Setting `pad_token_id` to `eos_token_id`:151645 for open-end generation.
Setting `pad_token_id` to `eos_token_id`:151645 for open-end generation.
Setting `pad_token_id` to `eos_token_id`:151645 for open-end generation.
Setting `pad_token_id` to `eos_token_id`:151645 for open-end generation.
Setting `pad_token_id` to `eos_token_id`:151645 for open-end generation.
Setting `pad_token_id` to `eos_token_id`:151645 for open-end generation.
Setting `pad_token_id` to `eos_token_id`:151645 for open-end generation.
Setting `pad_token_id` to `eos_token_id`:151645 for open-end generation.
Setting `pad_token_id` to `eos_token_id`:151645 for open-end generation.
Setting `pad_token_id` to `eos_token_id`:151645 for open-end generation.
Setting `pad_token_id` to `eos_token_id`:151645 for open-end generation.
Setting `pad_token_id` to `eos_token_id`:151645 for open-end generation.
Setting `pad_token_id` to `eos_token_id`:151645 for open-end generation.
Setting `pad_token_id` to `eos_token_id`:151645 for open-end generation.
  [17:59:17] 400/4463 =  9.0% · 0.22 bước/giây · còn ~310 phút
Setting `pad_token_id` to `eos_token_id`:151645 for open-end generation.
Setting `pad_token_id` to `eos_token_id`:151645 for open-end generation.
Setting `pad_token_id` to `eos_token_id`:151645 for open-end generation.
Setting `pad_token_id` to `eos_token_id`:151645 for open-end generation.
Setting `pad_token_id` to `eos_token_id`:151645 for open-end generation.
Setting `pad_token_id` to `eos_token_id`:151645 for open-end generation.
Setting `pad_token_id` to `eos_token_id`:151645 for open-end generation.
Setting `pad_token_id` to `eos_token_id`:151645 for open-end generation.
Setting `pad_token_id` to `eos_token_id`:151645 for open-end generation.
Setting `pad_token_id` to `eos_token_id`:151645 for open-end generation.
Setting `pad_token_id` to `eos_token_id`:151645 for open-end generation.
Setting `pad_token_id` to `eos_token_id`:151645 for open-end generation.
Setting `pad_token_id` to `eos_token_id`:151645 for open-end generation.
Setting `pad_token_id` to `eos_token_id`:151645 for open-end generation.
Setting `pad_token_id` to `eos_token_id`:151645 for open-end generation.
Setting `pad_token_id` to `eos_token_id`:151645 for open-end generation.
Setting `pad_token_id` to `eos_token_id`:151645 for open-end generation.
Setting `pad_token_id` to `eos_token_id`:151645 for open-end generation.
Setting `pad_token_id` to `eos_token_id`:151645 for open-end generation.
Setting `pad_token_id` to `eos_token_id`:151645 for open-end generation.
  [18:00:49] 420/4463 =  9.4% · 0.22 bước/giây · còn ~309 phút
Setting `pad_token_id` to `eos_token_id`:151645 for open-end generation.
Setting `pad_token_id` to `eos_token_id`:151645 for open-end generation.
Setting `pad_token_id` to `eos_token_id`:151645 for open-end generation.
Setting `pad_token_id` to `eos_token_id`:151645 for open-end generation.
Setting `pad_token_id` to `eos_token_id`:151645 for open-end generation.
Setting `pad_token_id` to `eos_token_id`:151645 for open-end generation.
Setting `pad_token_id` to `eos_token_id`:151645 for open-end generation.
Setting `pad_token_id` to `eos_token_id`:151645 for open-end generation.
Setting `pad_token_id` to `eos_token_id`:151645 for open-end generation.
Setting `pad_token_id` to `eos_token_id`:151645 for open-end generation.
Setting `pad_token_id` to `eos_token_id`:151645 for open-end generation.
Setting `pad_token_id` to `eos_token_id`:151645 for open-end generation.
Setting `pad_token_id` to `eos_token_id`:151645 for open-end generation.
Setting `pad_token_id` to `eos_token_id`:151645 for open-end generation.
Setting `pad_token_id` to `eos_token_id`:151645 for open-end generation.
Setting `pad_token_id` to `eos_token_id`:151645 for open-end generation.
Setting `pad_token_id` to `eos_token_id`:151645 for open-end generation.
Setting `pad_token_id` to `eos_token_id`:151645 for open-end generation.
Setting `pad_token_id` to `eos_token_id`:151645 for open-end generation.
Setting `pad_token_id` to `eos_token_id`:151645 for open-end generation.
  [18:02:20] 440/4463 =  9.9% · 0.22 bước/giây · còn ~307 phút
Setting `pad_token_id` to `eos_token_id`:151645 for open-end generation.
Setting `pad_token_id` to `eos_token_id`:151645 for open-end generation.
Setting `pad_token_id` to `eos_token_id`:151645 for open-end generation.
Setting `pad_token_id` to `eos_token_id`:151645 for open-end generation.
Setting `pad_token_id` to `eos_token_id`:151645 for open-end generation.
Setting `pad_token_id` to `eos_token_id`:151645 for open-end generation.
Setting `pad_token_id` to `eos_token_id`:151645 for open-end generation.
Setting `pad_token_id` to `eos_token_id`:151645 for open-end generation.
Setting `pad_token_id` to `eos_token_id`:151645 for open-end generation.
Setting `pad_token_id` to `eos_token_id`:151645 for open-end generation.
Setting `pad_token_id` to `eos_token_id`:151645 for open-end generation.
Setting `pad_token_id` to `eos_token_id`:151645 for open-end generation.
Setting `pad_token_id` to `eos_token_id`:151645 for open-end generation.
Setting `pad_token_id` to `eos_token_id`:151645 for open-end generation.
Setting `pad_token_id` to `eos_token_id`:151645 for open-end generation.
Setting `pad_token_id` to `eos_token_id`:151645 for open-end generation.
Setting `pad_token_id` to `eos_token_id`:151645 for open-end generation.
Setting `pad_token_id` to `eos_token_id`:151645 for open-end generation.
Setting `pad_token_id` to `eos_token_id`:151645 for open-end generation.
Setting `pad_token_id` to `eos_token_id`:151645 for open-end generation.
  [18:03:52] 460/4463 = 10.3% · 0.22 bước/giây · còn ~305 phút
Setting `pad_token_id` to `eos_token_id`:151645 for open-end generation.
Setting `pad_token_id` to `eos_token_id`:151645 for open-end generation.
Setting `pad_token_id` to `eos_token_id`:151645 for open-end generation.
Setting `pad_token_id` to `eos_token_id`:151645 for open-end generation.
Setting `pad_token_id` to `eos_token_id`:151645 for open-end generation.
Setting `pad_token_id` to `eos_token_id`:151645 for open-end generation.
Setting `pad_token_id` to `eos_token_id`:151645 for open-end generation.
Setting `pad_token_id` to `eos_token_id`:151645 for open-end generation.
Setting `pad_token_id` to `eos_token_id`:151645 for open-end generation.
Setting `pad_token_id` to `eos_token_id`:151645 for open-end generation.
Setting `pad_token_id` to `eos_token_id`:151645 for open-end generation.
Setting `pad_token_id` to `eos_token_id`:151645 for open-end generation.
Setting `pad_token_id` to `eos_token_id`:151645 for open-end generation.
Setting `pad_token_id` to `eos_token_id`:151645 for open-end generation.
Setting `pad_token_id` to `eos_token_id`:151645 for open-end generation.
Setting `pad_token_id` to `eos_token_id`:151645 for open-end generation.
Setting `pad_token_id` to `eos_token_id`:151645 for open-end generation.
Setting `pad_token_id` to `eos_token_id`:151645 for open-end generation.
Setting `pad_token_id` to `eos_token_id`:151645 for open-end generation.
Setting `pad_token_id` to `eos_token_id`:151645 for open-end generation.
  [18:05:23] 480/4463 = 10.8% · 0.22 bước/giây · còn ~304 phút
Setting `pad_token_id` to `eos_token_id`:151645 for open-end generation.
Setting `pad_token_id` to `eos_token_id`:151645 for open-end generation.
Setting `pad_token_id` to `eos_token_id`:151645 for open-end generation.
Setting `pad_token_id` to `eos_token_id`:151645 for open-end generation.
Setting `pad_token_id` to `eos_token_id`:151645 for open-end generation.
Setting `pad_token_id` to `eos_token_id`:151645 for open-end generation.
Setting `pad_token_id` to `eos_token_id`:151645 for open-end generation.
Setting `pad_token_id` to `eos_token_id`:151645 for open-end generation.
Setting `pad_token_id` to `eos_token_id`:151645 for open-end generation.
Setting `pad_token_id` to `eos_token_id`:151645 for open-end generation.
Setting `pad_token_id` to `eos_token_id`:151645 for open-end generation.
Setting `pad_token_id` to `eos_token_id`:151645 for open-end generation.
Setting `pad_token_id` to `eos_token_id`:151645 for open-end generation.
Setting `pad_token_id` to `eos_token_id`:151645 for open-end generation.
Setting `pad_token_id` to `eos_token_id`:151645 for open-end generation.
Setting `pad_token_id` to `eos_token_id`:151645 for open-end generation.
Setting `pad_token_id` to `eos_token_id`:151645 for open-end generation.
Setting `pad_token_id` to `eos_token_id`:151645 for open-end generation.
Setting `pad_token_id` to `eos_token_id`:151645 for open-end generation.
Setting `pad_token_id` to `eos_token_id`:151645 for open-end generation.
  [18:06:54] 500/4463 = 11.2% · 0.22 bước/giây · còn ~302 phút
Setting `pad_token_id` to `eos_token_id`:151645 for open-end generation.
Setting `pad_token_id` to `eos_token_id`:151645 for open-end generation.
Setting `pad_token_id` to `eos_token_id`:151645 for open-end generation.
Setting `pad_token_id` to `eos_token_id`:151645 for open-end generation.
Setting `pad_token_id` to `eos_token_id`:151645 for open-end generation.
Setting `pad_token_id` to `eos_token_id`:151645 for open-end generation.
Setting `pad_token_id` to `eos_token_id`:151645 for open-end generation.
Setting `pad_token_id` to `eos_token_id`:151645 for open-end generation.
Setting `pad_token_id` to `eos_token_id`:151645 for open-end generation.
Setting `pad_token_id` to `eos_token_id`:151645 for open-end generation.
Setting `pad_token_id` to `eos_token_id`:151645 for open-end generation.
Setting `pad_token_id` to `eos_token_id`:151645 for open-end generation.
Setting `pad_token_id` to `eos_token_id`:151645 for open-end generation.
Setting `pad_token_id` to `eos_token_id`:151645 for open-end generation.
Setting `pad_token_id` to `eos_token_id`:151645 for open-end generation.
Setting `pad_token_id` to `eos_token_id`:151645 for open-end generation.
Setting `pad_token_id` to `eos_token_id`:151645 for open-end generation.
Setting `pad_token_id` to `eos_token_id`:151645 for open-end generation.
Setting `pad_token_id` to `eos_token_id`:151645 for open-end generation.
Setting `pad_token_id` to `eos_token_id`:151645 for open-end generation.
  [18:08:26] 520/4463 = 11.7% · 0.22 bước/giây · còn ~301 phút
Setting `pad_token_id` to `eos_token_id`:151645 for open-end generation.
Setting `pad_token_id` to `eos_token_id`:151645 for open-end generation.
Setting `pad_token_id` to `eos_token_id`:151645 for open-end generation.
Setting `pad_token_id` to `eos_token_id`:151645 for open-end generation.
Setting `pad_token_id` to `eos_token_id`:151645 for open-end generation.
Setting `pad_token_id` to `eos_token_id`:151645 for open-end generation.
Setting `pad_token_id` to `eos_token_id`:151645 for open-end generation.
Setting `pad_token_id` to `eos_token_id`:151645 for open-end generation.
Setting `pad_token_id` to `eos_token_id`:151645 for open-end generation.
Setting `pad_token_id` to `eos_token_id`:151645 for open-end generation.
Setting `pad_token_id` to `eos_token_id`:151645 for open-end generation.
Setting `pad_token_id` to `eos_token_id`:151645 for open-end generation.
Setting `pad_token_id` to `eos_token_id`:151645 for open-end generation.
Setting `pad_token_id` to `eos_token_id`:151645 for open-end generation.
Setting `pad_token_id` to `eos_token_id`:151645 for open-end generation.
Setting `pad_token_id` to `eos_token_id`:151645 for open-end generation.
Setting `pad_token_id` to `eos_token_id`:151645 for open-end generation.
Setting `pad_token_id` to `eos_token_id`:151645 for open-end generation.
Setting `pad_token_id` to `eos_token_id`:151645 for open-end generation.
Setting `pad_token_id` to `eos_token_id`:151645 for open-end generation.
  [18:09:57] 540/4463 = 12.1% · 0.22 bước/giây · còn ~299 phút
Setting `pad_token_id` to `eos_token_id`:151645 for open-end generation.
Setting `pad_token_id` to `eos_token_id`:151645 for open-end generation.
Setting `pad_token_id` to `eos_token_id`:151645 for open-end generation.
Setting `pad_token_id` to `eos_token_id`:151645 for open-end generation.
Setting `pad_token_id` to `eos_token_id`:151645 for open-end generation.
Setting `pad_token_id` to `eos_token_id`:151645 for open-end generation.
Setting `pad_token_id` to `eos_token_id`:151645 for open-end generation.
Setting `pad_token_id` to `eos_token_id`:151645 for open-end generation.
Setting `pad_token_id` to `eos_token_id`:151645 for open-end generation.
Setting `pad_token_id` to `eos_token_id`:151645 for open-end generation.
Setting `pad_token_id` to `eos_token_id`:151645 for open-end generation.
Setting `pad_token_id` to `eos_token_id`:151645 for open-end generation.
Setting `pad_token_id` to `eos_token_id`:151645 for open-end generation.
Setting `pad_token_id` to `eos_token_id`:151645 for open-end generation.
Setting `pad_token_id` to `eos_token_id`:151645 for open-end generation.
Setting `pad_token_id` to `eos_token_id`:151645 for open-end generation.
Setting `pad_token_id` to `eos_token_id`:151645 for open-end generation.
Setting `pad_token_id` to `eos_token_id`:151645 for open-end generation.
Setting `pad_token_id` to `eos_token_id`:151645 for open-end generation.
  [18:11:24] 560/4463 = 12.5% · 0.22 bước/giây · còn ~297 phút
Setting `pad_token_id` to `eos_token_id`:151645 for open-end generation.
Setting `pad_token_id` to `eos_token_id`:151645 for open-end generation.
Setting `pad_token_id` to `eos_token_id`:151645 for open-end generation.
Setting `pad_token_id` to `eos_token_id`:151645 for open-end generation.
Setting `pad_token_id` to `eos_token_id`:151645 for open-end generation.
Setting `pad_token_id` to `eos_token_id`:151645 for open-end generation.
Setting `pad_token_id` to `eos_token_id`:151645 for open-end generation.
Setting `pad_token_id` to `eos_token_id`:151645 for open-end generation.
Setting `pad_token_id` to `eos_token_id`:151645 for open-end generation.
Setting `pad_token_id` to `eos_token_id`:151645 for open-end generation.
Setting `pad_token_id` to `eos_token_id`:151645 for open-end generation.
Setting `pad_token_id` to `eos_token_id`:151645 for open-end generation.
Setting `pad_token_id` to `eos_token_id`:151645 for open-end generation.
Setting `pad_token_id` to `eos_token_id`:151645 for open-end generation.
Setting `pad_token_id` to `eos_token_id`:151645 for open-end generation.
Setting `pad_token_id` to `eos_token_id`:151645 for open-end generation.
Setting `pad_token_id` to `eos_token_id`:151645 for open-end generation.
Setting `pad_token_id` to `eos_token_id`:151645 for open-end generation.
Setting `pad_token_id` to `eos_token_id`:151645 for open-end generation.
Setting `pad_token_id` to `eos_token_id`:151645 for open-end generation.
  [18:12:56] 580/4463 = 13.0% · 0.22 bước/giây · còn ~296 phút
Setting `pad_token_id` to `eos_token_id`:151645 for open-end generation.
Setting `pad_token_id` to `eos_token_id`:151645 for open-end generation.
Setting `pad_token_id` to `eos_token_id`:151645 for open-end generation.
Setting `pad_token_id` to `eos_token_id`:151645 for open-end generation.
Setting `pad_token_id` to `eos_token_id`:151645 for open-end generation.
Setting `pad_token_id` to `eos_token_id`:151645 for open-end generation.
Setting `pad_token_id` to `eos_token_id`:151645 for open-end generation.
Setting `pad_token_id` to `eos_token_id`:151645 for open-end generation.
Setting `pad_token_id` to `eos_token_id`:151645 for open-end generation.
Setting `pad_token_id` to `eos_token_id`:151645 for open-end generation.
Setting `pad_token_id` to `eos_token_id`:151645 for open-end generation.
Setting `pad_token_id` to `eos_token_id`:151645 for open-end generation.
Setting `pad_token_id` to `eos_token_id`:151645 for open-end generation.
Setting `pad_token_id` to `eos_token_id`:151645 for open-end generation.
Setting `pad_token_id` to `eos_token_id`:151645 for open-end generation.
Setting `pad_token_id` to `eos_token_id`:151645 for open-end generation.
Setting `pad_token_id` to `eos_token_id`:151645 for open-end generation.
Setting `pad_token_id` to `eos_token_id`:151645 for open-end generation.
Setting `pad_token_id` to `eos_token_id`:151645 for open-end generation.
Setting `pad_token_id` to `eos_token_id`:151645 for open-end generation.
  [18:14:26] 600/4463 = 13.4% · 0.22 bước/giây · còn ~294 phút
Setting `pad_token_id` to `eos_token_id`:151645 for open-end generation.
Setting `pad_token_id` to `eos_token_id`:151645 for open-end generation.
Setting `pad_token_id` to `eos_token_id`:151645 for open-end generation.
Setting `pad_token_id` to `eos_token_id`:151645 for open-end generation.
Setting `pad_token_id` to `eos_token_id`:151645 for open-end generation.
Setting `pad_token_id` to `eos_token_id`:151645 for open-end generation.
Setting `pad_token_id` to `eos_token_id`:151645 for open-end generation.
Setting `pad_token_id` to `eos_token_id`:151645 for open-end generation.
Setting `pad_token_id` to `eos_token_id`:151645 for open-end generation.
Setting `pad_token_id` to `eos_token_id`:151645 for open-end generation.
Setting `pad_token_id` to `eos_token_id`:151645 for open-end generation.
Setting `pad_token_id` to `eos_token_id`:151645 for open-end generation.
Setting `pad_token_id` to `eos_token_id`:151645 for open-end generation.
Setting `pad_token_id` to `eos_token_id`:151645 for open-end generation.
Setting `pad_token_id` to `eos_token_id`:151645 for open-end generation.
Setting `pad_token_id` to `eos_token_id`:151645 for open-end generation.
Setting `pad_token_id` to `eos_token_id`:151645 for open-end generation.
Setting `pad_token_id` to `eos_token_id`:151645 for open-end generation.
Setting `pad_token_id` to `eos_token_id`:151645 for open-end generation.
Setting `pad_token_id` to `eos_token_id`:151645 for open-end generation.
  [18:15:58] 620/4463 = 13.9% · 0.22 bước/giây · còn ~293 phút
Setting `pad_token_id` to `eos_token_id`:151645 for open-end generation.
Setting `pad_token_id` to `eos_token_id`:151645 for open-end generation.
Setting `pad_token_id` to `eos_token_id`:151645 for open-end generation.
Setting `pad_token_id` to `eos_token_id`:151645 for open-end generation.
Setting `pad_token_id` to `eos_token_id`:151645 for open-end generation.
Setting `pad_token_id` to `eos_token_id`:151645 for open-end generation.
Setting `pad_token_id` to `eos_token_id`:151645 for open-end generation.
Setting `pad_token_id` to `eos_token_id`:151645 for open-end generation.
Setting `pad_token_id` to `eos_token_id`:151645 for open-end generation.
Setting `pad_token_id` to `eos_token_id`:151645 for open-end generation.
Setting `pad_token_id` to `eos_token_id`:151645 for open-end generation.
Setting `pad_token_id` to `eos_token_id`:151645 for open-end generation.
Setting `pad_token_id` to `eos_token_id`:151645 for open-end generation.
Setting `pad_token_id` to `eos_token_id`:151645 for open-end generation.
Setting `pad_token_id` to `eos_token_id`:151645 for open-end generation.
Setting `pad_token_id` to `eos_token_id`:151645 for open-end generation.
Setting `pad_token_id` to `eos_token_id`:151645 for open-end generation.
Setting `pad_token_id` to `eos_token_id`:151645 for open-end generation.
Setting `pad_token_id` to `eos_token_id`:151645 for open-end generation.
Setting `pad_token_id` to `eos_token_id`:151645 for open-end generation.
  [18:17:29] 640/4463 = 14.3% · 0.22 bước/giây · còn ~291 phút
Setting `pad_token_id` to `eos_token_id`:151645 for open-end generation.
Setting `pad_token_id` to `eos_token_id`:151645 for open-end generation.
Setting `pad_token_id` to `eos_token_id`:151645 for open-end generation.
Setting `pad_token_id` to `eos_token_id`:151645 for open-end generation.
Setting `pad_token_id` to `eos_token_id`:151645 for open-end generation.
Setting `pad_token_id` to `eos_token_id`:151645 for open-end generation.
Setting `pad_token_id` to `eos_token_id`:151645 for open-end generation.
Setting `pad_token_id` to `eos_token_id`:151645 for open-end generation.
Setting `pad_token_id` to `eos_token_id`:151645 for open-end generation.
Setting `pad_token_id` to `eos_token_id`:151645 for open-end generation.
Setting `pad_token_id` to `eos_token_id`:151645 for open-end generation.
Setting `pad_token_id` to `eos_token_id`:151645 for open-end generation.
Setting `pad_token_id` to `eos_token_id`:151645 for open-end generation.
Setting `pad_token_id` to `eos_token_id`:151645 for open-end generation.
Setting `pad_token_id` to `eos_token_id`:151645 for open-end generation.
Setting `pad_token_id` to `eos_token_id`:151645 for open-end generation.
Setting `pad_token_id` to `eos_token_id`:151645 for open-end generation.
Setting `pad_token_id` to `eos_token_id`:151645 for open-end generation.
Setting `pad_token_id` to `eos_token_id`:151645 for open-end generation.
Setting `pad_token_id` to `eos_token_id`:151645 for open-end generation.
  [18:19:00] 660/4463 = 14.8% · 0.22 bước/giây · còn ~289 phút
Setting `pad_token_id` to `eos_token_id`:151645 for open-end generation.
Setting `pad_token_id` to `eos_token_id`:151645 for open-end generation.
Setting `pad_token_id` to `eos_token_id`:151645 for open-end generation.
Setting `pad_token_id` to `eos_token_id`:151645 for open-end generation.
Setting `pad_token_id` to `eos_token_id`:151645 for open-end generation.
Setting `pad_token_id` to `eos_token_id`:151645 for open-end generation.
Setting `pad_token_id` to `eos_token_id`:151645 for open-end generation.
Setting `pad_token_id` to `eos_token_id`:151645 for open-end generation.
Setting `pad_token_id` to `eos_token_id`:151645 for open-end generation.
Setting `pad_token_id` to `eos_token_id`:151645 for open-end generation.
Setting `pad_token_id` to `eos_token_id`:151645 for open-end generation.
Setting `pad_token_id` to `eos_token_id`:151645 for open-end generation.
Setting `pad_token_id` to `eos_token_id`:151645 for open-end generation.
Setting `pad_token_id` to `eos_token_id`:151645 for open-end generation.
Setting `pad_token_id` to `eos_token_id`:151645 for open-end generation.
Setting `pad_token_id` to `eos_token_id`:151645 for open-end generation.
Setting `pad_token_id` to `eos_token_id`:151645 for open-end generation.
Setting `pad_token_id` to `eos_token_id`:151645 for open-end generation.
Setting `pad_token_id` to `eos_token_id`:151645 for open-end generation.
Setting `pad_token_id` to `eos_token_id`:151645 for open-end generation.
  [18:20:30] 680/4463 = 15.2% · 0.22 bước/giây · còn ~288 phút
Setting `pad_token_id` to `eos_token_id`:151645 for open-end generation.
Setting `pad_token_id` to `eos_token_id`:151645 for open-end generation.
Setting `pad_token_id` to `eos_token_id`:151645 for open-end generation.
Setting `pad_token_id` to `eos_token_id`:151645 for open-end generation.
Setting `pad_token_id` to `eos_token_id`:151645 for open-end generation.
Setting `pad_token_id` to `eos_token_id`:151645 for open-end generation.
Setting `pad_token_id` to `eos_token_id`:151645 for open-end generation.
Setting `pad_token_id` to `eos_token_id`:151645 for open-end generation.
Setting `pad_token_id` to `eos_token_id`:151645 for open-end generation.
Setting `pad_token_id` to `eos_token_id`:151645 for open-end generation.
Setting `pad_token_id` to `eos_token_id`:151645 for open-end generation.
Setting `pad_token_id` to `eos_token_id`:151645 for open-end generation.
Setting `pad_token_id` to `eos_token_id`:151645 for open-end generation.
Setting `pad_token_id` to `eos_token_id`:151645 for open-end generation.
Setting `pad_token_id` to `eos_token_id`:151645 for open-end generation.
Setting `pad_token_id` to `eos_token_id`:151645 for open-end generation.
Setting `pad_token_id` to `eos_token_id`:151645 for open-end generation.
Setting `pad_token_id` to `eos_token_id`:151645 for open-end generation.
Setting `pad_token_id` to `eos_token_id`:151645 for open-end generation.
Setting `pad_token_id` to `eos_token_id`:151645 for open-end generation.
  [18:22:00] 700/4463 = 15.7% · 0.22 bước/giây · còn ~286 phút
Setting `pad_token_id` to `eos_token_id`:151645 for open-end generation.
Setting `pad_token_id` to `eos_token_id`:151645 for open-end generation.
Setting `pad_token_id` to `eos_token_id`:151645 for open-end generation.
Setting `pad_token_id` to `eos_token_id`:151645 for open-end generation.
Setting `pad_token_id` to `eos_token_id`:151645 for open-end generation.
Setting `pad_token_id` to `eos_token_id`:151645 for open-end generation.
Setting `pad_token_id` to `eos_token_id`:151645 for open-end generation.
Setting `pad_token_id` to `eos_token_id`:151645 for open-end generation.
Setting `pad_token_id` to `eos_token_id`:151645 for open-end generation.
Setting `pad_token_id` to `eos_token_id`:151645 for open-end generation.
Setting `pad_token_id` to `eos_token_id`:151645 for open-end generation.
Setting `pad_token_id` to `eos_token_id`:151645 for open-end generation.
Setting `pad_token_id` to `eos_token_id`:151645 for open-end generation.
Setting `pad_token_id` to `eos_token_id`:151645 for open-end generation.
Setting `pad_token_id` to `eos_token_id`:151645 for open-end generation.
Setting `pad_token_id` to `eos_token_id`:151645 for open-end generation.
Setting `pad_token_id` to `eos_token_id`:151645 for open-end generation.
Setting `pad_token_id` to `eos_token_id`:151645 for open-end generation.
Setting `pad_token_id` to `eos_token_id`:151645 for open-end generation.
Setting `pad_token_id` to `eos_token_id`:151645 for open-end generation.
  [18:23:31] 720/4463 = 16.1% · 0.22 bước/giây · còn ~285 phút
Setting `pad_token_id` to `eos_token_id`:151645 for open-end generation.
Setting `pad_token_id` to `eos_token_id`:151645 for open-end generation.
Setting `pad_token_id` to `eos_token_id`:151645 for open-end generation.
Setting `pad_token_id` to `eos_token_id`:151645 for open-end generation.
Setting `pad_token_id` to `eos_token_id`:151645 for open-end generation.
Setting `pad_token_id` to `eos_token_id`:151645 for open-end generation.
Setting `pad_token_id` to `eos_token_id`:151645 for open-end generation.
Setting `pad_token_id` to `eos_token_id`:151645 for open-end generation.
Setting `pad_token_id` to `eos_token_id`:151645 for open-end generation.
Setting `pad_token_id` to `eos_token_id`:151645 for open-end generation.
Setting `pad_token_id` to `eos_token_id`:151645 for open-end generation.
Setting `pad_token_id` to `eos_token_id`:151645 for open-end generation.
Setting `pad_token_id` to `eos_token_id`:151645 for open-end generation.
Setting `pad_token_id` to `eos_token_id`:151645 for open-end generation.
Setting `pad_token_id` to `eos_token_id`:151645 for open-end generation.
Setting `pad_token_id` to `eos_token_id`:151645 for open-end generation.
Setting `pad_token_id` to `eos_token_id`:151645 for open-end generation.
Setting `pad_token_id` to `eos_token_id`:151645 for open-end generation.
Setting `pad_token_id` to `eos_token_id`:151645 for open-end generation.
Setting `pad_token_id` to `eos_token_id`:151645 for open-end generation.
  [18:25:02] 740/4463 = 16.6% · 0.22 bước/giây · còn ~283 phút
Setting `pad_token_id` to `eos_token_id`:151645 for open-end generation.
Setting `pad_token_id` to `eos_token_id`:151645 for open-end generation.
Setting `pad_token_id` to `eos_token_id`:151645 for open-end generation.
Setting `pad_token_id` to `eos_token_id`:151645 for open-end generation.
Setting `pad_token_id` to `eos_token_id`:151645 for open-end generation.
Setting `pad_token_id` to `eos_token_id`:151645 for open-end generation.
Setting `pad_token_id` to `eos_token_id`:151645 for open-end generation.
Setting `pad_token_id` to `eos_token_id`:151645 for open-end generation.
Setting `pad_token_id` to `eos_token_id`:151645 for open-end generation.
Setting `pad_token_id` to `eos_token_id`:151645 for open-end generation.
Setting `pad_token_id` to `eos_token_id`:151645 for open-end generation.
Setting `pad_token_id` to `eos_token_id`:151645 for open-end generation.
Setting `pad_token_id` to `eos_token_id`:151645 for open-end generation.
Setting `pad_token_id` to `eos_token_id`:151645 for open-end generation.
Setting `pad_token_id` to `eos_token_id`:151645 for open-end generation.
Setting `pad_token_id` to `eos_token_id`:151645 for open-end generation.
Setting `pad_token_id` to `eos_token_id`:151645 for open-end generation.
Setting `pad_token_id` to `eos_token_id`:151645 for open-end generation.
Setting `pad_token_id` to `eos_token_id`:151645 for open-end generation.
Setting `pad_token_id` to `eos_token_id`:151645 for open-end generation.
  [18:26:34] 760/4463 = 17.0% · 0.22 bước/giây · còn ~282 phút
Setting `pad_token_id` to `eos_token_id`:151645 for open-end generation.
Setting `pad_token_id` to `eos_token_id`:151645 for open-end generation.
Setting `pad_token_id` to `eos_token_id`:151645 for open-end generation.
Setting `pad_token_id` to `eos_token_id`:151645 for open-end generation.
Setting `pad_token_id` to `eos_token_id`:151645 for open-end generation.
Setting `pad_token_id` to `eos_token_id`:151645 for open-end generation.
Setting `pad_token_id` to `eos_token_id`:151645 for open-end generation.
Setting `pad_token_id` to `eos_token_id`:151645 for open-end generation.
Setting `pad_token_id` to `eos_token_id`:151645 for open-end generation.
Setting `pad_token_id` to `eos_token_id`:151645 for open-end generation.
Setting `pad_token_id` to `eos_token_id`:151645 for open-end generation.
Setting `pad_token_id` to `eos_token_id`:151645 for open-end generation.
Setting `pad_token_id` to `eos_token_id`:151645 for open-end generation.
Setting `pad_token_id` to `eos_token_id`:151645 for open-end generation.
Setting `pad_token_id` to `eos_token_id`:151645 for open-end generation.
Setting `pad_token_id` to `eos_token_id`:151645 for open-end generation.
Setting `pad_token_id` to `eos_token_id`:151645 for open-end generation.
Setting `pad_token_id` to `eos_token_id`:151645 for open-end generation.
Setting `pad_token_id` to `eos_token_id`:151645 for open-end generation.
Setting `pad_token_id` to `eos_token_id`:151645 for open-end generation.
  [18:28:05] 780/4463 = 17.5% · 0.22 bước/giây · còn ~280 phút
Setting `pad_token_id` to `eos_token_id`:151645 for open-end generation.
Setting `pad_token_id` to `eos_token_id`:151645 for open-end generation.
Setting `pad_token_id` to `eos_token_id`:151645 for open-end generation.
Setting `pad_token_id` to `eos_token_id`:151645 for open-end generation.
Setting `pad_token_id` to `eos_token_id`:151645 for open-end generation.
Setting `pad_token_id` to `eos_token_id`:151645 for open-end generation.
Setting `pad_token_id` to `eos_token_id`:151645 for open-end generation.
Setting `pad_token_id` to `eos_token_id`:151645 for open-end generation.
Setting `pad_token_id` to `eos_token_id`:151645 for open-end generation.
Setting `pad_token_id` to `eos_token_id`:151645 for open-end generation.
Setting `pad_token_id` to `eos_token_id`:151645 for open-end generation.
Setting `pad_token_id` to `eos_token_id`:151645 for open-end generation.
Setting `pad_token_id` to `eos_token_id`:151645 for open-end generation.
Setting `pad_token_id` to `eos_token_id`:151645 for open-end generation.
Setting `pad_token_id` to `eos_token_id`:151645 for open-end generation.
Setting `pad_token_id` to `eos_token_id`:151645 for open-end generation.
Setting `pad_token_id` to `eos_token_id`:151645 for open-end generation.
Setting `pad_token_id` to `eos_token_id`:151645 for open-end generation.
Setting `pad_token_id` to `eos_token_id`:151645 for open-end generation.
Setting `pad_token_id` to `eos_token_id`:151645 for open-end generation.
  [18:29:37] 800/4463 = 17.9% · 0.22 bước/giây · còn ~279 phút
Setting `pad_token_id` to `eos_token_id`:151645 for open-end generation.
Setting `pad_token_id` to `eos_token_id`:151645 for open-end generation.
Setting `pad_token_id` to `eos_token_id`:151645 for open-end generation.
Setting `pad_token_id` to `eos_token_id`:151645 for open-end generation.
Setting `pad_token_id` to `eos_token_id`:151645 for open-end generation.
Setting `pad_token_id` to `eos_token_id`:151645 for open-end generation.
Setting `pad_token_id` to `eos_token_id`:151645 for open-end generation.
Setting `pad_token_id` to `eos_token_id`:151645 for open-end generation.
Setting `pad_token_id` to `eos_token_id`:151645 for open-end generation.
Setting `pad_token_id` to `eos_token_id`:151645 for open-end generation.
Setting `pad_token_id` to `eos_token_id`:151645 for open-end generation.
Setting `pad_token_id` to `eos_token_id`:151645 for open-end generation.
Setting `pad_token_id` to `eos_token_id`:151645 for open-end generation.
Setting `pad_token_id` to `eos_token_id`:151645 for open-end generation.
Setting `pad_token_id` to `eos_token_id`:151645 for open-end generation.
Setting `pad_token_id` to `eos_token_id`:151645 for open-end generation.
Setting `pad_token_id` to `eos_token_id`:151645 for open-end generation.
Setting `pad_token_id` to `eos_token_id`:151645 for open-end generation.
Setting `pad_token_id` to `eos_token_id`:151645 for open-end generation.
Setting `pad_token_id` to `eos_token_id`:151645 for open-end generation.
  [18:31:08] 820/4463 = 18.4% · 0.22 bước/giây · còn ~277 phút
Setting `pad_token_id` to `eos_token_id`:151645 for open-end generation.
Setting `pad_token_id` to `eos_token_id`:151645 for open-end generation.
Setting `pad_token_id` to `eos_token_id`:151645 for open-end generation.
Setting `pad_token_id` to `eos_token_id`:151645 for open-end generation.
Setting `pad_token_id` to `eos_token_id`:151645 for open-end generation.
Setting `pad_token_id` to `eos_token_id`:151645 for open-end generation.
Setting `pad_token_id` to `eos_token_id`:151645 for open-end generation.
Setting `pad_token_id` to `eos_token_id`:151645 for open-end generation.
Setting `pad_token_id` to `eos_token_id`:151645 for open-end generation.
Setting `pad_token_id` to `eos_token_id`:151645 for open-end generation.
Setting `pad_token_id` to `eos_token_id`:151645 for open-end generation.
Setting `pad_token_id` to `eos_token_id`:151645 for open-end generation.
Setting `pad_token_id` to `eos_token_id`:151645 for open-end generation.
Setting `pad_token_id` to `eos_token_id`:151645 for open-end generation.
Setting `pad_token_id` to `eos_token_id`:151645 for open-end generation.
Setting `pad_token_id` to `eos_token_id`:151645 for open-end generation.
Setting `pad_token_id` to `eos_token_id`:151645 for open-end generation.
Setting `pad_token_id` to `eos_token_id`:151645 for open-end generation.
Setting `pad_token_id` to `eos_token_id`:151645 for open-end generation.
Setting `pad_token_id` to `eos_token_id`:151645 for open-end generation.
  [18:32:40] 840/4463 = 18.8% · 0.22 bước/giây · còn ~276 phút
Setting `pad_token_id` to `eos_token_id`:151645 for open-end generation.
Setting `pad_token_id` to `eos_token_id`:151645 for open-end generation.
Setting `pad_token_id` to `eos_token_id`:151645 for open-end generation.
Setting `pad_token_id` to `eos_token_id`:151645 for open-end generation.
Setting `pad_token_id` to `eos_token_id`:151645 for open-end generation.
Setting `pad_token_id` to `eos_token_id`:151645 for open-end generation.
Setting `pad_token_id` to `eos_token_id`:151645 for open-end generation.
Setting `pad_token_id` to `eos_token_id`:151645 for open-end generation.
Setting `pad_token_id` to `eos_token_id`:151645 for open-end generation.
Setting `pad_token_id` to `eos_token_id`:151645 for open-end generation.
Setting `pad_token_id` to `eos_token_id`:151645 for open-end generation.
Setting `pad_token_id` to `eos_token_id`:151645 for open-end generation.
Setting `pad_token_id` to `eos_token_id`:151645 for open-end generation.
Setting `pad_token_id` to `eos_token_id`:151645 for open-end generation.
Setting `pad_token_id` to `eos_token_id`:151645 for open-end generation.
Setting `pad_token_id` to `eos_token_id`:151645 for open-end generation.
Setting `pad_token_id` to `eos_token_id`:151645 for open-end generation.
Setting `pad_token_id` to `eos_token_id`:151645 for open-end generation.
Setting `pad_token_id` to `eos_token_id`:151645 for open-end generation.
Setting `pad_token_id` to `eos_token_id`:151645 for open-end generation.
  [18:34:12] 860/4463 = 19.3% · 0.22 bước/giây · còn ~274 phút
Setting `pad_token_id` to `eos_token_id`:151645 for open-end generation.
Setting `pad_token_id` to `eos_token_id`:151645 for open-end generation.
Setting `pad_token_id` to `eos_token_id`:151645 for open-end generation.
Setting `pad_token_id` to `eos_token_id`:151645 for open-end generation.
Setting `pad_token_id` to `eos_token_id`:151645 for open-end generation.
Setting `pad_token_id` to `eos_token_id`:151645 for open-end generation.
Setting `pad_token_id` to `eos_token_id`:151645 for open-end generation.
Setting `pad_token_id` to `eos_token_id`:151645 for open-end generation.
Setting `pad_token_id` to `eos_token_id`:151645 for open-end generation.
Setting `pad_token_id` to `eos_token_id`:151645 for open-end generation.
Setting `pad_token_id` to `eos_token_id`:151645 for open-end generation.
Setting `pad_token_id` to `eos_token_id`:151645 for open-end generation.
Setting `pad_token_id` to `eos_token_id`:151645 for open-end generation.
Setting `pad_token_id` to `eos_token_id`:151645 for open-end generation.
Setting `pad_token_id` to `eos_token_id`:151645 for open-end generation.
Setting `pad_token_id` to `eos_token_id`:151645 for open-end generation.
Setting `pad_token_id` to `eos_token_id`:151645 for open-end generation.
Setting `pad_token_id` to `eos_token_id`:151645 for open-end generation.
Setting `pad_token_id` to `eos_token_id`:151645 for open-end generation.
Setting `pad_token_id` to `eos_token_id`:151645 for open-end generation.
  [18:35:44] 880/4463 = 19.7% · 0.22 bước/giây · còn ~273 phút
Setting `pad_token_id` to `eos_token_id`:151645 for open-end generation.
Setting `pad_token_id` to `eos_token_id`:151645 for open-end generation.
Setting `pad_token_id` to `eos_token_id`:151645 for open-end generation.
Setting `pad_token_id` to `eos_token_id`:151645 for open-end generation.
Setting `pad_token_id` to `eos_token_id`:151645 for open-end generation.
Setting `pad_token_id` to `eos_token_id`:151645 for open-end generation.
Setting `pad_token_id` to `eos_token_id`:151645 for open-end generation.
Setting `pad_token_id` to `eos_token_id`:151645 for open-end generation.
Setting `pad_token_id` to `eos_token_id`:151645 for open-end generation.
Setting `pad_token_id` to `eos_token_id`:151645 for open-end generation.
Setting `pad_token_id` to `eos_token_id`:151645 for open-end generation.
Setting `pad_token_id` to `eos_token_id`:151645 for open-end generation.
Setting `pad_token_id` to `eos_token_id`:151645 for open-end generation.
Setting `pad_token_id` to `eos_token_id`:151645 for open-end generation.
Setting `pad_token_id` to `eos_token_id`:151645 for open-end generation.
Setting `pad_token_id` to `eos_token_id`:151645 for open-end generation.
Setting `pad_token_id` to `eos_token_id`:151645 for open-end generation.
Setting `pad_token_id` to `eos_token_id`:151645 for open-end generation.
Setting `pad_token_id` to `eos_token_id`:151645 for open-end generation.
Setting `pad_token_id` to `eos_token_id`:151645 for open-end generation.
  [18:37:16] 900/4463 = 20.2% · 0.22 bước/giây · còn ~271 phút
Setting `pad_token_id` to `eos_token_id`:151645 for open-end generation.
Setting `pad_token_id` to `eos_token_id`:151645 for open-end generation.
Setting `pad_token_id` to `eos_token_id`:151645 for open-end generation.
Setting `pad_token_id` to `eos_token_id`:151645 for open-end generation.
Setting `pad_token_id` to `eos_token_id`:151645 for open-end generation.
Setting `pad_token_id` to `eos_token_id`:151645 for open-end generation.
Setting `pad_token_id` to `eos_token_id`:151645 for open-end generation.
Setting `pad_token_id` to `eos_token_id`:151645 for open-end generation.
Setting `pad_token_id` to `eos_token_id`:151645 for open-end generation.
Setting `pad_token_id` to `eos_token_id`:151645 for open-end generation.
Setting `pad_token_id` to `eos_token_id`:151645 for open-end generation.
Setting `pad_token_id` to `eos_token_id`:151645 for open-end generation.
Setting `pad_token_id` to `eos_token_id`:151645 for open-end generation.
Setting `pad_token_id` to `eos_token_id`:151645 for open-end generation.
Setting `pad_token_id` to `eos_token_id`:151645 for open-end generation.
Setting `pad_token_id` to `eos_token_id`:151645 for open-end generation.
Setting `pad_token_id` to `eos_token_id`:151645 for open-end generation.
Setting `pad_token_id` to `eos_token_id`:151645 for open-end generation.
Setting `pad_token_id` to `eos_token_id`:151645 for open-end generation.
Setting `pad_token_id` to `eos_token_id`:151645 for open-end generation.
  [18:38:47] 920/4463 = 20.6% · 0.22 bước/giây · còn ~270 phút
Setting `pad_token_id` to `eos_token_id`:151645 for open-end generation.
Setting `pad_token_id` to `eos_token_id`:151645 for open-end generation.
Setting `pad_token_id` to `eos_token_id`:151645 for open-end generation.
Setting `pad_token_id` to `eos_token_id`:151645 for open-end generation.
Setting `pad_token_id` to `eos_token_id`:151645 for open-end generation.
Setting `pad_token_id` to `eos_token_id`:151645 for open-end generation.
Setting `pad_token_id` to `eos_token_id`:151645 for open-end generation.
Setting `pad_token_id` to `eos_token_id`:151645 for open-end generation.
Setting `pad_token_id` to `eos_token_id`:151645 for open-end generation.
Setting `pad_token_id` to `eos_token_id`:151645 for open-end generation.
Setting `pad_token_id` to `eos_token_id`:151645 for open-end generation.
Setting `pad_token_id` to `eos_token_id`:151645 for open-end generation.
Setting `pad_token_id` to `eos_token_id`:151645 for open-end generation.
Setting `pad_token_id` to `eos_token_id`:151645 for open-end generation.
Setting `pad_token_id` to `eos_token_id`:151645 for open-end generation.
Setting `pad_token_id` to `eos_token_id`:151645 for open-end generation.
Setting `pad_token_id` to `eos_token_id`:151645 for open-end generation.
Setting `pad_token_id` to `eos_token_id`:151645 for open-end generation.
Setting `pad_token_id` to `eos_token_id`:151645 for open-end generation.
Setting `pad_token_id` to `eos_token_id`:151645 for open-end generation.
  [18:40:19] 940/4463 = 21.1% · 0.22 bước/giây · còn ~268 phút
Setting `pad_token_id` to `eos_token_id`:151645 for open-end generation.
Setting `pad_token_id` to `eos_token_id`:151645 for open-end generation.
Setting `pad_token_id` to `eos_token_id`:151645 for open-end generation.
Setting `pad_token_id` to `eos_token_id`:151645 for open-end generation.
Setting `pad_token_id` to `eos_token_id`:151645 for open-end generation.
Setting `pad_token_id` to `eos_token_id`:151645 for open-end generation.
Setting `pad_token_id` to `eos_token_id`:151645 for open-end generation.
Setting `pad_token_id` to `eos_token_id`:151645 for open-end generation.
Setting `pad_token_id` to `eos_token_id`:151645 for open-end generation.
Setting `pad_token_id` to `eos_token_id`:151645 for open-end generation.
Setting `pad_token_id` to `eos_token_id`:151645 for open-end generation.
Setting `pad_token_id` to `eos_token_id`:151645 for open-end generation.
Setting `pad_token_id` to `eos_token_id`:151645 for open-end generation.
Setting `pad_token_id` to `eos_token_id`:151645 for open-end generation.
Setting `pad_token_id` to `eos_token_id`:151645 for open-end generation.
Setting `pad_token_id` to `eos_token_id`:151645 for open-end generation.
Setting `pad_token_id` to `eos_token_id`:151645 for open-end generation.
Setting `pad_token_id` to `eos_token_id`:151645 for open-end generation.
Setting `pad_token_id` to `eos_token_id`:151645 for open-end generation.
Setting `pad_token_id` to `eos_token_id`:151645 for open-end generation.
  [18:41:50] 960/4463 = 21.5% · 0.22 bước/giây · còn ~267 phút
Setting `pad_token_id` to `eos_token_id`:151645 for open-end generation.
Setting `pad_token_id` to `eos_token_id`:151645 for open-end generation.
Setting `pad_token_id` to `eos_token_id`:151645 for open-end generation.
Setting `pad_token_id` to `eos_token_id`:151645 for open-end generation.
Setting `pad_token_id` to `eos_token_id`:151645 for open-end generation.
Setting `pad_token_id` to `eos_token_id`:151645 for open-end generation.
Setting `pad_token_id` to `eos_token_id`:151645 for open-end generation.
Setting `pad_token_id` to `eos_token_id`:151645 for open-end generation.
Setting `pad_token_id` to `eos_token_id`:151645 for open-end generation.
Setting `pad_token_id` to `eos_token_id`:151645 for open-end generation.
Setting `pad_token_id` to `eos_token_id`:151645 for open-end generation.
Setting `pad_token_id` to `eos_token_id`:151645 for open-end generation.
Setting `pad_token_id` to `eos_token_id`:151645 for open-end generation.
Setting `pad_token_id` to `eos_token_id`:151645 for open-end generation.
Setting `pad_token_id` to `eos_token_id`:151645 for open-end generation.
Setting `pad_token_id` to `eos_token_id`:151645 for open-end generation.
Setting `pad_token_id` to `eos_token_id`:151645 for open-end generation.
Setting `pad_token_id` to `eos_token_id`:151645 for open-end generation.
Setting `pad_token_id` to `eos_token_id`:151645 for open-end generation.
Setting `pad_token_id` to `eos_token_id`:151645 for open-end generation.
  [18:43:21] 980/4463 = 22.0% · 0.22 bước/giây · còn ~265 phút
Setting `pad_token_id` to `eos_token_id`:151645 for open-end generation.
Setting `pad_token_id` to `eos_token_id`:151645 for open-end generation.
Setting `pad_token_id` to `eos_token_id`:151645 for open-end generation.
Setting `pad_token_id` to `eos_token_id`:151645 for open-end generation.
Setting `pad_token_id` to `eos_token_id`:151645 for open-end generation.
Setting `pad_token_id` to `eos_token_id`:151645 for open-end generation.
Setting `pad_token_id` to `eos_token_id`:151645 for open-end generation.
Setting `pad_token_id` to `eos_token_id`:151645 for open-end generation.
Setting `pad_token_id` to `eos_token_id`:151645 for open-end generation.
Setting `pad_token_id` to `eos_token_id`:151645 for open-end generation.
Setting `pad_token_id` to `eos_token_id`:151645 for open-end generation.
Setting `pad_token_id` to `eos_token_id`:151645 for open-end generation.
Setting `pad_token_id` to `eos_token_id`:151645 for open-end generation.
Setting `pad_token_id` to `eos_token_id`:151645 for open-end generation.
Setting `pad_token_id` to `eos_token_id`:151645 for open-end generation.
Setting `pad_token_id` to `eos_token_id`:151645 for open-end generation.
Setting `pad_token_id` to `eos_token_id`:151645 for open-end generation.
Setting `pad_token_id` to `eos_token_id`:151645 for open-end generation.
Setting `pad_token_id` to `eos_token_id`:151645 for open-end generation.
Setting `pad_token_id` to `eos_token_id`:151645 for open-end generation.
  [18:44:52] 1000/4463 = 22.4% · 0.22 bước/giây · còn ~264 phút
Setting `pad_token_id` to `eos_token_id`:151645 for open-end generation.
Setting `pad_token_id` to `eos_token_id`:151645 for open-end generation.
Setting `pad_token_id` to `eos_token_id`:151645 for open-end generation.
Setting `pad_token_id` to `eos_token_id`:151645 for open-end generation.
Setting `pad_token_id` to `eos_token_id`:151645 for open-end generation.
Setting `pad_token_id` to `eos_token_id`:151645 for open-end generation.
Setting `pad_token_id` to `eos_token_id`:151645 for open-end generation.
Setting `pad_token_id` to `eos_token_id`:151645 for open-end generation.
Setting `pad_token_id` to `eos_token_id`:151645 for open-end generation.
Setting `pad_token_id` to `eos_token_id`:151645 for open-end generation.
Setting `pad_token_id` to `eos_token_id`:151645 for open-end generation.
Setting `pad_token_id` to `eos_token_id`:151645 for open-end generation.
Setting `pad_token_id` to `eos_token_id`:151645 for open-end generation.
Setting `pad_token_id` to `eos_token_id`:151645 for open-end generation.
Setting `pad_token_id` to `eos_token_id`:151645 for open-end generation.
Setting `pad_token_id` to `eos_token_id`:151645 for open-end generation.
Setting `pad_token_id` to `eos_token_id`:151645 for open-end generation.
Setting `pad_token_id` to `eos_token_id`:151645 for open-end generation.
Setting `pad_token_id` to `eos_token_id`:151645 for open-end generation.
Setting `pad_token_id` to `eos_token_id`:151645 for open-end generation.
  [18:46:23] 1020/4463 = 22.9% · 0.22 bước/giây · còn ~262 phút
Setting `pad_token_id` to `eos_token_id`:151645 for open-end generation.
Setting `pad_token_id` to `eos_token_id`:151645 for open-end generation.
Setting `pad_token_id` to `eos_token_id`:151645 for open-end generation.
Setting `pad_token_id` to `eos_token_id`:151645 for open-end generation.
Setting `pad_token_id` to `eos_token_id`:151645 for open-end generation.
Setting `pad_token_id` to `eos_token_id`:151645 for open-end generation.
Setting `pad_token_id` to `eos_token_id`:151645 for open-end generation.
Setting `pad_token_id` to `eos_token_id`:151645 for open-end generation.
Setting `pad_token_id` to `eos_token_id`:151645 for open-end generation.
Setting `pad_token_id` to `eos_token_id`:151645 for open-end generation.
Setting `pad_token_id` to `eos_token_id`:151645 for open-end generation.
Setting `pad_token_id` to `eos_token_id`:151645 for open-end generation.
Setting `pad_token_id` to `eos_token_id`:151645 for open-end generation.
Setting `pad_token_id` to `eos_token_id`:151645 for open-end generation.
Setting `pad_token_id` to `eos_token_id`:151645 for open-end generation.
Setting `pad_token_id` to `eos_token_id`:151645 for open-end generation.
Setting `pad_token_id` to `eos_token_id`:151645 for open-end generation.
Setting `pad_token_id` to `eos_token_id`:151645 for open-end generation.
Setting `pad_token_id` to `eos_token_id`:151645 for open-end generation.
Setting `pad_token_id` to `eos_token_id`:151645 for open-end generation.
  [18:47:55] 1040/4463 = 23.3% · 0.22 bước/giây · còn ~261 phút
Setting `pad_token_id` to `eos_token_id`:151645 for open-end generation.
Setting `pad_token_id` to `eos_token_id`:151645 for open-end generation.
Setting `pad_token_id` to `eos_token_id`:151645 for open-end generation.
Setting `pad_token_id` to `eos_token_id`:151645 for open-end generation.
Setting `pad_token_id` to `eos_token_id`:151645 for open-end generation.
Setting `pad_token_id` to `eos_token_id`:151645 for open-end generation.
Setting `pad_token_id` to `eos_token_id`:151645 for open-end generation.
Setting `pad_token_id` to `eos_token_id`:151645 for open-end generation.
Setting `pad_token_id` to `eos_token_id`:151645 for open-end generation.
Setting `pad_token_id` to `eos_token_id`:151645 for open-end generation.
Setting `pad_token_id` to `eos_token_id`:151645 for open-end generation.
Setting `pad_token_id` to `eos_token_id`:151645 for open-end generation.
Setting `pad_token_id` to `eos_token_id`:151645 for open-end generation.
Setting `pad_token_id` to `eos_token_id`:151645 for open-end generation.
Setting `pad_token_id` to `eos_token_id`:151645 for open-end generation.
Setting `pad_token_id` to `eos_token_id`:151645 for open-end generation.
Setting `pad_token_id` to `eos_token_id`:151645 for open-end generation.
Setting `pad_token_id` to `eos_token_id`:151645 for open-end generation.
Setting `pad_token_id` to `eos_token_id`:151645 for open-end generation.
Setting `pad_token_id` to `eos_token_id`:151645 for open-end generation.
  [18:49:27] 1060/4463 = 23.8% · 0.22 bước/giây · còn ~259 phút
Setting `pad_token_id` to `eos_token_id`:151645 for open-end generation.
Setting `pad_token_id` to `eos_token_id`:151645 for open-end generation.
Setting `pad_token_id` to `eos_token_id`:151645 for open-end generation.
Setting `pad_token_id` to `eos_token_id`:151645 for open-end generation.
Setting `pad_token_id` to `eos_token_id`:151645 for open-end generation.
Setting `pad_token_id` to `eos_token_id`:151645 for open-end generation.
Setting `pad_token_id` to `eos_token_id`:151645 for open-end generation.
Setting `pad_token_id` to `eos_token_id`:151645 for open-end generation.
Setting `pad_token_id` to `eos_token_id`:151645 for open-end generation.
Setting `pad_token_id` to `eos_token_id`:151645 for open-end generation.
Setting `pad_token_id` to `eos_token_id`:151645 for open-end generation.
Setting `pad_token_id` to `eos_token_id`:151645 for open-end generation.
Setting `pad_token_id` to `eos_token_id`:151645 for open-end generation.
Setting `pad_token_id` to `eos_token_id`:151645 for open-end generation.
Setting `pad_token_id` to `eos_token_id`:151645 for open-end generation.
Setting `pad_token_id` to `eos_token_id`:151645 for open-end generation.
Setting `pad_token_id` to `eos_token_id`:151645 for open-end generation.
Setting `pad_token_id` to `eos_token_id`:151645 for open-end generation.
Setting `pad_token_id` to `eos_token_id`:151645 for open-end generation.
Setting `pad_token_id` to `eos_token_id`:151645 for open-end generation.
  [18:50:59] 1080/4463 = 24.2% · 0.22 bước/giây · còn ~258 phút
Setting `pad_token_id` to `eos_token_id`:151645 for open-end generation.
Setting `pad_token_id` to `eos_token_id`:151645 for open-end generation.
Setting `pad_token_id` to `eos_token_id`:151645 for open-end generation.
Setting `pad_token_id` to `eos_token_id`:151645 for open-end generation.
Setting `pad_token_id` to `eos_token_id`:151645 for open-end generation.
Setting `pad_token_id` to `eos_token_id`:151645 for open-end generation.
Setting `pad_token_id` to `eos_token_id`:151645 for open-end generation.
Setting `pad_token_id` to `eos_token_id`:151645 for open-end generation.
Setting `pad_token_id` to `eos_token_id`:151645 for open-end generation.
Setting `pad_token_id` to `eos_token_id`:151645 for open-end generation.
Setting `pad_token_id` to `eos_token_id`:151645 for open-end generation.
Setting `pad_token_id` to `eos_token_id`:151645 for open-end generation.
Setting `pad_token_id` to `eos_token_id`:151645 for open-end generation.
Setting `pad_token_id` to `eos_token_id`:151645 for open-end generation.
Setting `pad_token_id` to `eos_token_id`:151645 for open-end generation.
Setting `pad_token_id` to `eos_token_id`:151645 for open-end generation.
Setting `pad_token_id` to `eos_token_id`:151645 for open-end generation.
Setting `pad_token_id` to `eos_token_id`:151645 for open-end generation.
Setting `pad_token_id` to `eos_token_id`:151645 for open-end generation.
Setting `pad_token_id` to `eos_token_id`:151645 for open-end generation.
  [18:52:30] 1100/4463 = 24.6% · 0.22 bước/giây · còn ~256 phút
Setting `pad_token_id` to `eos_token_id`:151645 for open-end generation.
Setting `pad_token_id` to `eos_token_id`:151645 for open-end generation.
Setting `pad_token_id` to `eos_token_id`:151645 for open-end generation.
Setting `pad_token_id` to `eos_token_id`:151645 for open-end generation.
Setting `pad_token_id` to `eos_token_id`:151645 for open-end generation.
Setting `pad_token_id` to `eos_token_id`:151645 for open-end generation.
Setting `pad_token_id` to `eos_token_id`:151645 for open-end generation.
Setting `pad_token_id` to `eos_token_id`:151645 for open-end generation.
Setting `pad_token_id` to `eos_token_id`:151645 for open-end generation.
Setting `pad_token_id` to `eos_token_id`:151645 for open-end generation.
Setting `pad_token_id` to `eos_token_id`:151645 for open-end generation.
Setting `pad_token_id` to `eos_token_id`:151645 for open-end generation.
Setting `pad_token_id` to `eos_token_id`:151645 for open-end generation.
Setting `pad_token_id` to `eos_token_id`:151645 for open-end generation.
Setting `pad_token_id` to `eos_token_id`:151645 for open-end generation.
Setting `pad_token_id` to `eos_token_id`:151645 for open-end generation.
Setting `pad_token_id` to `eos_token_id`:151645 for open-end generation.
Setting `pad_token_id` to `eos_token_id`:151645 for open-end generation.
Setting `pad_token_id` to `eos_token_id`:151645 for open-end generation.
Setting `pad_token_id` to `eos_token_id`:151645 for open-end generation.
  [18:54:01] 1120/4463 = 25.1% · 0.22 bước/giây · còn ~254 phút
Setting `pad_token_id` to `eos_token_id`:151645 for open-end generation.
Setting `pad_token_id` to `eos_token_id`:151645 for open-end generation.
Setting `pad_token_id` to `eos_token_id`:151645 for open-end generation.
Setting `pad_token_id` to `eos_token_id`:151645 for open-end generation.
Setting `pad_token_id` to `eos_token_id`:151645 for open-end generation.
Setting `pad_token_id` to `eos_token_id`:151645 for open-end generation.
Setting `pad_token_id` to `eos_token_id`:151645 for open-end generation.
Setting `pad_token_id` to `eos_token_id`:151645 for open-end generation.
Setting `pad_token_id` to `eos_token_id`:151645 for open-end generation.
Setting `pad_token_id` to `eos_token_id`:151645 for open-end generation.
Setting `pad_token_id` to `eos_token_id`:151645 for open-end generation.
Setting `pad_token_id` to `eos_token_id`:151645 for open-end generation.
Setting `pad_token_id` to `eos_token_id`:151645 for open-end generation.
Setting `pad_token_id` to `eos_token_id`:151645 for open-end generation.
Setting `pad_token_id` to `eos_token_id`:151645 for open-end generation.
Setting `pad_token_id` to `eos_token_id`:151645 for open-end generation.
Setting `pad_token_id` to `eos_token_id`:151645 for open-end generation.
Setting `pad_token_id` to `eos_token_id`:151645 for open-end generation.
Setting `pad_token_id` to `eos_token_id`:151645 for open-end generation.
Setting `pad_token_id` to `eos_token_id`:151645 for open-end generation.
  [18:55:33] 1140/4463 = 25.5% · 0.22 bước/giây · còn ~253 phút
Setting `pad_token_id` to `eos_token_id`:151645 for open-end generation.
Setting `pad_token_id` to `eos_token_id`:151645 for open-end generation.
Setting `pad_token_id` to `eos_token_id`:151645 for open-end generation.
Setting `pad_token_id` to `eos_token_id`:151645 for open-end generation.
Setting `pad_token_id` to `eos_token_id`:151645 for open-end generation.
Setting `pad_token_id` to `eos_token_id`:151645 for open-end generation.
Setting `pad_token_id` to `eos_token_id`:151645 for open-end generation.
Setting `pad_token_id` to `eos_token_id`:151645 for open-end generation.
Setting `pad_token_id` to `eos_token_id`:151645 for open-end generation.
Setting `pad_token_id` to `eos_token_id`:151645 for open-end generation.
Setting `pad_token_id` to `eos_token_id`:151645 for open-end generation.
Setting `pad_token_id` to `eos_token_id`:151645 for open-end generation.
Setting `pad_token_id` to `eos_token_id`:151645 for open-end generation.
Setting `pad_token_id` to `eos_token_id`:151645 for open-end generation.
Setting `pad_token_id` to `eos_token_id`:151645 for open-end generation.
Setting `pad_token_id` to `eos_token_id`:151645 for open-end generation.
Setting `pad_token_id` to `eos_token_id`:151645 for open-end generation.
Setting `pad_token_id` to `eos_token_id`:151645 for open-end generation.
Setting `pad_token_id` to `eos_token_id`:151645 for open-end generation.
Setting `pad_token_id` to `eos_token_id`:151645 for open-end generation.
  [18:57:04] 1160/4463 = 26.0% · 0.22 bước/giây · còn ~251 phút
Setting `pad_token_id` to `eos_token_id`:151645 for open-end generation.
Setting `pad_token_id` to `eos_token_id`:151645 for open-end generation.
Setting `pad_token_id` to `eos_token_id`:151645 for open-end generation.
Setting `pad_token_id` to `eos_token_id`:151645 for open-end generation.
Setting `pad_token_id` to `eos_token_id`:151645 for open-end generation.
Setting `pad_token_id` to `eos_token_id`:151645 for open-end generation.
Setting `pad_token_id` to `eos_token_id`:151645 for open-end generation.
Setting `pad_token_id` to `eos_token_id`:151645 for open-end generation.
Setting `pad_token_id` to `eos_token_id`:151645 for open-end generation.
Setting `pad_token_id` to `eos_token_id`:151645 for open-end generation.
Setting `pad_token_id` to `eos_token_id`:151645 for open-end generation.
Setting `pad_token_id` to `eos_token_id`:151645 for open-end generation.
Setting `pad_token_id` to `eos_token_id`:151645 for open-end generation.
Setting `pad_token_id` to `eos_token_id`:151645 for open-end generation.
Setting `pad_token_id` to `eos_token_id`:151645 for open-end generation.
Setting `pad_token_id` to `eos_token_id`:151645 for open-end generation.
Setting `pad_token_id` to `eos_token_id`:151645 for open-end generation.
Setting `pad_token_id` to `eos_token_id`:151645 for open-end generation.
Setting `pad_token_id` to `eos_token_id`:151645 for open-end generation.
Setting `pad_token_id` to `eos_token_id`:151645 for open-end generation.
  [18:58:35] 1180/4463 = 26.4% · 0.22 bước/giây · còn ~250 phút
Setting `pad_token_id` to `eos_token_id`:151645 for open-end generation.
Setting `pad_token_id` to `eos_token_id`:151645 for open-end generation.
Setting `pad_token_id` to `eos_token_id`:151645 for open-end generation.
Setting `pad_token_id` to `eos_token_id`:151645 for open-end generation.
Setting `pad_token_id` to `eos_token_id`:151645 for open-end generation.
Setting `pad_token_id` to `eos_token_id`:151645 for open-end generation.
Setting `pad_token_id` to `eos_token_id`:151645 for open-end generation.
Setting `pad_token_id` to `eos_token_id`:151645 for open-end generation.
Setting `pad_token_id` to `eos_token_id`:151645 for open-end generation.
Setting `pad_token_id` to `eos_token_id`:151645 for open-end generation.
Setting `pad_token_id` to `eos_token_id`:151645 for open-end generation.
Setting `pad_token_id` to `eos_token_id`:151645 for open-end generation.
Setting `pad_token_id` to `eos_token_id`:151645 for open-end generation.
Setting `pad_token_id` to `eos_token_id`:151645 for open-end generation.
Setting `pad_token_id` to `eos_token_id`:151645 for open-end generation.
Setting `pad_token_id` to `eos_token_id`:151645 for open-end generation.
Setting `pad_token_id` to `eos_token_id`:151645 for open-end generation.
Setting `pad_token_id` to `eos_token_id`:151645 for open-end generation.
Setting `pad_token_id` to `eos_token_id`:151645 for open-end generation.
  [19:00:02] 1200/4463 = 26.9% · 0.22 bước/giây · còn ~248 phút
Setting `pad_token_id` to `eos_token_id`:151645 for open-end generation.
Setting `pad_token_id` to `eos_token_id`:151645 for open-end generation.
Setting `pad_token_id` to `eos_token_id`:151645 for open-end generation.
Setting `pad_token_id` to `eos_token_id`:151645 for open-end generation.
Setting `pad_token_id` to `eos_token_id`:151645 for open-end generation.
Setting `pad_token_id` to `eos_token_id`:151645 for open-end generation.
Setting `pad_token_id` to `eos_token_id`:151645 for open-end generation.
Setting `pad_token_id` to `eos_token_id`:151645 for open-end generation.
Setting `pad_token_id` to `eos_token_id`:151645 for open-end generation.
Setting `pad_token_id` to `eos_token_id`:151645 for open-end generation.
Setting `pad_token_id` to `eos_token_id`:151645 for open-end generation.
Setting `pad_token_id` to `eos_token_id`:151645 for open-end generation.
Setting `pad_token_id` to `eos_token_id`:151645 for open-end generation.
Setting `pad_token_id` to `eos_token_id`:151645 for open-end generation.
Setting `pad_token_id` to `eos_token_id`:151645 for open-end generation.
Setting `pad_token_id` to `eos_token_id`:151645 for open-end generation.
Setting `pad_token_id` to `eos_token_id`:151645 for open-end generation.
Setting `pad_token_id` to `eos_token_id`:151645 for open-end generation.
Setting `pad_token_id` to `eos_token_id`:151645 for open-end generation.
Setting `pad_token_id` to `eos_token_id`:151645 for open-end generation.
  [19:01:34] 1220/4463 = 27.3% · 0.22 bước/giây · còn ~247 phút
Setting `pad_token_id` to `eos_token_id`:151645 for open-end generation.
Setting `pad_token_id` to `eos_token_id`:151645 for open-end generation.
Setting `pad_token_id` to `eos_token_id`:151645 for open-end generation.
Setting `pad_token_id` to `eos_token_id`:151645 for open-end generation.
Setting `pad_token_id` to `eos_token_id`:151645 for open-end generation.
Setting `pad_token_id` to `eos_token_id`:151645 for open-end generation.
Setting `pad_token_id` to `eos_token_id`:151645 for open-end generation.
Setting `pad_token_id` to `eos_token_id`:151645 for open-end generation.
Setting `pad_token_id` to `eos_token_id`:151645 for open-end generation.
Setting `pad_token_id` to `eos_token_id`:151645 for open-end generation.
Setting `pad_token_id` to `eos_token_id`:151645 for open-end generation.
Setting `pad_token_id` to `eos_token_id`:151645 for open-end generation.
Setting `pad_token_id` to `eos_token_id`:151645 for open-end generation.
Setting `pad_token_id` to `eos_token_id`:151645 for open-end generation.
Setting `pad_token_id` to `eos_token_id`:151645 for open-end generation.
Setting `pad_token_id` to `eos_token_id`:151645 for open-end generation.
Setting `pad_token_id` to `eos_token_id`:151645 for open-end generation.
Setting `pad_token_id` to `eos_token_id`:151645 for open-end generation.
Setting `pad_token_id` to `eos_token_id`:151645 for open-end generation.
Setting `pad_token_id` to `eos_token_id`:151645 for open-end generation.
  [19:03:06] 1240/4463 = 27.8% · 0.22 bước/giây · còn ~245 phút
Setting `pad_token_id` to `eos_token_id`:151645 for open-end generation.
Setting `pad_token_id` to `eos_token_id`:151645 for open-end generation.
Setting `pad_token_id` to `eos_token_id`:151645 for open-end generation.
Setting `pad_token_id` to `eos_token_id`:151645 for open-end generation.
Setting `pad_token_id` to `eos_token_id`:151645 for open-end generation.
Setting `pad_token_id` to `eos_token_id`:151645 for open-end generation.
Setting `pad_token_id` to `eos_token_id`:151645 for open-end generation.
Setting `pad_token_id` to `eos_token_id`:151645 for open-end generation.
Setting `pad_token_id` to `eos_token_id`:151645 for open-end generation.
Setting `pad_token_id` to `eos_token_id`:151645 for open-end generation.
Setting `pad_token_id` to `eos_token_id`:151645 for open-end generation.
Setting `pad_token_id` to `eos_token_id`:151645 for open-end generation.
Setting `pad_token_id` to `eos_token_id`:151645 for open-end generation.
Setting `pad_token_id` to `eos_token_id`:151645 for open-end generation.
Setting `pad_token_id` to `eos_token_id`:151645 for open-end generation.
Setting `pad_token_id` to `eos_token_id`:151645 for open-end generation.
Setting `pad_token_id` to `eos_token_id`:151645 for open-end generation.
Setting `pad_token_id` to `eos_token_id`:151645 for open-end generation.
Setting `pad_token_id` to `eos_token_id`:151645 for open-end generation.
Setting `pad_token_id` to `eos_token_id`:151645 for open-end generation.
  [19:04:37] 1260/4463 = 28.2% · 0.22 bước/giây · còn ~244 phút
Setting `pad_token_id` to `eos_token_id`:151645 for open-end generation.
Setting `pad_token_id` to `eos_token_id`:151645 for open-end generation.
Setting `pad_token_id` to `eos_token_id`:151645 for open-end generation.
Setting `pad_token_id` to `eos_token_id`:151645 for open-end generation.
Setting `pad_token_id` to `eos_token_id`:151645 for open-end generation.
Setting `pad_token_id` to `eos_token_id`:151645 for open-end generation.
Setting `pad_token_id` to `eos_token_id`:151645 for open-end generation.
Setting `pad_token_id` to `eos_token_id`:151645 for open-end generation.
Setting `pad_token_id` to `eos_token_id`:151645 for open-end generation.
Setting `pad_token_id` to `eos_token_id`:151645 for open-end generation.
Setting `pad_token_id` to `eos_token_id`:151645 for open-end generation.
Setting `pad_token_id` to `eos_token_id`:151645 for open-end generation.
Setting `pad_token_id` to `eos_token_id`:151645 for open-end generation.
Setting `pad_token_id` to `eos_token_id`:151645 for open-end generation.
Setting `pad_token_id` to `eos_token_id`:151645 for open-end generation.
Setting `pad_token_id` to `eos_token_id`:151645 for open-end generation.
Setting `pad_token_id` to `eos_token_id`:151645 for open-end generation.
Setting `pad_token_id` to `eos_token_id`:151645 for open-end generation.
Setting `pad_token_id` to `eos_token_id`:151645 for open-end generation.
Setting `pad_token_id` to `eos_token_id`:151645 for open-end generation.
  [19:06:07] 1280/4463 = 28.7% · 0.22 bước/giây · còn ~242 phút
Setting `pad_token_id` to `eos_token_id`:151645 for open-end generation.
Setting `pad_token_id` to `eos_token_id`:151645 for open-end generation.
Setting `pad_token_id` to `eos_token_id`:151645 for open-end generation.
Setting `pad_token_id` to `eos_token_id`:151645 for open-end generation.
Setting `pad_token_id` to `eos_token_id`:151645 for open-end generation.
Setting `pad_token_id` to `eos_token_id`:151645 for open-end generation.
Setting `pad_token_id` to `eos_token_id`:151645 for open-end generation.
Setting `pad_token_id` to `eos_token_id`:151645 for open-end generation.
Setting `pad_token_id` to `eos_token_id`:151645 for open-end generation.
Setting `pad_token_id` to `eos_token_id`:151645 for open-end generation.
Setting `pad_token_id` to `eos_token_id`:151645 for open-end generation.
Setting `pad_token_id` to `eos_token_id`:151645 for open-end generation.
Setting `pad_token_id` to `eos_token_id`:151645 for open-end generation.
Setting `pad_token_id` to `eos_token_id`:151645 for open-end generation.
Setting `pad_token_id` to `eos_token_id`:151645 for open-end generation.
Setting `pad_token_id` to `eos_token_id`:151645 for open-end generation.
Setting `pad_token_id` to `eos_token_id`:151645 for open-end generation.
Setting `pad_token_id` to `eos_token_id`:151645 for open-end generation.
Setting `pad_token_id` to `eos_token_id`:151645 for open-end generation.
Setting `pad_token_id` to `eos_token_id`:151645 for open-end generation.
  [19:07:38] 1300/4463 = 29.1% · 0.22 bước/giây · còn ~241 phút
Setting `pad_token_id` to `eos_token_id`:151645 for open-end generation.
Setting `pad_token_id` to `eos_token_id`:151645 for open-end generation.
Setting `pad_token_id` to `eos_token_id`:151645 for open-end generation.
Setting `pad_token_id` to `eos_token_id`:151645 for open-end generation.
Setting `pad_token_id` to `eos_token_id`:151645 for open-end generation.
Setting `pad_token_id` to `eos_token_id`:151645 for open-end generation.
Setting `pad_token_id` to `eos_token_id`:151645 for open-end generation.
Setting `pad_token_id` to `eos_token_id`:151645 for open-end generation.
Setting `pad_token_id` to `eos_token_id`:151645 for open-end generation.
Setting `pad_token_id` to `eos_token_id`:151645 for open-end generation.
Setting `pad_token_id` to `eos_token_id`:151645 for open-end generation.
Setting `pad_token_id` to `eos_token_id`:151645 for open-end generation.
Setting `pad_token_id` to `eos_token_id`:151645 for open-end generation.
Setting `pad_token_id` to `eos_token_id`:151645 for open-end generation.
Setting `pad_token_id` to `eos_token_id`:151645 for open-end generation.
Setting `pad_token_id` to `eos_token_id`:151645 for open-end generation.
Setting `pad_token_id` to `eos_token_id`:151645 for open-end generation.
Setting `pad_token_id` to `eos_token_id`:151645 for open-end generation.
Setting `pad_token_id` to `eos_token_id`:151645 for open-end generation.
Setting `pad_token_id` to `eos_token_id`:151645 for open-end generation.
  [19:09:09] 1320/4463 = 29.6% · 0.22 bước/giây · còn ~239 phút
Setting `pad_token_id` to `eos_token_id`:151645 for open-end generation.
Setting `pad_token_id` to `eos_token_id`:151645 for open-end generation.
Setting `pad_token_id` to `eos_token_id`:151645 for open-end generation.
Setting `pad_token_id` to `eos_token_id`:151645 for open-end generation.
Setting `pad_token_id` to `eos_token_id`:151645 for open-end generation.
Setting `pad_token_id` to `eos_token_id`:151645 for open-end generation.
Setting `pad_token_id` to `eos_token_id`:151645 for open-end generation.
Setting `pad_token_id` to `eos_token_id`:151645 for open-end generation.
Setting `pad_token_id` to `eos_token_id`:151645 for open-end generation.
Setting `pad_token_id` to `eos_token_id`:151645 for open-end generation.
Setting `pad_token_id` to `eos_token_id`:151645 for open-end generation.
Setting `pad_token_id` to `eos_token_id`:151645 for open-end generation.
Setting `pad_token_id` to `eos_token_id`:151645 for open-end generation.
Setting `pad_token_id` to `eos_token_id`:151645 for open-end generation.
Setting `pad_token_id` to `eos_token_id`:151645 for open-end generation.
Setting `pad_token_id` to `eos_token_id`:151645 for open-end generation.
Setting `pad_token_id` to `eos_token_id`:151645 for open-end generation.
Setting `pad_token_id` to `eos_token_id`:151645 for open-end generation.
Setting `pad_token_id` to `eos_token_id`:151645 for open-end generation.
Setting `pad_token_id` to `eos_token_id`:151645 for open-end generation.
  [19:10:40] 1340/4463 = 30.0% · 0.22 bước/giây · còn ~237 phút
Setting `pad_token_id` to `eos_token_id`:151645 for open-end generation.
Setting `pad_token_id` to `eos_token_id`:151645 for open-end generation.
Setting `pad_token_id` to `eos_token_id`:151645 for open-end generation.
Setting `pad_token_id` to `eos_token_id`:151645 for open-end generation.
Setting `pad_token_id` to `eos_token_id`:151645 for open-end generation.
Setting `pad_token_id` to `eos_token_id`:151645 for open-end generation.
Setting `pad_token_id` to `eos_token_id`:151645 for open-end generation.
Setting `pad_token_id` to `eos_token_id`:151645 for open-end generation.
Setting `pad_token_id` to `eos_token_id`:151645 for open-end generation.
Setting `pad_token_id` to `eos_token_id`:151645 for open-end generation.
Setting `pad_token_id` to `eos_token_id`:151645 for open-end generation.
Setting `pad_token_id` to `eos_token_id`:151645 for open-end generation.
Setting `pad_token_id` to `eos_token_id`:151645 for open-end generation.
Setting `pad_token_id` to `eos_token_id`:151645 for open-end generation.
Setting `pad_token_id` to `eos_token_id`:151645 for open-end generation.
Setting `pad_token_id` to `eos_token_id`:151645 for open-end generation.
Setting `pad_token_id` to `eos_token_id`:151645 for open-end generation.
Setting `pad_token_id` to `eos_token_id`:151645 for open-end generation.
Setting `pad_token_id` to `eos_token_id`:151645 for open-end generation.
Setting `pad_token_id` to `eos_token_id`:151645 for open-end generation.
  [19:12:11] 1360/4463 = 30.5% · 0.22 bước/giây · còn ~236 phút
Setting `pad_token_id` to `eos_token_id`:151645 for open-end generation.
Setting `pad_token_id` to `eos_token_id`:151645 for open-end generation.
Setting `pad_token_id` to `eos_token_id`:151645 for open-end generation.
Setting `pad_token_id` to `eos_token_id`:151645 for open-end generation.
Setting `pad_token_id` to `eos_token_id`:151645 for open-end generation.
Setting `pad_token_id` to `eos_token_id`:151645 for open-end generation.
Setting `pad_token_id` to `eos_token_id`:151645 for open-end generation.
Setting `pad_token_id` to `eos_token_id`:151645 for open-end generation.
Setting `pad_token_id` to `eos_token_id`:151645 for open-end generation.
Setting `pad_token_id` to `eos_token_id`:151645 for open-end generation.
Setting `pad_token_id` to `eos_token_id`:151645 for open-end generation.
Setting `pad_token_id` to `eos_token_id`:151645 for open-end generation.
Setting `pad_token_id` to `eos_token_id`:151645 for open-end generation.
Setting `pad_token_id` to `eos_token_id`:151645 for open-end generation.
Setting `pad_token_id` to `eos_token_id`:151645 for open-end generation.
Setting `pad_token_id` to `eos_token_id`:151645 for open-end generation.
Setting `pad_token_id` to `eos_token_id`:151645 for open-end generation.
Setting `pad_token_id` to `eos_token_id`:151645 for open-end generation.
Setting `pad_token_id` to `eos_token_id`:151645 for open-end generation.
Setting `pad_token_id` to `eos_token_id`:151645 for open-end generation.
  [19:13:43] 1380/4463 = 30.9% · 0.22 bước/giây · còn ~234 phút
Setting `pad_token_id` to `eos_token_id`:151645 for open-end generation.
Setting `pad_token_id` to `eos_token_id`:151645 for open-end generation.
Setting `pad_token_id` to `eos_token_id`:151645 for open-end generation.
Setting `pad_token_id` to `eos_token_id`:151645 for open-end generation.
Setting `pad_token_id` to `eos_token_id`:151645 for open-end generation.
Setting `pad_token_id` to `eos_token_id`:151645 for open-end generation.
Setting `pad_token_id` to `eos_token_id`:151645 for open-end generation.
Setting `pad_token_id` to `eos_token_id`:151645 for open-end generation.
Setting `pad_token_id` to `eos_token_id`:151645 for open-end generation.
Setting `pad_token_id` to `eos_token_id`:151645 for open-end generation.
Setting `pad_token_id` to `eos_token_id`:151645 for open-end generation.
Setting `pad_token_id` to `eos_token_id`:151645 for open-end generation.
Setting `pad_token_id` to `eos_token_id`:151645 for open-end generation.
Setting `pad_token_id` to `eos_token_id`:151645 for open-end generation.
Setting `pad_token_id` to `eos_token_id`:151645 for open-end generation.
Setting `pad_token_id` to `eos_token_id`:151645 for open-end generation.
Setting `pad_token_id` to `eos_token_id`:151645 for open-end generation.
Setting `pad_token_id` to `eos_token_id`:151645 for open-end generation.
Setting `pad_token_id` to `eos_token_id`:151645 for open-end generation.
Setting `pad_token_id` to `eos_token_id`:151645 for open-end generation.
  [19:15:14] 1400/4463 = 31.4% · 0.22 bước/giây · còn ~233 phút
Setting `pad_token_id` to `eos_token_id`:151645 for open-end generation.
Setting `pad_token_id` to `eos_token_id`:151645 for open-end generation.
Setting `pad_token_id` to `eos_token_id`:151645 for open-end generation.
Setting `pad_token_id` to `eos_token_id`:151645 for open-end generation.
Setting `pad_token_id` to `eos_token_id`:151645 for open-end generation.
Setting `pad_token_id` to `eos_token_id`:151645 for open-end generation.
Setting `pad_token_id` to `eos_token_id`:151645 for open-end generation.
Setting `pad_token_id` to `eos_token_id`:151645 for open-end generation.
Setting `pad_token_id` to `eos_token_id`:151645 for open-end generation.
Setting `pad_token_id` to `eos_token_id`:151645 for open-end generation.
Setting `pad_token_id` to `eos_token_id`:151645 for open-end generation.
Setting `pad_token_id` to `eos_token_id`:151645 for open-end generation.
Setting `pad_token_id` to `eos_token_id`:151645 for open-end generation.
Setting `pad_token_id` to `eos_token_id`:151645 for open-end generation.
Setting `pad_token_id` to `eos_token_id`:151645 for open-end generation.
Setting `pad_token_id` to `eos_token_id`:151645 for open-end generation.
Setting `pad_token_id` to `eos_token_id`:151645 for open-end generation.
Setting `pad_token_id` to `eos_token_id`:151645 for open-end generation.
Setting `pad_token_id` to `eos_token_id`:151645 for open-end generation.
Setting `pad_token_id` to `eos_token_id`:151645 for open-end generation.
  [19:16:44] 1420/4463 = 31.8% · 0.22 bước/giây · còn ~231 phút
Setting `pad_token_id` to `eos_token_id`:151645 for open-end generation.
Setting `pad_token_id` to `eos_token_id`:151645 for open-end generation.
Setting `pad_token_id` to `eos_token_id`:151645 for open-end generation.
Setting `pad_token_id` to `eos_token_id`:151645 for open-end generation.
Setting `pad_token_id` to `eos_token_id`:151645 for open-end generation.
Setting `pad_token_id` to `eos_token_id`:151645 for open-end generation.
Setting `pad_token_id` to `eos_token_id`:151645 for open-end generation.
Setting `pad_token_id` to `eos_token_id`:151645 for open-end generation.
Setting `pad_token_id` to `eos_token_id`:151645 for open-end generation.
Setting `pad_token_id` to `eos_token_id`:151645 for open-end generation.
Setting `pad_token_id` to `eos_token_id`:151645 for open-end generation.
Setting `pad_token_id` to `eos_token_id`:151645 for open-end generation.
Setting `pad_token_id` to `eos_token_id`:151645 for open-end generation.
Setting `pad_token_id` to `eos_token_id`:151645 for open-end generation.
Setting `pad_token_id` to `eos_token_id`:151645 for open-end generation.
Setting `pad_token_id` to `eos_token_id`:151645 for open-end generation.
Setting `pad_token_id` to `eos_token_id`:151645 for open-end generation.
Setting `pad_token_id` to `eos_token_id`:151645 for open-end generation.
Setting `pad_token_id` to `eos_token_id`:151645 for open-end generation.
Setting `pad_token_id` to `eos_token_id`:151645 for open-end generation.
  [19:18:15] 1440/4463 = 32.3% · 0.22 bước/giây · còn ~230 phút
Setting `pad_token_id` to `eos_token_id`:151645 for open-end generation.
Setting `pad_token_id` to `eos_token_id`:151645 for open-end generation.
Setting `pad_token_id` to `eos_token_id`:151645 for open-end generation.
Setting `pad_token_id` to `eos_token_id`:151645 for open-end generation.
Setting `pad_token_id` to `eos_token_id`:151645 for open-end generation.
Setting `pad_token_id` to `eos_token_id`:151645 for open-end generation.
Setting `pad_token_id` to `eos_token_id`:151645 for open-end generation.
Setting `pad_token_id` to `eos_token_id`:151645 for open-end generation.
Setting `pad_token_id` to `eos_token_id`:151645 for open-end generation.
Setting `pad_token_id` to `eos_token_id`:151645 for open-end generation.
Setting `pad_token_id` to `eos_token_id`:151645 for open-end generation.
Setting `pad_token_id` to `eos_token_id`:151645 for open-end generation.
Setting `pad_token_id` to `eos_token_id`:151645 for open-end generation.
Setting `pad_token_id` to `eos_token_id`:151645 for open-end generation.
Setting `pad_token_id` to `eos_token_id`:151645 for open-end generation.
Setting `pad_token_id` to `eos_token_id`:151645 for open-end generation.
Setting `pad_token_id` to `eos_token_id`:151645 for open-end generation.
Setting `pad_token_id` to `eos_token_id`:151645 for open-end generation.
Setting `pad_token_id` to `eos_token_id`:151645 for open-end generation.
Setting `pad_token_id` to `eos_token_id`:151645 for open-end generation.
  [19:19:46] 1460/4463 = 32.7% · 0.22 bước/giây · còn ~228 phút
Setting `pad_token_id` to `eos_token_id`:151645 for open-end generation.
Setting `pad_token_id` to `eos_token_id`:151645 for open-end generation.
Setting `pad_token_id` to `eos_token_id`:151645 for open-end generation.
Setting `pad_token_id` to `eos_token_id`:151645 for open-end generation.
Setting `pad_token_id` to `eos_token_id`:151645 for open-end generation.
Setting `pad_token_id` to `eos_token_id`:151645 for open-end generation.
Setting `pad_token_id` to `eos_token_id`:151645 for open-end generation.
Setting `pad_token_id` to `eos_token_id`:151645 for open-end generation.
Setting `pad_token_id` to `eos_token_id`:151645 for open-end generation.
Setting `pad_token_id` to `eos_token_id`:151645 for open-end generation.
Setting `pad_token_id` to `eos_token_id`:151645 for open-end generation.
Setting `pad_token_id` to `eos_token_id`:151645 for open-end generation.
Setting `pad_token_id` to `eos_token_id`:151645 for open-end generation.
Setting `pad_token_id` to `eos_token_id`:151645 for open-end generation.
Setting `pad_token_id` to `eos_token_id`:151645 for open-end generation.
Setting `pad_token_id` to `eos_token_id`:151645 for open-end generation.
Setting `pad_token_id` to `eos_token_id`:151645 for open-end generation.
Setting `pad_token_id` to `eos_token_id`:151645 for open-end generation.
Setting `pad_token_id` to `eos_token_id`:151645 for open-end generation.
  [19:21:12] 1480/4463 = 33.2% · 0.22 bước/giây · còn ~227 phút
Setting `pad_token_id` to `eos_token_id`:151645 for open-end generation.
Setting `pad_token_id` to `eos_token_id`:151645 for open-end generation.
Setting `pad_token_id` to `eos_token_id`:151645 for open-end generation.
Setting `pad_token_id` to `eos_token_id`:151645 for open-end generation.
Setting `pad_token_id` to `eos_token_id`:151645 for open-end generation.
Setting `pad_token_id` to `eos_token_id`:151645 for open-end generation.
Setting `pad_token_id` to `eos_token_id`:151645 for open-end generation.
Setting `pad_token_id` to `eos_token_id`:151645 for open-end generation.
Setting `pad_token_id` to `eos_token_id`:151645 for open-end generation.
Setting `pad_token_id` to `eos_token_id`:151645 for open-end generation.
Setting `pad_token_id` to `eos_token_id`:151645 for open-end generation.
Setting `pad_token_id` to `eos_token_id`:151645 for open-end generation.
Setting `pad_token_id` to `eos_token_id`:151645 for open-end generation.
Setting `pad_token_id` to `eos_token_id`:151645 for open-end generation.
Setting `pad_token_id` to `eos_token_id`:151645 for open-end generation.
Setting `pad_token_id` to `eos_token_id`:151645 for open-end generation.
Setting `pad_token_id` to `eos_token_id`:151645 for open-end generation.
Setting `pad_token_id` to `eos_token_id`:151645 for open-end generation.
Setting `pad_token_id` to `eos_token_id`:151645 for open-end generation.
Setting `pad_token_id` to `eos_token_id`:151645 for open-end generation.
  [19:22:43] 1500/4463 = 33.6% · 0.22 bước/giây · còn ~225 phút
Setting `pad_token_id` to `eos_token_id`:151645 for open-end generation.
Setting `pad_token_id` to `eos_token_id`:151645 for open-end generation.
Setting `pad_token_id` to `eos_token_id`:151645 for open-end generation.
Setting `pad_token_id` to `eos_token_id`:151645 for open-end generation.
Setting `pad_token_id` to `eos_token_id`:151645 for open-end generation.
Setting `pad_token_id` to `eos_token_id`:151645 for open-end generation.
Setting `pad_token_id` to `eos_token_id`:151645 for open-end generation.
Setting `pad_token_id` to `eos_token_id`:151645 for open-end generation.
Setting `pad_token_id` to `eos_token_id`:151645 for open-end generation.
Setting `pad_token_id` to `eos_token_id`:151645 for open-end generation.
Setting `pad_token_id` to `eos_token_id`:151645 for open-end generation.
Setting `pad_token_id` to `eos_token_id`:151645 for open-end generation.
Setting `pad_token_id` to `eos_token_id`:151645 for open-end generation.
Setting `pad_token_id` to `eos_token_id`:151645 for open-end generation.
Setting `pad_token_id` to `eos_token_id`:151645 for open-end generation.
Setting `pad_token_id` to `eos_token_id`:151645 for open-end generation.
Setting `pad_token_id` to `eos_token_id`:151645 for open-end generation.
Setting `pad_token_id` to `eos_token_id`:151645 for open-end generation.
Setting `pad_token_id` to `eos_token_id`:151645 for open-end generation.
Setting `pad_token_id` to `eos_token_id`:151645 for open-end generation.
  [19:24:14] 1520/4463 = 34.1% · 0.22 bước/giây · còn ~224 phút
Setting `pad_token_id` to `eos_token_id`:151645 for open-end generation.
Setting `pad_token_id` to `eos_token_id`:151645 for open-end generation.
Setting `pad_token_id` to `eos_token_id`:151645 for open-end generation.
Setting `pad_token_id` to `eos_token_id`:151645 for open-end generation.
Setting `pad_token_id` to `eos_token_id`:151645 for open-end generation.
Setting `pad_token_id` to `eos_token_id`:151645 for open-end generation.
Setting `pad_token_id` to `eos_token_id`:151645 for open-end generation.
Setting `pad_token_id` to `eos_token_id`:151645 for open-end generation.
Setting `pad_token_id` to `eos_token_id`:151645 for open-end generation.
Setting `pad_token_id` to `eos_token_id`:151645 for open-end generation.
Setting `pad_token_id` to `eos_token_id`:151645 for open-end generation.
Setting `pad_token_id` to `eos_token_id`:151645 for open-end generation.
Setting `pad_token_id` to `eos_token_id`:151645 for open-end generation.
Setting `pad_token_id` to `eos_token_id`:151645 for open-end generation.
Setting `pad_token_id` to `eos_token_id`:151645 for open-end generation.
Setting `pad_token_id` to `eos_token_id`:151645 for open-end generation.
Setting `pad_token_id` to `eos_token_id`:151645 for open-end generation.
Setting `pad_token_id` to `eos_token_id`:151645 for open-end generation.
Setting `pad_token_id` to `eos_token_id`:151645 for open-end generation.
Setting `pad_token_id` to `eos_token_id`:151645 for open-end generation.
  [19:25:44] 1540/4463 = 34.5% · 0.22 bước/giây · còn ~222 phút
Setting `pad_token_id` to `eos_token_id`:151645 for open-end generation.
Setting `pad_token_id` to `eos_token_id`:151645 for open-end generation.
Setting `pad_token_id` to `eos_token_id`:151645 for open-end generation.
Setting `pad_token_id` to `eos_token_id`:151645 for open-end generation.
Setting `pad_token_id` to `eos_token_id`:151645 for open-end generation.
Setting `pad_token_id` to `eos_token_id`:151645 for open-end generation.
Setting `pad_token_id` to `eos_token_id`:151645 for open-end generation.
Setting `pad_token_id` to `eos_token_id`:151645 for open-end generation.
Setting `pad_token_id` to `eos_token_id`:151645 for open-end generation.
Setting `pad_token_id` to `eos_token_id`:151645 for open-end generation.
Setting `pad_token_id` to `eos_token_id`:151645 for open-end generation.
Setting `pad_token_id` to `eos_token_id`:151645 for open-end generation.
Setting `pad_token_id` to `eos_token_id`:151645 for open-end generation.
Setting `pad_token_id` to `eos_token_id`:151645 for open-end generation.
Setting `pad_token_id` to `eos_token_id`:151645 for open-end generation.
Setting `pad_token_id` to `eos_token_id`:151645 for open-end generation.
Setting `pad_token_id` to `eos_token_id`:151645 for open-end generation.
Setting `pad_token_id` to `eos_token_id`:151645 for open-end generation.
Setting `pad_token_id` to `eos_token_id`:151645 for open-end generation.
Setting `pad_token_id` to `eos_token_id`:151645 for open-end generation.
  [19:27:16] 1560/4463 = 35.0% · 0.22 bước/giây · còn ~221 phút
Setting `pad_token_id` to `eos_token_id`:151645 for open-end generation.
Setting `pad_token_id` to `eos_token_id`:151645 for open-end generation.
Setting `pad_token_id` to `eos_token_id`:151645 for open-end generation.
Setting `pad_token_id` to `eos_token_id`:151645 for open-end generation.
Setting `pad_token_id` to `eos_token_id`:151645 for open-end generation.
Setting `pad_token_id` to `eos_token_id`:151645 for open-end generation.
Setting `pad_token_id` to `eos_token_id`:151645 for open-end generation.
Setting `pad_token_id` to `eos_token_id`:151645 for open-end generation.
Setting `pad_token_id` to `eos_token_id`:151645 for open-end generation.
Setting `pad_token_id` to `eos_token_id`:151645 for open-end generation.
Setting `pad_token_id` to `eos_token_id`:151645 for open-end generation.
Setting `pad_token_id` to `eos_token_id`:151645 for open-end generation.
Setting `pad_token_id` to `eos_token_id`:151645 for open-end generation.
Setting `pad_token_id` to `eos_token_id`:151645 for open-end generation.
Setting `pad_token_id` to `eos_token_id`:151645 for open-end generation.
Setting `pad_token_id` to `eos_token_id`:151645 for open-end generation.
Setting `pad_token_id` to `eos_token_id`:151645 for open-end generation.
Setting `pad_token_id` to `eos_token_id`:151645 for open-end generation.
Setting `pad_token_id` to `eos_token_id`:151645 for open-end generation.
Setting `pad_token_id` to `eos_token_id`:151645 for open-end generation.
  [19:28:47] 1580/4463 = 35.4% · 0.22 bước/giây · còn ~219 phút
Setting `pad_token_id` to `eos_token_id`:151645 for open-end generation.
Setting `pad_token_id` to `eos_token_id`:151645 for open-end generation.
Setting `pad_token_id` to `eos_token_id`:151645 for open-end generation.
Setting `pad_token_id` to `eos_token_id`:151645 for open-end generation.
Setting `pad_token_id` to `eos_token_id`:151645 for open-end generation.
Setting `pad_token_id` to `eos_token_id`:151645 for open-end generation.
Setting `pad_token_id` to `eos_token_id`:151645 for open-end generation.
Setting `pad_token_id` to `eos_token_id`:151645 for open-end generation.
Setting `pad_token_id` to `eos_token_id`:151645 for open-end generation.
Setting `pad_token_id` to `eos_token_id`:151645 for open-end generation.
Setting `pad_token_id` to `eos_token_id`:151645 for open-end generation.
Setting `pad_token_id` to `eos_token_id`:151645 for open-end generation.
Setting `pad_token_id` to `eos_token_id`:151645 for open-end generation.
Setting `pad_token_id` to `eos_token_id`:151645 for open-end generation.
Setting `pad_token_id` to `eos_token_id`:151645 for open-end generation.
Setting `pad_token_id` to `eos_token_id`:151645 for open-end generation.
Setting `pad_token_id` to `eos_token_id`:151645 for open-end generation.
Setting `pad_token_id` to `eos_token_id`:151645 for open-end generation.
Setting `pad_token_id` to `eos_token_id`:151645 for open-end generation.
  [19:30:14] 1600/4463 = 35.9% · 0.22 bước/giây · còn ~217 phút
Setting `pad_token_id` to `eos_token_id`:151645 for open-end generation.
Setting `pad_token_id` to `eos_token_id`:151645 for open-end generation.
Setting `pad_token_id` to `eos_token_id`:151645 for open-end generation.
Setting `pad_token_id` to `eos_token_id`:151645 for open-end generation.
Setting `pad_token_id` to `eos_token_id`:151645 for open-end generation.
Setting `pad_token_id` to `eos_token_id`:151645 for open-end generation.
Setting `pad_token_id` to `eos_token_id`:151645 for open-end generation.
Setting `pad_token_id` to `eos_token_id`:151645 for open-end generation.
Setting `pad_token_id` to `eos_token_id`:151645 for open-end generation.
Setting `pad_token_id` to `eos_token_id`:151645 for open-end generation.
Setting `pad_token_id` to `eos_token_id`:151645 for open-end generation.
Setting `pad_token_id` to `eos_token_id`:151645 for open-end generation.
Setting `pad_token_id` to `eos_token_id`:151645 for open-end generation.
Setting `pad_token_id` to `eos_token_id`:151645 for open-end generation.
Setting `pad_token_id` to `eos_token_id`:151645 for open-end generation.
Setting `pad_token_id` to `eos_token_id`:151645 for open-end generation.
Setting `pad_token_id` to `eos_token_id`:151645 for open-end generation.
Setting `pad_token_id` to `eos_token_id`:151645 for open-end generation.
Setting `pad_token_id` to `eos_token_id`:151645 for open-end generation.
Setting `pad_token_id` to `eos_token_id`:151645 for open-end generation.
  [19:31:45] 1620/4463 = 36.3% · 0.22 bước/giây · còn ~216 phút
Setting `pad_token_id` to `eos_token_id`:151645 for open-end generation.
Setting `pad_token_id` to `eos_token_id`:151645 for open-end generation.
Setting `pad_token_id` to `eos_token_id`:151645 for open-end generation.
Setting `pad_token_id` to `eos_token_id`:151645 for open-end generation.
Setting `pad_token_id` to `eos_token_id`:151645 for open-end generation.
Setting `pad_token_id` to `eos_token_id`:151645 for open-end generation.
Setting `pad_token_id` to `eos_token_id`:151645 for open-end generation.
Setting `pad_token_id` to `eos_token_id`:151645 for open-end generation.
Setting `pad_token_id` to `eos_token_id`:151645 for open-end generation.
Setting `pad_token_id` to `eos_token_id`:151645 for open-end generation.
Setting `pad_token_id` to `eos_token_id`:151645 for open-end generation.
Setting `pad_token_id` to `eos_token_id`:151645 for open-end generation.
Setting `pad_token_id` to `eos_token_id`:151645 for open-end generation.
Setting `pad_token_id` to `eos_token_id`:151645 for open-end generation.
Setting `pad_token_id` to `eos_token_id`:151645 for open-end generation.
Setting `pad_token_id` to `eos_token_id`:151645 for open-end generation.
Setting `pad_token_id` to `eos_token_id`:151645 for open-end generation.
Setting `pad_token_id` to `eos_token_id`:151645 for open-end generation.
Setting `pad_token_id` to `eos_token_id`:151645 for open-end generation.
Setting `pad_token_id` to `eos_token_id`:151645 for open-end generation.
  [19:33:15] 1640/4463 = 36.7% · 0.22 bước/giây · còn ~214 phút
Setting `pad_token_id` to `eos_token_id`:151645 for open-end generation.
Setting `pad_token_id` to `eos_token_id`:151645 for open-end generation.
Setting `pad_token_id` to `eos_token_id`:151645 for open-end generation.
Setting `pad_token_id` to `eos_token_id`:151645 for open-end generation.
Setting `pad_token_id` to `eos_token_id`:151645 for open-end generation.
Setting `pad_token_id` to `eos_token_id`:151645 for open-end generation.
Setting `pad_token_id` to `eos_token_id`:151645 for open-end generation.
Setting `pad_token_id` to `eos_token_id`:151645 for open-end generation.
Setting `pad_token_id` to `eos_token_id`:151645 for open-end generation.
Setting `pad_token_id` to `eos_token_id`:151645 for open-end generation.
Setting `pad_token_id` to `eos_token_id`:151645 for open-end generation.
Setting `pad_token_id` to `eos_token_id`:151645 for open-end generation.
Setting `pad_token_id` to `eos_token_id`:151645 for open-end generation.
Setting `pad_token_id` to `eos_token_id`:151645 for open-end generation.
Setting `pad_token_id` to `eos_token_id`:151645 for open-end generation.
Setting `pad_token_id` to `eos_token_id`:151645 for open-end generation.
Setting `pad_token_id` to `eos_token_id`:151645 for open-end generation.
Setting `pad_token_id` to `eos_token_id`:151645 for open-end generation.
Setting `pad_token_id` to `eos_token_id`:151645 for open-end generation.
Setting `pad_token_id` to `eos_token_id`:151645 for open-end generation.
  [19:34:46] 1660/4463 = 37.2% · 0.22 bước/giây · còn ~213 phút
Setting `pad_token_id` to `eos_token_id`:151645 for open-end generation.
Setting `pad_token_id` to `eos_token_id`:151645 for open-end generation.
Setting `pad_token_id` to `eos_token_id`:151645 for open-end generation.
Setting `pad_token_id` to `eos_token_id`:151645 for open-end generation.
Setting `pad_token_id` to `eos_token_id`:151645 for open-end generation.
Setting `pad_token_id` to `eos_token_id`:151645 for open-end generation.
Setting `pad_token_id` to `eos_token_id`:151645 for open-end generation.
Setting `pad_token_id` to `eos_token_id`:151645 for open-end generation.
Setting `pad_token_id` to `eos_token_id`:151645 for open-end generation.
Setting `pad_token_id` to `eos_token_id`:151645 for open-end generation.
Setting `pad_token_id` to `eos_token_id`:151645 for open-end generation.
Setting `pad_token_id` to `eos_token_id`:151645 for open-end generation.
Setting `pad_token_id` to `eos_token_id`:151645 for open-end generation.
Setting `pad_token_id` to `eos_token_id`:151645 for open-end generation.
Setting `pad_token_id` to `eos_token_id`:151645 for open-end generation.
Setting `pad_token_id` to `eos_token_id`:151645 for open-end generation.
Setting `pad_token_id` to `eos_token_id`:151645 for open-end generation.
Setting `pad_token_id` to `eos_token_id`:151645 for open-end generation.
Setting `pad_token_id` to `eos_token_id`:151645 for open-end generation.
Setting `pad_token_id` to `eos_token_id`:151645 for open-end generation.
  [19:36:16] 1680/4463 = 37.6% · 0.22 bước/giây · còn ~211 phút
Setting `pad_token_id` to `eos_token_id`:151645 for open-end generation.
Setting `pad_token_id` to `eos_token_id`:151645 for open-end generation.
Setting `pad_token_id` to `eos_token_id`:151645 for open-end generation.
Setting `pad_token_id` to `eos_token_id`:151645 for open-end generation.
Setting `pad_token_id` to `eos_token_id`:151645 for open-end generation.
Setting `pad_token_id` to `eos_token_id`:151645 for open-end generation.
Setting `pad_token_id` to `eos_token_id`:151645 for open-end generation.
Setting `pad_token_id` to `eos_token_id`:151645 for open-end generation.
Setting `pad_token_id` to `eos_token_id`:151645 for open-end generation.
Setting `pad_token_id` to `eos_token_id`:151645 for open-end generation.
Setting `pad_token_id` to `eos_token_id`:151645 for open-end generation.
Setting `pad_token_id` to `eos_token_id`:151645 for open-end generation.
Setting `pad_token_id` to `eos_token_id`:151645 for open-end generation.
Setting `pad_token_id` to `eos_token_id`:151645 for open-end generation.
Setting `pad_token_id` to `eos_token_id`:151645 for open-end generation.
Setting `pad_token_id` to `eos_token_id`:151645 for open-end generation.
Setting `pad_token_id` to `eos_token_id`:151645 for open-end generation.
Setting `pad_token_id` to `eos_token_id`:151645 for open-end generation.
Setting `pad_token_id` to `eos_token_id`:151645 for open-end generation.
Setting `pad_token_id` to `eos_token_id`:151645 for open-end generation.
  [19:37:48] 1700/4463 = 38.1% · 0.22 bước/giây · còn ~210 phút
Setting `pad_token_id` to `eos_token_id`:151645 for open-end generation.
Setting `pad_token_id` to `eos_token_id`:151645 for open-end generation.
Setting `pad_token_id` to `eos_token_id`:151645 for open-end generation.
Setting `pad_token_id` to `eos_token_id`:151645 for open-end generation.
Setting `pad_token_id` to `eos_token_id`:151645 for open-end generation.
Setting `pad_token_id` to `eos_token_id`:151645 for open-end generation.
Setting `pad_token_id` to `eos_token_id`:151645 for open-end generation.
Setting `pad_token_id` to `eos_token_id`:151645 for open-end generation.
Setting `pad_token_id` to `eos_token_id`:151645 for open-end generation.
Setting `pad_token_id` to `eos_token_id`:151645 for open-end generation.
Setting `pad_token_id` to `eos_token_id`:151645 for open-end generation.
Setting `pad_token_id` to `eos_token_id`:151645 for open-end generation.
Setting `pad_token_id` to `eos_token_id`:151645 for open-end generation.
Setting `pad_token_id` to `eos_token_id`:151645 for open-end generation.
Setting `pad_token_id` to `eos_token_id`:151645 for open-end generation.
Setting `pad_token_id` to `eos_token_id`:151645 for open-end generation.
Setting `pad_token_id` to `eos_token_id`:151645 for open-end generation.
Setting `pad_token_id` to `eos_token_id`:151645 for open-end generation.
Setting `pad_token_id` to `eos_token_id`:151645 for open-end generation.
Setting `pad_token_id` to `eos_token_id`:151645 for open-end generation.
  [19:39:18] 1720/4463 = 38.5% · 0.22 bước/giây · còn ~208 phút
Setting `pad_token_id` to `eos_token_id`:151645 for open-end generation.
Setting `pad_token_id` to `eos_token_id`:151645 for open-end generation.
Setting `pad_token_id` to `eos_token_id`:151645 for open-end generation.
Setting `pad_token_id` to `eos_token_id`:151645 for open-end generation.
Setting `pad_token_id` to `eos_token_id`:151645 for open-end generation.
Setting `pad_token_id` to `eos_token_id`:151645 for open-end generation.
Setting `pad_token_id` to `eos_token_id`:151645 for open-end generation.
Setting `pad_token_id` to `eos_token_id`:151645 for open-end generation.
Setting `pad_token_id` to `eos_token_id`:151645 for open-end generation.
Setting `pad_token_id` to `eos_token_id`:151645 for open-end generation.
Setting `pad_token_id` to `eos_token_id`:151645 for open-end generation.
Setting `pad_token_id` to `eos_token_id`:151645 for open-end generation.
Setting `pad_token_id` to `eos_token_id`:151645 for open-end generation.
Setting `pad_token_id` to `eos_token_id`:151645 for open-end generation.
Setting `pad_token_id` to `eos_token_id`:151645 for open-end generation.
Setting `pad_token_id` to `eos_token_id`:151645 for open-end generation.
Setting `pad_token_id` to `eos_token_id`:151645 for open-end generation.
Setting `pad_token_id` to `eos_token_id`:151645 for open-end generation.
Setting `pad_token_id` to `eos_token_id`:151645 for open-end generation.
Setting `pad_token_id` to `eos_token_id`:151645 for open-end generation.
  [19:40:50] 1740/4463 = 39.0% · 0.22 bước/giây · còn ~207 phút
Setting `pad_token_id` to `eos_token_id`:151645 for open-end generation.
Setting `pad_token_id` to `eos_token_id`:151645 for open-end generation.
Setting `pad_token_id` to `eos_token_id`:151645 for open-end generation.
Setting `pad_token_id` to `eos_token_id`:151645 for open-end generation.
Setting `pad_token_id` to `eos_token_id`:151645 for open-end generation.
Setting `pad_token_id` to `eos_token_id`:151645 for open-end generation.
Setting `pad_token_id` to `eos_token_id`:151645 for open-end generation.
Setting `pad_token_id` to `eos_token_id`:151645 for open-end generation.
Setting `pad_token_id` to `eos_token_id`:151645 for open-end generation.
Setting `pad_token_id` to `eos_token_id`:151645 for open-end generation.
Setting `pad_token_id` to `eos_token_id`:151645 for open-end generation.
Setting `pad_token_id` to `eos_token_id`:151645 for open-end generation.
Setting `pad_token_id` to `eos_token_id`:151645 for open-end generation.
Setting `pad_token_id` to `eos_token_id`:151645 for open-end generation.
Setting `pad_token_id` to `eos_token_id`:151645 for open-end generation.
Setting `pad_token_id` to `eos_token_id`:151645 for open-end generation.
Setting `pad_token_id` to `eos_token_id`:151645 for open-end generation.
Setting `pad_token_id` to `eos_token_id`:151645 for open-end generation.
Setting `pad_token_id` to `eos_token_id`:151645 for open-end generation.
Setting `pad_token_id` to `eos_token_id`:151645 for open-end generation.
  [19:42:21] 1760/4463 = 39.4% · 0.22 bước/giây · còn ~205 phút
Setting `pad_token_id` to `eos_token_id`:151645 for open-end generation.
Setting `pad_token_id` to `eos_token_id`:151645 for open-end generation.
Setting `pad_token_id` to `eos_token_id`:151645 for open-end generation.
Setting `pad_token_id` to `eos_token_id`:151645 for open-end generation.
Setting `pad_token_id` to `eos_token_id`:151645 for open-end generation.
Setting `pad_token_id` to `eos_token_id`:151645 for open-end generation.
Setting `pad_token_id` to `eos_token_id`:151645 for open-end generation.
Setting `pad_token_id` to `eos_token_id`:151645 for open-end generation.
Setting `pad_token_id` to `eos_token_id`:151645 for open-end generation.
Setting `pad_token_id` to `eos_token_id`:151645 for open-end generation.
Setting `pad_token_id` to `eos_token_id`:151645 for open-end generation.
Setting `pad_token_id` to `eos_token_id`:151645 for open-end generation.
Setting `pad_token_id` to `eos_token_id`:151645 for open-end generation.
Setting `pad_token_id` to `eos_token_id`:151645 for open-end generation.
Setting `pad_token_id` to `eos_token_id`:151645 for open-end generation.
Setting `pad_token_id` to `eos_token_id`:151645 for open-end generation.
Setting `pad_token_id` to `eos_token_id`:151645 for open-end generation.
Setting `pad_token_id` to `eos_token_id`:151645 for open-end generation.
Setting `pad_token_id` to `eos_token_id`:151645 for open-end generation.
Setting `pad_token_id` to `eos_token_id`:151645 for open-end generation.
  [19:43:51] 1780/4463 = 39.9% · 0.22 bước/giây · còn ~204 phút
Setting `pad_token_id` to `eos_token_id`:151645 for open-end generation.
Setting `pad_token_id` to `eos_token_id`:151645 for open-end generation.
Setting `pad_token_id` to `eos_token_id`:151645 for open-end generation.
Setting `pad_token_id` to `eos_token_id`:151645 for open-end generation.
Setting `pad_token_id` to `eos_token_id`:151645 for open-end generation.
Setting `pad_token_id` to `eos_token_id`:151645 for open-end generation.
Setting `pad_token_id` to `eos_token_id`:151645 for open-end generation.
Setting `pad_token_id` to `eos_token_id`:151645 for open-end generation.
Setting `pad_token_id` to `eos_token_id`:151645 for open-end generation.
Setting `pad_token_id` to `eos_token_id`:151645 for open-end generation.
Setting `pad_token_id` to `eos_token_id`:151645 for open-end generation.
Setting `pad_token_id` to `eos_token_id`:151645 for open-end generation.
Setting `pad_token_id` to `eos_token_id`:151645 for open-end generation.
Setting `pad_token_id` to `eos_token_id`:151645 for open-end generation.
Setting `pad_token_id` to `eos_token_id`:151645 for open-end generation.
Setting `pad_token_id` to `eos_token_id`:151645 for open-end generation.
Setting `pad_token_id` to `eos_token_id`:151645 for open-end generation.
Setting `pad_token_id` to `eos_token_id`:151645 for open-end generation.
Setting `pad_token_id` to `eos_token_id`:151645 for open-end generation.
Setting `pad_token_id` to `eos_token_id`:151645 for open-end generation.
  [19:45:22] 1800/4463 = 40.3% · 0.22 bước/giây · còn ~202 phút
Setting `pad_token_id` to `eos_token_id`:151645 for open-end generation.
Setting `pad_token_id` to `eos_token_id`:151645 for open-end generation.
Setting `pad_token_id` to `eos_token_id`:151645 for open-end generation.
Setting `pad_token_id` to `eos_token_id`:151645 for open-end generation.
Setting `pad_token_id` to `eos_token_id`:151645 for open-end generation.
Setting `pad_token_id` to `eos_token_id`:151645 for open-end generation.
Setting `pad_token_id` to `eos_token_id`:151645 for open-end generation.
Setting `pad_token_id` to `eos_token_id`:151645 for open-end generation.
Setting `pad_token_id` to `eos_token_id`:151645 for open-end generation.
Setting `pad_token_id` to `eos_token_id`:151645 for open-end generation.
Setting `pad_token_id` to `eos_token_id`:151645 for open-end generation.
Setting `pad_token_id` to `eos_token_id`:151645 for open-end generation.
Setting `pad_token_id` to `eos_token_id`:151645 for open-end generation.
Setting `pad_token_id` to `eos_token_id`:151645 for open-end generation.
Setting `pad_token_id` to `eos_token_id`:151645 for open-end generation.
Setting `pad_token_id` to `eos_token_id`:151645 for open-end generation.
Setting `pad_token_id` to `eos_token_id`:151645 for open-end generation.
Setting `pad_token_id` to `eos_token_id`:151645 for open-end generation.
Setting `pad_token_id` to `eos_token_id`:151645 for open-end generation.
Setting `pad_token_id` to `eos_token_id`:151645 for open-end generation.
  [19:46:53] 1820/4463 = 40.8% · 0.22 bước/giây · còn ~201 phút
Setting `pad_token_id` to `eos_token_id`:151645 for open-end generation.
Setting `pad_token_id` to `eos_token_id`:151645 for open-end generation.
Setting `pad_token_id` to `eos_token_id`:151645 for open-end generation.
Setting `pad_token_id` to `eos_token_id`:151645 for open-end generation.
Setting `pad_token_id` to `eos_token_id`:151645 for open-end generation.
Setting `pad_token_id` to `eos_token_id`:151645 for open-end generation.
Setting `pad_token_id` to `eos_token_id`:151645 for open-end generation.
Setting `pad_token_id` to `eos_token_id`:151645 for open-end generation.
Setting `pad_token_id` to `eos_token_id`:151645 for open-end generation.
Setting `pad_token_id` to `eos_token_id`:151645 for open-end generation.
Setting `pad_token_id` to `eos_token_id`:151645 for open-end generation.
Setting `pad_token_id` to `eos_token_id`:151645 for open-end generation.
Setting `pad_token_id` to `eos_token_id`:151645 for open-end generation.
Setting `pad_token_id` to `eos_token_id`:151645 for open-end generation.
Setting `pad_token_id` to `eos_token_id`:151645 for open-end generation.
Setting `pad_token_id` to `eos_token_id`:151645 for open-end generation.
Setting `pad_token_id` to `eos_token_id`:151645 for open-end generation.
Setting `pad_token_id` to `eos_token_id`:151645 for open-end generation.
Setting `pad_token_id` to `eos_token_id`:151645 for open-end generation.
Setting `pad_token_id` to `eos_token_id`:151645 for open-end generation.
  [19:48:25] 1840/4463 = 41.2% · 0.22 bước/giây · còn ~199 phút
Setting `pad_token_id` to `eos_token_id`:151645 for open-end generation.
Setting `pad_token_id` to `eos_token_id`:151645 for open-end generation.
Setting `pad_token_id` to `eos_token_id`:151645 for open-end generation.
Setting `pad_token_id` to `eos_token_id`:151645 for open-end generation.
Setting `pad_token_id` to `eos_token_id`:151645 for open-end generation.
Setting `pad_token_id` to `eos_token_id`:151645 for open-end generation.
Setting `pad_token_id` to `eos_token_id`:151645 for open-end generation.
Setting `pad_token_id` to `eos_token_id`:151645 for open-end generation.
Setting `pad_token_id` to `eos_token_id`:151645 for open-end generation.
Setting `pad_token_id` to `eos_token_id`:151645 for open-end generation.
Setting `pad_token_id` to `eos_token_id`:151645 for open-end generation.
Setting `pad_token_id` to `eos_token_id`:151645 for open-end generation.
Setting `pad_token_id` to `eos_token_id`:151645 for open-end generation.
Setting `pad_token_id` to `eos_token_id`:151645 for open-end generation.
Setting `pad_token_id` to `eos_token_id`:151645 for open-end generation.
Setting `pad_token_id` to `eos_token_id`:151645 for open-end generation.
Setting `pad_token_id` to `eos_token_id`:151645 for open-end generation.
Setting `pad_token_id` to `eos_token_id`:151645 for open-end generation.
Setting `pad_token_id` to `eos_token_id`:151645 for open-end generation.
Setting `pad_token_id` to `eos_token_id`:151645 for open-end generation.
  [19:49:56] 1860/4463 = 41.7% · 0.22 bước/giây · còn ~198 phút
Setting `pad_token_id` to `eos_token_id`:151645 for open-end generation.
Setting `pad_token_id` to `eos_token_id`:151645 for open-end generation.
Setting `pad_token_id` to `eos_token_id`:151645 for open-end generation.
Setting `pad_token_id` to `eos_token_id`:151645 for open-end generation.
Setting `pad_token_id` to `eos_token_id`:151645 for open-end generation.
Setting `pad_token_id` to `eos_token_id`:151645 for open-end generation.
Setting `pad_token_id` to `eos_token_id`:151645 for open-end generation.
Setting `pad_token_id` to `eos_token_id`:151645 for open-end generation.
Setting `pad_token_id` to `eos_token_id`:151645 for open-end generation.
Setting `pad_token_id` to `eos_token_id`:151645 for open-end generation.
Setting `pad_token_id` to `eos_token_id`:151645 for open-end generation.
Setting `pad_token_id` to `eos_token_id`:151645 for open-end generation.
Setting `pad_token_id` to `eos_token_id`:151645 for open-end generation.
Setting `pad_token_id` to `eos_token_id`:151645 for open-end generation.
Setting `pad_token_id` to `eos_token_id`:151645 for open-end generation.
Setting `pad_token_id` to `eos_token_id`:151645 for open-end generation.
Setting `pad_token_id` to `eos_token_id`:151645 for open-end generation.
Setting `pad_token_id` to `eos_token_id`:151645 for open-end generation.
Setting `pad_token_id` to `eos_token_id`:151645 for open-end generation.
Setting `pad_token_id` to `eos_token_id`:151645 for open-end generation.
  [19:51:26] 1880/4463 = 42.1% · 0.22 bước/giây · còn ~196 phút
Setting `pad_token_id` to `eos_token_id`:151645 for open-end generation.
Setting `pad_token_id` to `eos_token_id`:151645 for open-end generation.
Setting `pad_token_id` to `eos_token_id`:151645 for open-end generation.
Setting `pad_token_id` to `eos_token_id`:151645 for open-end generation.
Setting `pad_token_id` to `eos_token_id`:151645 for open-end generation.
Setting `pad_token_id` to `eos_token_id`:151645 for open-end generation.
Setting `pad_token_id` to `eos_token_id`:151645 for open-end generation.
Setting `pad_token_id` to `eos_token_id`:151645 for open-end generation.
Setting `pad_token_id` to `eos_token_id`:151645 for open-end generation.
Setting `pad_token_id` to `eos_token_id`:151645 for open-end generation.
Setting `pad_token_id` to `eos_token_id`:151645 for open-end generation.
Setting `pad_token_id` to `eos_token_id`:151645 for open-end generation.
Setting `pad_token_id` to `eos_token_id`:151645 for open-end generation.
Setting `pad_token_id` to `eos_token_id`:151645 for open-end generation.
Setting `pad_token_id` to `eos_token_id`:151645 for open-end generation.
Setting `pad_token_id` to `eos_token_id`:151645 for open-end generation.
Setting `pad_token_id` to `eos_token_id`:151645 for open-end generation.
Setting `pad_token_id` to `eos_token_id`:151645 for open-end generation.
Setting `pad_token_id` to `eos_token_id`:151645 for open-end generation.
Setting `pad_token_id` to `eos_token_id`:151645 for open-end generation.
  [19:52:57] 1900/4463 = 42.6% · 0.22 bước/giây · còn ~194 phút
Setting `pad_token_id` to `eos_token_id`:151645 for open-end generation.
Setting `pad_token_id` to `eos_token_id`:151645 for open-end generation.
Setting `pad_token_id` to `eos_token_id`:151645 for open-end generation.
Setting `pad_token_id` to `eos_token_id`:151645 for open-end generation.
Setting `pad_token_id` to `eos_token_id`:151645 for open-end generation.
Setting `pad_token_id` to `eos_token_id`:151645 for open-end generation.
Setting `pad_token_id` to `eos_token_id`:151645 for open-end generation.
Setting `pad_token_id` to `eos_token_id`:151645 for open-end generation.
Setting `pad_token_id` to `eos_token_id`:151645 for open-end generation.
Setting `pad_token_id` to `eos_token_id`:151645 for open-end generation.
Setting `pad_token_id` to `eos_token_id`:151645 for open-end generation.
Setting `pad_token_id` to `eos_token_id`:151645 for open-end generation.
Setting `pad_token_id` to `eos_token_id`:151645 for open-end generation.
Setting `pad_token_id` to `eos_token_id`:151645 for open-end generation.
Setting `pad_token_id` to `eos_token_id`:151645 for open-end generation.
Setting `pad_token_id` to `eos_token_id`:151645 for open-end generation.
Setting `pad_token_id` to `eos_token_id`:151645 for open-end generation.
Setting `pad_token_id` to `eos_token_id`:151645 for open-end generation.
Setting `pad_token_id` to `eos_token_id`:151645 for open-end generation.
Setting `pad_token_id` to `eos_token_id`:151645 for open-end generation.
  [19:54:28] 1920/4463 = 43.0% · 0.22 bước/giây · còn ~193 phút
Setting `pad_token_id` to `eos_token_id`:151645 for open-end generation.
Setting `pad_token_id` to `eos_token_id`:151645 for open-end generation.
Setting `pad_token_id` to `eos_token_id`:151645 for open-end generation.
Setting `pad_token_id` to `eos_token_id`:151645 for open-end generation.
Setting `pad_token_id` to `eos_token_id`:151645 for open-end generation.
Setting `pad_token_id` to `eos_token_id`:151645 for open-end generation.
Setting `pad_token_id` to `eos_token_id`:151645 for open-end generation.
Setting `pad_token_id` to `eos_token_id`:151645 for open-end generation.
Setting `pad_token_id` to `eos_token_id`:151645 for open-end generation.
Setting `pad_token_id` to `eos_token_id`:151645 for open-end generation.
Setting `pad_token_id` to `eos_token_id`:151645 for open-end generation.
Setting `pad_token_id` to `eos_token_id`:151645 for open-end generation.
Setting `pad_token_id` to `eos_token_id`:151645 for open-end generation.
Setting `pad_token_id` to `eos_token_id`:151645 for open-end generation.
Setting `pad_token_id` to `eos_token_id`:151645 for open-end generation.
Setting `pad_token_id` to `eos_token_id`:151645 for open-end generation.
Setting `pad_token_id` to `eos_token_id`:151645 for open-end generation.
Setting `pad_token_id` to `eos_token_id`:151645 for open-end generation.
Setting `pad_token_id` to `eos_token_id`:151645 for open-end generation.
Setting `pad_token_id` to `eos_token_id`:151645 for open-end generation.
  [19:55:59] 1940/4463 = 43.5% · 0.22 bước/giây · còn ~191 phút
Setting `pad_token_id` to `eos_token_id`:151645 for open-end generation.
Setting `pad_token_id` to `eos_token_id`:151645 for open-end generation.
Setting `pad_token_id` to `eos_token_id`:151645 for open-end generation.
Setting `pad_token_id` to `eos_token_id`:151645 for open-end generation.
Setting `pad_token_id` to `eos_token_id`:151645 for open-end generation.
Setting `pad_token_id` to `eos_token_id`:151645 for open-end generation.
Setting `pad_token_id` to `eos_token_id`:151645 for open-end generation.
Setting `pad_token_id` to `eos_token_id`:151645 for open-end generation.
Setting `pad_token_id` to `eos_token_id`:151645 for open-end generation.
Setting `pad_token_id` to `eos_token_id`:151645 for open-end generation.
Setting `pad_token_id` to `eos_token_id`:151645 for open-end generation.
Setting `pad_token_id` to `eos_token_id`:151645 for open-end generation.
Setting `pad_token_id` to `eos_token_id`:151645 for open-end generation.
Setting `pad_token_id` to `eos_token_id`:151645 for open-end generation.
Setting `pad_token_id` to `eos_token_id`:151645 for open-end generation.
Setting `pad_token_id` to `eos_token_id`:151645 for open-end generation.
Setting `pad_token_id` to `eos_token_id`:151645 for open-end generation.
Setting `pad_token_id` to `eos_token_id`:151645 for open-end generation.
Setting `pad_token_id` to `eos_token_id`:151645 for open-end generation.
Setting `pad_token_id` to `eos_token_id`:151645 for open-end generation.
  [19:57:30] 1960/4463 = 43.9% · 0.22 bước/giây · còn ~190 phút
Setting `pad_token_id` to `eos_token_id`:151645 for open-end generation.
Setting `pad_token_id` to `eos_token_id`:151645 for open-end generation.
Setting `pad_token_id` to `eos_token_id`:151645 for open-end generation.
Setting `pad_token_id` to `eos_token_id`:151645 for open-end generation.
Setting `pad_token_id` to `eos_token_id`:151645 for open-end generation.
Setting `pad_token_id` to `eos_token_id`:151645 for open-end generation.
Setting `pad_token_id` to `eos_token_id`:151645 for open-end generation.
Setting `pad_token_id` to `eos_token_id`:151645 for open-end generation.
Setting `pad_token_id` to `eos_token_id`:151645 for open-end generation.
Setting `pad_token_id` to `eos_token_id`:151645 for open-end generation.
Setting `pad_token_id` to `eos_token_id`:151645 for open-end generation.
Setting `pad_token_id` to `eos_token_id`:151645 for open-end generation.
Setting `pad_token_id` to `eos_token_id`:151645 for open-end generation.
Setting `pad_token_id` to `eos_token_id`:151645 for open-end generation.
Setting `pad_token_id` to `eos_token_id`:151645 for open-end generation.
Setting `pad_token_id` to `eos_token_id`:151645 for open-end generation.
Setting `pad_token_id` to `eos_token_id`:151645 for open-end generation.
Setting `pad_token_id` to `eos_token_id`:151645 for open-end generation.
Setting `pad_token_id` to `eos_token_id`:151645 for open-end generation.
Setting `pad_token_id` to `eos_token_id`:151645 for open-end generation.
  [19:59:01] 1980/4463 = 44.4% · 0.22 bước/giây · còn ~188 phút
Setting `pad_token_id` to `eos_token_id`:151645 for open-end generation.
Setting `pad_token_id` to `eos_token_id`:151645 for open-end generation.
Setting `pad_token_id` to `eos_token_id`:151645 for open-end generation.
Setting `pad_token_id` to `eos_token_id`:151645 for open-end generation.
Setting `pad_token_id` to `eos_token_id`:151645 for open-end generation.
Setting `pad_token_id` to `eos_token_id`:151645 for open-end generation.
Setting `pad_token_id` to `eos_token_id`:151645 for open-end generation.
Setting `pad_token_id` to `eos_token_id`:151645 for open-end generation.
Setting `pad_token_id` to `eos_token_id`:151645 for open-end generation.
Setting `pad_token_id` to `eos_token_id`:151645 for open-end generation.
Setting `pad_token_id` to `eos_token_id`:151645 for open-end generation.
Setting `pad_token_id` to `eos_token_id`:151645 for open-end generation.
Setting `pad_token_id` to `eos_token_id`:151645 for open-end generation.
Setting `pad_token_id` to `eos_token_id`:151645 for open-end generation.
Setting `pad_token_id` to `eos_token_id`:151645 for open-end generation.
Setting `pad_token_id` to `eos_token_id`:151645 for open-end generation.
Setting `pad_token_id` to `eos_token_id`:151645 for open-end generation.
Setting `pad_token_id` to `eos_token_id`:151645 for open-end generation.
Setting `pad_token_id` to `eos_token_id`:151645 for open-end generation.
Setting `pad_token_id` to `eos_token_id`:151645 for open-end generation.
  [20:00:31] 2000/4463 = 44.8% · 0.22 bước/giây · còn ~187 phút
Setting `pad_token_id` to `eos_token_id`:151645 for open-end generation.
Setting `pad_token_id` to `eos_token_id`:151645 for open-end generation.
Setting `pad_token_id` to `eos_token_id`:151645 for open-end generation.
Setting `pad_token_id` to `eos_token_id`:151645 for open-end generation.
Setting `pad_token_id` to `eos_token_id`:151645 for open-end generation.
Setting `pad_token_id` to `eos_token_id`:151645 for open-end generation.
Setting `pad_token_id` to `eos_token_id`:151645 for open-end generation.
Setting `pad_token_id` to `eos_token_id`:151645 for open-end generation.
Setting `pad_token_id` to `eos_token_id`:151645 for open-end generation.
Setting `pad_token_id` to `eos_token_id`:151645 for open-end generation.
Setting `pad_token_id` to `eos_token_id`:151645 for open-end generation.
Setting `pad_token_id` to `eos_token_id`:151645 for open-end generation.
Setting `pad_token_id` to `eos_token_id`:151645 for open-end generation.
Setting `pad_token_id` to `eos_token_id`:151645 for open-end generation.
Setting `pad_token_id` to `eos_token_id`:151645 for open-end generation.
Setting `pad_token_id` to `eos_token_id`:151645 for open-end generation.
Setting `pad_token_id` to `eos_token_id`:151645 for open-end generation.
Setting `pad_token_id` to `eos_token_id`:151645 for open-end generation.
Setting `pad_token_id` to `eos_token_id`:151645 for open-end generation.
Setting `pad_token_id` to `eos_token_id`:151645 for open-end generation.
  [20:02:02] 2020/4463 = 45.3% · 0.22 bước/giây · còn ~185 phút
Setting `pad_token_id` to `eos_token_id`:151645 for open-end generation.
Setting `pad_token_id` to `eos_token_id`:151645 for open-end generation.
Setting `pad_token_id` to `eos_token_id`:151645 for open-end generation.
Setting `pad_token_id` to `eos_token_id`:151645 for open-end generation.
Setting `pad_token_id` to `eos_token_id`:151645 for open-end generation.
Setting `pad_token_id` to `eos_token_id`:151645 for open-end generation.
Setting `pad_token_id` to `eos_token_id`:151645 for open-end generation.
Setting `pad_token_id` to `eos_token_id`:151645 for open-end generation.
Setting `pad_token_id` to `eos_token_id`:151645 for open-end generation.
Setting `pad_token_id` to `eos_token_id`:151645 for open-end generation.
Setting `pad_token_id` to `eos_token_id`:151645 for open-end generation.
Setting `pad_token_id` to `eos_token_id`:151645 for open-end generation.
Setting `pad_token_id` to `eos_token_id`:151645 for open-end generation.
Setting `pad_token_id` to `eos_token_id`:151645 for open-end generation.
Setting `pad_token_id` to `eos_token_id`:151645 for open-end generation.
Setting `pad_token_id` to `eos_token_id`:151645 for open-end generation.
Setting `pad_token_id` to `eos_token_id`:151645 for open-end generation.
Setting `pad_token_id` to `eos_token_id`:151645 for open-end generation.
Setting `pad_token_id` to `eos_token_id`:151645 for open-end generation.
Setting `pad_token_id` to `eos_token_id`:151645 for open-end generation.
  [20:03:33] 2040/4463 = 45.7% · 0.22 bước/giây · còn ~184 phút
Setting `pad_token_id` to `eos_token_id`:151645 for open-end generation.
Setting `pad_token_id` to `eos_token_id`:151645 for open-end generation.
Setting `pad_token_id` to `eos_token_id`:151645 for open-end generation.
Setting `pad_token_id` to `eos_token_id`:151645 for open-end generation.
Setting `pad_token_id` to `eos_token_id`:151645 for open-end generation.
Setting `pad_token_id` to `eos_token_id`:151645 for open-end generation.
Setting `pad_token_id` to `eos_token_id`:151645 for open-end generation.
Setting `pad_token_id` to `eos_token_id`:151645 for open-end generation.
Setting `pad_token_id` to `eos_token_id`:151645 for open-end generation.
Setting `pad_token_id` to `eos_token_id`:151645 for open-end generation.
Setting `pad_token_id` to `eos_token_id`:151645 for open-end generation.
Setting `pad_token_id` to `eos_token_id`:151645 for open-end generation.
Setting `pad_token_id` to `eos_token_id`:151645 for open-end generation.
Setting `pad_token_id` to `eos_token_id`:151645 for open-end generation.
Setting `pad_token_id` to `eos_token_id`:151645 for open-end generation.
Setting `pad_token_id` to `eos_token_id`:151645 for open-end generation.
Setting `pad_token_id` to `eos_token_id`:151645 for open-end generation.
Setting `pad_token_id` to `eos_token_id`:151645 for open-end generation.
Setting `pad_token_id` to `eos_token_id`:151645 for open-end generation.
Setting `pad_token_id` to `eos_token_id`:151645 for open-end generation.
  [20:05:03] 2060/4463 = 46.2% · 0.22 bước/giây · còn ~182 phút
Setting `pad_token_id` to `eos_token_id`:151645 for open-end generation.
Setting `pad_token_id` to `eos_token_id`:151645 for open-end generation.
Setting `pad_token_id` to `eos_token_id`:151645 for open-end generation.
Setting `pad_token_id` to `eos_token_id`:151645 for open-end generation.
Setting `pad_token_id` to `eos_token_id`:151645 for open-end generation.
Setting `pad_token_id` to `eos_token_id`:151645 for open-end generation.
Setting `pad_token_id` to `eos_token_id`:151645 for open-end generation.
Setting `pad_token_id` to `eos_token_id`:151645 for open-end generation.
Setting `pad_token_id` to `eos_token_id`:151645 for open-end generation.
Setting `pad_token_id` to `eos_token_id`:151645 for open-end generation.
Setting `pad_token_id` to `eos_token_id`:151645 for open-end generation.
Setting `pad_token_id` to `eos_token_id`:151645 for open-end generation.
Setting `pad_token_id` to `eos_token_id`:151645 for open-end generation.
Setting `pad_token_id` to `eos_token_id`:151645 for open-end generation.
Setting `pad_token_id` to `eos_token_id`:151645 for open-end generation.
Setting `pad_token_id` to `eos_token_id`:151645 for open-end generation.
Setting `pad_token_id` to `eos_token_id`:151645 for open-end generation.
Setting `pad_token_id` to `eos_token_id`:151645 for open-end generation.
Setting `pad_token_id` to `eos_token_id`:151645 for open-end generation.
Setting `pad_token_id` to `eos_token_id`:151645 for open-end generation.
  [20:06:32] 2080/4463 = 46.6% · 0.22 bước/giây · còn ~181 phút
Setting `pad_token_id` to `eos_token_id`:151645 for open-end generation.
Setting `pad_token_id` to `eos_token_id`:151645 for open-end generation.
Setting `pad_token_id` to `eos_token_id`:151645 for open-end generation.
Setting `pad_token_id` to `eos_token_id`:151645 for open-end generation.
Setting `pad_token_id` to `eos_token_id`:151645 for open-end generation.
Setting `pad_token_id` to `eos_token_id`:151645 for open-end generation.
Setting `pad_token_id` to `eos_token_id`:151645 for open-end generation.
Setting `pad_token_id` to `eos_token_id`:151645 for open-end generation.
Setting `pad_token_id` to `eos_token_id`:151645 for open-end generation.
Setting `pad_token_id` to `eos_token_id`:151645 for open-end generation.
Setting `pad_token_id` to `eos_token_id`:151645 for open-end generation.
Setting `pad_token_id` to `eos_token_id`:151645 for open-end generation.
Setting `pad_token_id` to `eos_token_id`:151645 for open-end generation.
Setting `pad_token_id` to `eos_token_id`:151645 for open-end generation.
Setting `pad_token_id` to `eos_token_id`:151645 for open-end generation.
Setting `pad_token_id` to `eos_token_id`:151645 for open-end generation.
Setting `pad_token_id` to `eos_token_id`:151645 for open-end generation.
Setting `pad_token_id` to `eos_token_id`:151645 for open-end generation.
Setting `pad_token_id` to `eos_token_id`:151645 for open-end generation.
Setting `pad_token_id` to `eos_token_id`:151645 for open-end generation.
  [20:08:04] 2100/4463 = 47.1% · 0.22 bước/giây · còn ~179 phút
Setting `pad_token_id` to `eos_token_id`:151645 for open-end generation.
Setting `pad_token_id` to `eos_token_id`:151645 for open-end generation.
Setting `pad_token_id` to `eos_token_id`:151645 for open-end generation.
Setting `pad_token_id` to `eos_token_id`:151645 for open-end generation.
Setting `pad_token_id` to `eos_token_id`:151645 for open-end generation.
Setting `pad_token_id` to `eos_token_id`:151645 for open-end generation.
Setting `pad_token_id` to `eos_token_id`:151645 for open-end generation.
Setting `pad_token_id` to `eos_token_id`:151645 for open-end generation.
Setting `pad_token_id` to `eos_token_id`:151645 for open-end generation.
Setting `pad_token_id` to `eos_token_id`:151645 for open-end generation.
Setting `pad_token_id` to `eos_token_id`:151645 for open-end generation.
Setting `pad_token_id` to `eos_token_id`:151645 for open-end generation.
Setting `pad_token_id` to `eos_token_id`:151645 for open-end generation.
Setting `pad_token_id` to `eos_token_id`:151645 for open-end generation.
Setting `pad_token_id` to `eos_token_id`:151645 for open-end generation.
Setting `pad_token_id` to `eos_token_id`:151645 for open-end generation.
Setting `pad_token_id` to `eos_token_id`:151645 for open-end generation.
Setting `pad_token_id` to `eos_token_id`:151645 for open-end generation.
Setting `pad_token_id` to `eos_token_id`:151645 for open-end generation.
Setting `pad_token_id` to `eos_token_id`:151645 for open-end generation.
  [20:09:35] 2120/4463 = 47.5% · 0.22 bước/giây · còn ~178 phút
Setting `pad_token_id` to `eos_token_id`:151645 for open-end generation.
Setting `pad_token_id` to `eos_token_id`:151645 for open-end generation.
Setting `pad_token_id` to `eos_token_id`:151645 for open-end generation.
Setting `pad_token_id` to `eos_token_id`:151645 for open-end generation.
Setting `pad_token_id` to `eos_token_id`:151645 for open-end generation.
Setting `pad_token_id` to `eos_token_id`:151645 for open-end generation.
Setting `pad_token_id` to `eos_token_id`:151645 for open-end generation.
Setting `pad_token_id` to `eos_token_id`:151645 for open-end generation.
Setting `pad_token_id` to `eos_token_id`:151645 for open-end generation.
Setting `pad_token_id` to `eos_token_id`:151645 for open-end generation.
Setting `pad_token_id` to `eos_token_id`:151645 for open-end generation.
Setting `pad_token_id` to `eos_token_id`:151645 for open-end generation.
Setting `pad_token_id` to `eos_token_id`:151645 for open-end generation.
Setting `pad_token_id` to `eos_token_id`:151645 for open-end generation.
Setting `pad_token_id` to `eos_token_id`:151645 for open-end generation.
Setting `pad_token_id` to `eos_token_id`:151645 for open-end generation.
Setting `pad_token_id` to `eos_token_id`:151645 for open-end generation.
Setting `pad_token_id` to `eos_token_id`:151645 for open-end generation.
Setting `pad_token_id` to `eos_token_id`:151645 for open-end generation.
Setting `pad_token_id` to `eos_token_id`:151645 for open-end generation.
  [20:11:06] 2140/4463 = 47.9% · 0.22 bước/giây · còn ~176 phút
Setting `pad_token_id` to `eos_token_id`:151645 for open-end generation.
Setting `pad_token_id` to `eos_token_id`:151645 for open-end generation.
Setting `pad_token_id` to `eos_token_id`:151645 for open-end generation.
Setting `pad_token_id` to `eos_token_id`:151645 for open-end generation.
Setting `pad_token_id` to `eos_token_id`:151645 for open-end generation.
Setting `pad_token_id` to `eos_token_id`:151645 for open-end generation.
Setting `pad_token_id` to `eos_token_id`:151645 for open-end generation.
Setting `pad_token_id` to `eos_token_id`:151645 for open-end generation.
Setting `pad_token_id` to `eos_token_id`:151645 for open-end generation.
Setting `pad_token_id` to `eos_token_id`:151645 for open-end generation.
Setting `pad_token_id` to `eos_token_id`:151645 for open-end generation.
Setting `pad_token_id` to `eos_token_id`:151645 for open-end generation.
Setting `pad_token_id` to `eos_token_id`:151645 for open-end generation.
Setting `pad_token_id` to `eos_token_id`:151645 for open-end generation.
Setting `pad_token_id` to `eos_token_id`:151645 for open-end generation.
Setting `pad_token_id` to `eos_token_id`:151645 for open-end generation.
Setting `pad_token_id` to `eos_token_id`:151645 for open-end generation.
Setting `pad_token_id` to `eos_token_id`:151645 for open-end generation.
Setting `pad_token_id` to `eos_token_id`:151645 for open-end generation.
Setting `pad_token_id` to `eos_token_id`:151645 for open-end generation.
  [20:12:38] 2160/4463 = 48.4% · 0.22 bước/giây · còn ~175 phút
Setting `pad_token_id` to `eos_token_id`:151645 for open-end generation.
Setting `pad_token_id` to `eos_token_id`:151645 for open-end generation.
Setting `pad_token_id` to `eos_token_id`:151645 for open-end generation.
Setting `pad_token_id` to `eos_token_id`:151645 for open-end generation.
Setting `pad_token_id` to `eos_token_id`:151645 for open-end generation.
Setting `pad_token_id` to `eos_token_id`:151645 for open-end generation.
Setting `pad_token_id` to `eos_token_id`:151645 for open-end generation.
Setting `pad_token_id` to `eos_token_id`:151645 for open-end generation.
Setting `pad_token_id` to `eos_token_id`:151645 for open-end generation.
Setting `pad_token_id` to `eos_token_id`:151645 for open-end generation.
Setting `pad_token_id` to `eos_token_id`:151645 for open-end generation.
Setting `pad_token_id` to `eos_token_id`:151645 for open-end generation.
Setting `pad_token_id` to `eos_token_id`:151645 for open-end generation.
Setting `pad_token_id` to `eos_token_id`:151645 for open-end generation.
Setting `pad_token_id` to `eos_token_id`:151645 for open-end generation.
Setting `pad_token_id` to `eos_token_id`:151645 for open-end generation.
Setting `pad_token_id` to `eos_token_id`:151645 for open-end generation.
Setting `pad_token_id` to `eos_token_id`:151645 for open-end generation.
Setting `pad_token_id` to `eos_token_id`:151645 for open-end generation.
Setting `pad_token_id` to `eos_token_id`:151645 for open-end generation.
  [20:14:08] 2180/4463 = 48.8% · 0.22 bước/giây · còn ~173 phút
Setting `pad_token_id` to `eos_token_id`:151645 for open-end generation.
Setting `pad_token_id` to `eos_token_id`:151645 for open-end generation.
Setting `pad_token_id` to `eos_token_id`:151645 for open-end generation.
Setting `pad_token_id` to `eos_token_id`:151645 for open-end generation.
Setting `pad_token_id` to `eos_token_id`:151645 for open-end generation.
Setting `pad_token_id` to `eos_token_id`:151645 for open-end generation.
Setting `pad_token_id` to `eos_token_id`:151645 for open-end generation.
Setting `pad_token_id` to `eos_token_id`:151645 for open-end generation.
Setting `pad_token_id` to `eos_token_id`:151645 for open-end generation.
Setting `pad_token_id` to `eos_token_id`:151645 for open-end generation.
Setting `pad_token_id` to `eos_token_id`:151645 for open-end generation.
Setting `pad_token_id` to `eos_token_id`:151645 for open-end generation.
Setting `pad_token_id` to `eos_token_id`:151645 for open-end generation.
Setting `pad_token_id` to `eos_token_id`:151645 for open-end generation.
Setting `pad_token_id` to `eos_token_id`:151645 for open-end generation.
Setting `pad_token_id` to `eos_token_id`:151645 for open-end generation.
Setting `pad_token_id` to `eos_token_id`:151645 for open-end generation.
Setting `pad_token_id` to `eos_token_id`:151645 for open-end generation.
Setting `pad_token_id` to `eos_token_id`:151645 for open-end generation.
Setting `pad_token_id` to `eos_token_id`:151645 for open-end generation.
  [20:15:39] 2200/4463 = 49.3% · 0.22 bước/giây · còn ~172 phút
Setting `pad_token_id` to `eos_token_id`:151645 for open-end generation.
Setting `pad_token_id` to `eos_token_id`:151645 for open-end generation.
Setting `pad_token_id` to `eos_token_id`:151645 for open-end generation.
Setting `pad_token_id` to `eos_token_id`:151645 for open-end generation.
Setting `pad_token_id` to `eos_token_id`:151645 for open-end generation.
Setting `pad_token_id` to `eos_token_id`:151645 for open-end generation.
Setting `pad_token_id` to `eos_token_id`:151645 for open-end generation.
Setting `pad_token_id` to `eos_token_id`:151645 for open-end generation.
Setting `pad_token_id` to `eos_token_id`:151645 for open-end generation.
Setting `pad_token_id` to `eos_token_id`:151645 for open-end generation.
Setting `pad_token_id` to `eos_token_id`:151645 for open-end generation.
Setting `pad_token_id` to `eos_token_id`:151645 for open-end generation.
Setting `pad_token_id` to `eos_token_id`:151645 for open-end generation.
Setting `pad_token_id` to `eos_token_id`:151645 for open-end generation.
Setting `pad_token_id` to `eos_token_id`:151645 for open-end generation.
Setting `pad_token_id` to `eos_token_id`:151645 for open-end generation.
Setting `pad_token_id` to `eos_token_id`:151645 for open-end generation.
Setting `pad_token_id` to `eos_token_id`:151645 for open-end generation.
Setting `pad_token_id` to `eos_token_id`:151645 for open-end generation.
Setting `pad_token_id` to `eos_token_id`:151645 for open-end generation.
  [20:17:10] 2220/4463 = 49.7% · 0.22 bước/giây · còn ~170 phút
Setting `pad_token_id` to `eos_token_id`:151645 for open-end generation.
Setting `pad_token_id` to `eos_token_id`:151645 for open-end generation.
Setting `pad_token_id` to `eos_token_id`:151645 for open-end generation.
Setting `pad_token_id` to `eos_token_id`:151645 for open-end generation.
Setting `pad_token_id` to `eos_token_id`:151645 for open-end generation.
Setting `pad_token_id` to `eos_token_id`:151645 for open-end generation.
Setting `pad_token_id` to `eos_token_id`:151645 for open-end generation.
Setting `pad_token_id` to `eos_token_id`:151645 for open-end generation.
Setting `pad_token_id` to `eos_token_id`:151645 for open-end generation.
Setting `pad_token_id` to `eos_token_id`:151645 for open-end generation.
Setting `pad_token_id` to `eos_token_id`:151645 for open-end generation.
Setting `pad_token_id` to `eos_token_id`:151645 for open-end generation.
Setting `pad_token_id` to `eos_token_id`:151645 for open-end generation.
Setting `pad_token_id` to `eos_token_id`:151645 for open-end generation.
Setting `pad_token_id` to `eos_token_id`:151645 for open-end generation.
Setting `pad_token_id` to `eos_token_id`:151645 for open-end generation.
Setting `pad_token_id` to `eos_token_id`:151645 for open-end generation.
Setting `pad_token_id` to `eos_token_id`:151645 for open-end generation.
Setting `pad_token_id` to `eos_token_id`:151645 for open-end generation.
Setting `pad_token_id` to `eos_token_id`:151645 for open-end generation.
  [20:18:41] 2240/4463 = 50.2% · 0.22 bước/giây · còn ~169 phút
Setting `pad_token_id` to `eos_token_id`:151645 for open-end generation.
Setting `pad_token_id` to `eos_token_id`:151645 for open-end generation.
Setting `pad_token_id` to `eos_token_id`:151645 for open-end generation.
Setting `pad_token_id` to `eos_token_id`:151645 for open-end generation.
Setting `pad_token_id` to `eos_token_id`:151645 for open-end generation.
Setting `pad_token_id` to `eos_token_id`:151645 for open-end generation.
Setting `pad_token_id` to `eos_token_id`:151645 for open-end generation.
Setting `pad_token_id` to `eos_token_id`:151645 for open-end generation.
Setting `pad_token_id` to `eos_token_id`:151645 for open-end generation.
Setting `pad_token_id` to `eos_token_id`:151645 for open-end generation.
Setting `pad_token_id` to `eos_token_id`:151645 for open-end generation.
Setting `pad_token_id` to `eos_token_id`:151645 for open-end generation.
Setting `pad_token_id` to `eos_token_id`:151645 for open-end generation.
Setting `pad_token_id` to `eos_token_id`:151645 for open-end generation.
Setting `pad_token_id` to `eos_token_id`:151645 for open-end generation.
Setting `pad_token_id` to `eos_token_id`:151645 for open-end generation.
Setting `pad_token_id` to `eos_token_id`:151645 for open-end generation.
Setting `pad_token_id` to `eos_token_id`:151645 for open-end generation.
Setting `pad_token_id` to `eos_token_id`:151645 for open-end generation.
Setting `pad_token_id` to `eos_token_id`:151645 for open-end generation.
  [20:20:12] 2260/4463 = 50.6% · 0.22 bước/giây · còn ~167 phút
Setting `pad_token_id` to `eos_token_id`:151645 for open-end generation.
Setting `pad_token_id` to `eos_token_id`:151645 for open-end generation.
Setting `pad_token_id` to `eos_token_id`:151645 for open-end generation.
Setting `pad_token_id` to `eos_token_id`:151645 for open-end generation.
Setting `pad_token_id` to `eos_token_id`:151645 for open-end generation.
Setting `pad_token_id` to `eos_token_id`:151645 for open-end generation.
Setting `pad_token_id` to `eos_token_id`:151645 for open-end generation.
Setting `pad_token_id` to `eos_token_id`:151645 for open-end generation.
Setting `pad_token_id` to `eos_token_id`:151645 for open-end generation.
Setting `pad_token_id` to `eos_token_id`:151645 for open-end generation.
Setting `pad_token_id` to `eos_token_id`:151645 for open-end generation.
Setting `pad_token_id` to `eos_token_id`:151645 for open-end generation.
Setting `pad_token_id` to `eos_token_id`:151645 for open-end generation.
Setting `pad_token_id` to `eos_token_id`:151645 for open-end generation.
Setting `pad_token_id` to `eos_token_id`:151645 for open-end generation.
Setting `pad_token_id` to `eos_token_id`:151645 for open-end generation.
Setting `pad_token_id` to `eos_token_id`:151645 for open-end generation.
Setting `pad_token_id` to `eos_token_id`:151645 for open-end generation.
Setting `pad_token_id` to `eos_token_id`:151645 for open-end generation.
Setting `pad_token_id` to `eos_token_id`:151645 for open-end generation.
  [20:21:43] 2280/4463 = 51.1% · 0.22 bước/giây · còn ~166 phút
Setting `pad_token_id` to `eos_token_id`:151645 for open-end generation.
Setting `pad_token_id` to `eos_token_id`:151645 for open-end generation.
Setting `pad_token_id` to `eos_token_id`:151645 for open-end generation.
Setting `pad_token_id` to `eos_token_id`:151645 for open-end generation.
Setting `pad_token_id` to `eos_token_id`:151645 for open-end generation.
Setting `pad_token_id` to `eos_token_id`:151645 for open-end generation.
Setting `pad_token_id` to `eos_token_id`:151645 for open-end generation.
Setting `pad_token_id` to `eos_token_id`:151645 for open-end generation.
Setting `pad_token_id` to `eos_token_id`:151645 for open-end generation.
Setting `pad_token_id` to `eos_token_id`:151645 for open-end generation.
Setting `pad_token_id` to `eos_token_id`:151645 for open-end generation.
Setting `pad_token_id` to `eos_token_id`:151645 for open-end generation.
Setting `pad_token_id` to `eos_token_id`:151645 for open-end generation.
Setting `pad_token_id` to `eos_token_id`:151645 for open-end generation.
Setting `pad_token_id` to `eos_token_id`:151645 for open-end generation.
Setting `pad_token_id` to `eos_token_id`:151645 for open-end generation.
Setting `pad_token_id` to `eos_token_id`:151645 for open-end generation.
Setting `pad_token_id` to `eos_token_id`:151645 for open-end generation.
Setting `pad_token_id` to `eos_token_id`:151645 for open-end generation.
Setting `pad_token_id` to `eos_token_id`:151645 for open-end generation.
  [20:23:14] 2300/4463 = 51.5% · 0.22 bước/giây · còn ~164 phút
Setting `pad_token_id` to `eos_token_id`:151645 for open-end generation.
Setting `pad_token_id` to `eos_token_id`:151645 for open-end generation.
Setting `pad_token_id` to `eos_token_id`:151645 for open-end generation.
Setting `pad_token_id` to `eos_token_id`:151645 for open-end generation.
Setting `pad_token_id` to `eos_token_id`:151645 for open-end generation.
Setting `pad_token_id` to `eos_token_id`:151645 for open-end generation.
Setting `pad_token_id` to `eos_token_id`:151645 for open-end generation.
Setting `pad_token_id` to `eos_token_id`:151645 for open-end generation.
Setting `pad_token_id` to `eos_token_id`:151645 for open-end generation.
Setting `pad_token_id` to `eos_token_id`:151645 for open-end generation.
Setting `pad_token_id` to `eos_token_id`:151645 for open-end generation.
Setting `pad_token_id` to `eos_token_id`:151645 for open-end generation.
Setting `pad_token_id` to `eos_token_id`:151645 for open-end generation.
Setting `pad_token_id` to `eos_token_id`:151645 for open-end generation.
Setting `pad_token_id` to `eos_token_id`:151645 for open-end generation.
Setting `pad_token_id` to `eos_token_id`:151645 for open-end generation.
Setting `pad_token_id` to `eos_token_id`:151645 for open-end generation.
Setting `pad_token_id` to `eos_token_id`:151645 for open-end generation.
Setting `pad_token_id` to `eos_token_id`:151645 for open-end generation.
Setting `pad_token_id` to `eos_token_id`:151645 for open-end generation.
  [20:24:45] 2320/4463 = 52.0% · 0.22 bước/giây · còn ~163 phút
Setting `pad_token_id` to `eos_token_id`:151645 for open-end generation.
Setting `pad_token_id` to `eos_token_id`:151645 for open-end generation.
Setting `pad_token_id` to `eos_token_id`:151645 for open-end generation.
Setting `pad_token_id` to `eos_token_id`:151645 for open-end generation.
Setting `pad_token_id` to `eos_token_id`:151645 for open-end generation.
Setting `pad_token_id` to `eos_token_id`:151645 for open-end generation.
Setting `pad_token_id` to `eos_token_id`:151645 for open-end generation.
Setting `pad_token_id` to `eos_token_id`:151645 for open-end generation.
Setting `pad_token_id` to `eos_token_id`:151645 for open-end generation.
Setting `pad_token_id` to `eos_token_id`:151645 for open-end generation.
Setting `pad_token_id` to `eos_token_id`:151645 for open-end generation.
Setting `pad_token_id` to `eos_token_id`:151645 for open-end generation.
Setting `pad_token_id` to `eos_token_id`:151645 for open-end generation.
Setting `pad_token_id` to `eos_token_id`:151645 for open-end generation.
Setting `pad_token_id` to `eos_token_id`:151645 for open-end generation.
Setting `pad_token_id` to `eos_token_id`:151645 for open-end generation.
Setting `pad_token_id` to `eos_token_id`:151645 for open-end generation.
Setting `pad_token_id` to `eos_token_id`:151645 for open-end generation.
Setting `pad_token_id` to `eos_token_id`:151645 for open-end generation.
Setting `pad_token_id` to `eos_token_id`:151645 for open-end generation.
  [20:26:16] 2340/4463 = 52.4% · 0.22 bước/giây · còn ~161 phút
Setting `pad_token_id` to `eos_token_id`:151645 for open-end generation.
Setting `pad_token_id` to `eos_token_id`:151645 for open-end generation.
Setting `pad_token_id` to `eos_token_id`:151645 for open-end generation.
Setting `pad_token_id` to `eos_token_id`:151645 for open-end generation.
Setting `pad_token_id` to `eos_token_id`:151645 for open-end generation.
Setting `pad_token_id` to `eos_token_id`:151645 for open-end generation.
Setting `pad_token_id` to `eos_token_id`:151645 for open-end generation.
Setting `pad_token_id` to `eos_token_id`:151645 for open-end generation.
Setting `pad_token_id` to `eos_token_id`:151645 for open-end generation.
Setting `pad_token_id` to `eos_token_id`:151645 for open-end generation.
Setting `pad_token_id` to `eos_token_id`:151645 for open-end generation.
Setting `pad_token_id` to `eos_token_id`:151645 for open-end generation.
Setting `pad_token_id` to `eos_token_id`:151645 for open-end generation.
Setting `pad_token_id` to `eos_token_id`:151645 for open-end generation.
Setting `pad_token_id` to `eos_token_id`:151645 for open-end generation.
Setting `pad_token_id` to `eos_token_id`:151645 for open-end generation.
Setting `pad_token_id` to `eos_token_id`:151645 for open-end generation.
Setting `pad_token_id` to `eos_token_id`:151645 for open-end generation.
Setting `pad_token_id` to `eos_token_id`:151645 for open-end generation.
  [20:27:43] 2360/4463 = 52.9% · 0.22 bước/giây · còn ~159 phút
Setting `pad_token_id` to `eos_token_id`:151645 for open-end generation.
Setting `pad_token_id` to `eos_token_id`:151645 for open-end generation.
Setting `pad_token_id` to `eos_token_id`:151645 for open-end generation.
Setting `pad_token_id` to `eos_token_id`:151645 for open-end generation.
Setting `pad_token_id` to `eos_token_id`:151645 for open-end generation.
Setting `pad_token_id` to `eos_token_id`:151645 for open-end generation.
Setting `pad_token_id` to `eos_token_id`:151645 for open-end generation.
Setting `pad_token_id` to `eos_token_id`:151645 for open-end generation.
Setting `pad_token_id` to `eos_token_id`:151645 for open-end generation.
Setting `pad_token_id` to `eos_token_id`:151645 for open-end generation.
Setting `pad_token_id` to `eos_token_id`:151645 for open-end generation.
Setting `pad_token_id` to `eos_token_id`:151645 for open-end generation.
Setting `pad_token_id` to `eos_token_id`:151645 for open-end generation.
Setting `pad_token_id` to `eos_token_id`:151645 for open-end generation.
Setting `pad_token_id` to `eos_token_id`:151645 for open-end generation.
Setting `pad_token_id` to `eos_token_id`:151645 for open-end generation.
Setting `pad_token_id` to `eos_token_id`:151645 for open-end generation.
Setting `pad_token_id` to `eos_token_id`:151645 for open-end generation.
Setting `pad_token_id` to `eos_token_id`:151645 for open-end generation.
Setting `pad_token_id` to `eos_token_id`:151645 for open-end generation.
  [20:29:13] 2380/4463 = 53.3% · 0.22 bước/giây · còn ~158 phút
Setting `pad_token_id` to `eos_token_id`:151645 for open-end generation.
Setting `pad_token_id` to `eos_token_id`:151645 for open-end generation.
Setting `pad_token_id` to `eos_token_id`:151645 for open-end generation.
Setting `pad_token_id` to `eos_token_id`:151645 for open-end generation.
Setting `pad_token_id` to `eos_token_id`:151645 for open-end generation.
Setting `pad_token_id` to `eos_token_id`:151645 for open-end generation.
Setting `pad_token_id` to `eos_token_id`:151645 for open-end generation.
Setting `pad_token_id` to `eos_token_id`:151645 for open-end generation.
Setting `pad_token_id` to `eos_token_id`:151645 for open-end generation.
Setting `pad_token_id` to `eos_token_id`:151645 for open-end generation.
Setting `pad_token_id` to `eos_token_id`:151645 for open-end generation.
Setting `pad_token_id` to `eos_token_id`:151645 for open-end generation.
Setting `pad_token_id` to `eos_token_id`:151645 for open-end generation.
Setting `pad_token_id` to `eos_token_id`:151645 for open-end generation.
Setting `pad_token_id` to `eos_token_id`:151645 for open-end generation.
Setting `pad_token_id` to `eos_token_id`:151645 for open-end generation.
Setting `pad_token_id` to `eos_token_id`:151645 for open-end generation.
Setting `pad_token_id` to `eos_token_id`:151645 for open-end generation.
Setting `pad_token_id` to `eos_token_id`:151645 for open-end generation.
Setting `pad_token_id` to `eos_token_id`:151645 for open-end generation.
  [20:30:44] 2400/4463 = 53.8% · 0.22 bước/giây · còn ~156 phút
Setting `pad_token_id` to `eos_token_id`:151645 for open-end generation.
Setting `pad_token_id` to `eos_token_id`:151645 for open-end generation.
Setting `pad_token_id` to `eos_token_id`:151645 for open-end generation.
Setting `pad_token_id` to `eos_token_id`:151645 for open-end generation.
Setting `pad_token_id` to `eos_token_id`:151645 for open-end generation.
Setting `pad_token_id` to `eos_token_id`:151645 for open-end generation.
Setting `pad_token_id` to `eos_token_id`:151645 for open-end generation.
Setting `pad_token_id` to `eos_token_id`:151645 for open-end generation.
Setting `pad_token_id` to `eos_token_id`:151645 for open-end generation.
Setting `pad_token_id` to `eos_token_id`:151645 for open-end generation.
Setting `pad_token_id` to `eos_token_id`:151645 for open-end generation.
Setting `pad_token_id` to `eos_token_id`:151645 for open-end generation.
Setting `pad_token_id` to `eos_token_id`:151645 for open-end generation.
Setting `pad_token_id` to `eos_token_id`:151645 for open-end generation.
Setting `pad_token_id` to `eos_token_id`:151645 for open-end generation.
Setting `pad_token_id` to `eos_token_id`:151645 for open-end generation.
Setting `pad_token_id` to `eos_token_id`:151645 for open-end generation.
Setting `pad_token_id` to `eos_token_id`:151645 for open-end generation.
Setting `pad_token_id` to `eos_token_id`:151645 for open-end generation.
Setting `pad_token_id` to `eos_token_id`:151645 for open-end generation.
  [20:32:15] 2420/4463 = 54.2% · 0.22 bước/giây · còn ~155 phút
Setting `pad_token_id` to `eos_token_id`:151645 for open-end generation.
Setting `pad_token_id` to `eos_token_id`:151645 for open-end generation.
Setting `pad_token_id` to `eos_token_id`:151645 for open-end generation.
Setting `pad_token_id` to `eos_token_id`:151645 for open-end generation.
Setting `pad_token_id` to `eos_token_id`:151645 for open-end generation.
Setting `pad_token_id` to `eos_token_id`:151645 for open-end generation.
Setting `pad_token_id` to `eos_token_id`:151645 for open-end generation.
Setting `pad_token_id` to `eos_token_id`:151645 for open-end generation.
Setting `pad_token_id` to `eos_token_id`:151645 for open-end generation.
Setting `pad_token_id` to `eos_token_id`:151645 for open-end generation.
Setting `pad_token_id` to `eos_token_id`:151645 for open-end generation.
Setting `pad_token_id` to `eos_token_id`:151645 for open-end generation.
Setting `pad_token_id` to `eos_token_id`:151645 for open-end generation.
Setting `pad_token_id` to `eos_token_id`:151645 for open-end generation.
Setting `pad_token_id` to `eos_token_id`:151645 for open-end generation.
Setting `pad_token_id` to `eos_token_id`:151645 for open-end generation.
Setting `pad_token_id` to `eos_token_id`:151645 for open-end generation.
Setting `pad_token_id` to `eos_token_id`:151645 for open-end generation.
Setting `pad_token_id` to `eos_token_id`:151645 for open-end generation.
Setting `pad_token_id` to `eos_token_id`:151645 for open-end generation.
  [20:33:45] 2440/4463 = 54.7% · 0.22 bước/giây · còn ~153 phút
Setting `pad_token_id` to `eos_token_id`:151645 for open-end generation.
Setting `pad_token_id` to `eos_token_id`:151645 for open-end generation.
Setting `pad_token_id` to `eos_token_id`:151645 for open-end generation.
Setting `pad_token_id` to `eos_token_id`:151645 for open-end generation.
Setting `pad_token_id` to `eos_token_id`:151645 for open-end generation.
Setting `pad_token_id` to `eos_token_id`:151645 for open-end generation.
Setting `pad_token_id` to `eos_token_id`:151645 for open-end generation.
Setting `pad_token_id` to `eos_token_id`:151645 for open-end generation.
Setting `pad_token_id` to `eos_token_id`:151645 for open-end generation.
Setting `pad_token_id` to `eos_token_id`:151645 for open-end generation.
Setting `pad_token_id` to `eos_token_id`:151645 for open-end generation.
Setting `pad_token_id` to `eos_token_id`:151645 for open-end generation.
Setting `pad_token_id` to `eos_token_id`:151645 for open-end generation.
Setting `pad_token_id` to `eos_token_id`:151645 for open-end generation.
Setting `pad_token_id` to `eos_token_id`:151645 for open-end generation.
Setting `pad_token_id` to `eos_token_id`:151645 for open-end generation.
Setting `pad_token_id` to `eos_token_id`:151645 for open-end generation.
Setting `pad_token_id` to `eos_token_id`:151645 for open-end generation.
Setting `pad_token_id` to `eos_token_id`:151645 for open-end generation.
Setting `pad_token_id` to `eos_token_id`:151645 for open-end generation.
  [20:35:16] 2460/4463 = 55.1% · 0.22 bước/giây · còn ~152 phút
Setting `pad_token_id` to `eos_token_id`:151645 for open-end generation.
Setting `pad_token_id` to `eos_token_id`:151645 for open-end generation.
Setting `pad_token_id` to `eos_token_id`:151645 for open-end generation.
Setting `pad_token_id` to `eos_token_id`:151645 for open-end generation.
Setting `pad_token_id` to `eos_token_id`:151645 for open-end generation.
Setting `pad_token_id` to `eos_token_id`:151645 for open-end generation.
Setting `pad_token_id` to `eos_token_id`:151645 for open-end generation.
Setting `pad_token_id` to `eos_token_id`:151645 for open-end generation.
Setting `pad_token_id` to `eos_token_id`:151645 for open-end generation.
Setting `pad_token_id` to `eos_token_id`:151645 for open-end generation.
Setting `pad_token_id` to `eos_token_id`:151645 for open-end generation.
Setting `pad_token_id` to `eos_token_id`:151645 for open-end generation.
Setting `pad_token_id` to `eos_token_id`:151645 for open-end generation.
Setting `pad_token_id` to `eos_token_id`:151645 for open-end generation.
Setting `pad_token_id` to `eos_token_id`:151645 for open-end generation.
Setting `pad_token_id` to `eos_token_id`:151645 for open-end generation.
Setting `pad_token_id` to `eos_token_id`:151645 for open-end generation.
Setting `pad_token_id` to `eos_token_id`:151645 for open-end generation.
Setting `pad_token_id` to `eos_token_id`:151645 for open-end generation.
Setting `pad_token_id` to `eos_token_id`:151645 for open-end generation.
  [20:36:46] 2480/4463 = 55.6% · 0.22 bước/giây · còn ~150 phút
Setting `pad_token_id` to `eos_token_id`:151645 for open-end generation.
Setting `pad_token_id` to `eos_token_id`:151645 for open-end generation.
Setting `pad_token_id` to `eos_token_id`:151645 for open-end generation.
Setting `pad_token_id` to `eos_token_id`:151645 for open-end generation.
Setting `pad_token_id` to `eos_token_id`:151645 for open-end generation.
Setting `pad_token_id` to `eos_token_id`:151645 for open-end generation.
Setting `pad_token_id` to `eos_token_id`:151645 for open-end generation.
Setting `pad_token_id` to `eos_token_id`:151645 for open-end generation.
Setting `pad_token_id` to `eos_token_id`:151645 for open-end generation.
Setting `pad_token_id` to `eos_token_id`:151645 for open-end generation.
Setting `pad_token_id` to `eos_token_id`:151645 for open-end generation.
Setting `pad_token_id` to `eos_token_id`:151645 for open-end generation.
Setting `pad_token_id` to `eos_token_id`:151645 for open-end generation.
Setting `pad_token_id` to `eos_token_id`:151645 for open-end generation.
Setting `pad_token_id` to `eos_token_id`:151645 for open-end generation.
Setting `pad_token_id` to `eos_token_id`:151645 for open-end generation.
Setting `pad_token_id` to `eos_token_id`:151645 for open-end generation.
Setting `pad_token_id` to `eos_token_id`:151645 for open-end generation.
Setting `pad_token_id` to `eos_token_id`:151645 for open-end generation.
Setting `pad_token_id` to `eos_token_id`:151645 for open-end generation.
  [20:38:17] 2500/4463 = 56.0% · 0.22 bước/giây · còn ~149 phút
Setting `pad_token_id` to `eos_token_id`:151645 for open-end generation.
Setting `pad_token_id` to `eos_token_id`:151645 for open-end generation.
Setting `pad_token_id` to `eos_token_id`:151645 for open-end generation.
Setting `pad_token_id` to `eos_token_id`:151645 for open-end generation.
Setting `pad_token_id` to `eos_token_id`:151645 for open-end generation.
Setting `pad_token_id` to `eos_token_id`:151645 for open-end generation.
Setting `pad_token_id` to `eos_token_id`:151645 for open-end generation.
Setting `pad_token_id` to `eos_token_id`:151645 for open-end generation.
Setting `pad_token_id` to `eos_token_id`:151645 for open-end generation.
Setting `pad_token_id` to `eos_token_id`:151645 for open-end generation.
Setting `pad_token_id` to `eos_token_id`:151645 for open-end generation.
Setting `pad_token_id` to `eos_token_id`:151645 for open-end generation.
Setting `pad_token_id` to `eos_token_id`:151645 for open-end generation.
Setting `pad_token_id` to `eos_token_id`:151645 for open-end generation.
Setting `pad_token_id` to `eos_token_id`:151645 for open-end generation.
Setting `pad_token_id` to `eos_token_id`:151645 for open-end generation.
Setting `pad_token_id` to `eos_token_id`:151645 for open-end generation.
Setting `pad_token_id` to `eos_token_id`:151645 for open-end generation.
Setting `pad_token_id` to `eos_token_id`:151645 for open-end generation.
Setting `pad_token_id` to `eos_token_id`:151645 for open-end generation.
  [20:39:48] 2520/4463 = 56.5% · 0.22 bước/giây · còn ~147 phút
Setting `pad_token_id` to `eos_token_id`:151645 for open-end generation.
Setting `pad_token_id` to `eos_token_id`:151645 for open-end generation.
Setting `pad_token_id` to `eos_token_id`:151645 for open-end generation.
Setting `pad_token_id` to `eos_token_id`:151645 for open-end generation.
Setting `pad_token_id` to `eos_token_id`:151645 for open-end generation.
Setting `pad_token_id` to `eos_token_id`:151645 for open-end generation.
Setting `pad_token_id` to `eos_token_id`:151645 for open-end generation.
Setting `pad_token_id` to `eos_token_id`:151645 for open-end generation.
Setting `pad_token_id` to `eos_token_id`:151645 for open-end generation.
Setting `pad_token_id` to `eos_token_id`:151645 for open-end generation.
Setting `pad_token_id` to `eos_token_id`:151645 for open-end generation.
Setting `pad_token_id` to `eos_token_id`:151645 for open-end generation.
Setting `pad_token_id` to `eos_token_id`:151645 for open-end generation.
Setting `pad_token_id` to `eos_token_id`:151645 for open-end generation.
Setting `pad_token_id` to `eos_token_id`:151645 for open-end generation.
Setting `pad_token_id` to `eos_token_id`:151645 for open-end generation.
Setting `pad_token_id` to `eos_token_id`:151645 for open-end generation.
Setting `pad_token_id` to `eos_token_id`:151645 for open-end generation.
Setting `pad_token_id` to `eos_token_id`:151645 for open-end generation.
Setting `pad_token_id` to `eos_token_id`:151645 for open-end generation.
  [20:41:19] 2540/4463 = 56.9% · 0.22 bước/giây · còn ~146 phút
Setting `pad_token_id` to `eos_token_id`:151645 for open-end generation.
Setting `pad_token_id` to `eos_token_id`:151645 for open-end generation.
Setting `pad_token_id` to `eos_token_id`:151645 for open-end generation.
Setting `pad_token_id` to `eos_token_id`:151645 for open-end generation.
Setting `pad_token_id` to `eos_token_id`:151645 for open-end generation.
Setting `pad_token_id` to `eos_token_id`:151645 for open-end generation.
Setting `pad_token_id` to `eos_token_id`:151645 for open-end generation.
Setting `pad_token_id` to `eos_token_id`:151645 for open-end generation.
Setting `pad_token_id` to `eos_token_id`:151645 for open-end generation.
Setting `pad_token_id` to `eos_token_id`:151645 for open-end generation.
Setting `pad_token_id` to `eos_token_id`:151645 for open-end generation.
Setting `pad_token_id` to `eos_token_id`:151645 for open-end generation.
Setting `pad_token_id` to `eos_token_id`:151645 for open-end generation.
Setting `pad_token_id` to `eos_token_id`:151645 for open-end generation.
Setting `pad_token_id` to `eos_token_id`:151645 for open-end generation.
Setting `pad_token_id` to `eos_token_id`:151645 for open-end generation.
Setting `pad_token_id` to `eos_token_id`:151645 for open-end generation.
Setting `pad_token_id` to `eos_token_id`:151645 for open-end generation.
Setting `pad_token_id` to `eos_token_id`:151645 for open-end generation.
Setting `pad_token_id` to `eos_token_id`:151645 for open-end generation.
  [20:42:50] 2560/4463 = 57.4% · 0.22 bước/giây · còn ~144 phút
Setting `pad_token_id` to `eos_token_id`:151645 for open-end generation.
Setting `pad_token_id` to `eos_token_id`:151645 for open-end generation.
Setting `pad_token_id` to `eos_token_id`:151645 for open-end generation.
Setting `pad_token_id` to `eos_token_id`:151645 for open-end generation.
Setting `pad_token_id` to `eos_token_id`:151645 for open-end generation.
Setting `pad_token_id` to `eos_token_id`:151645 for open-end generation.
Setting `pad_token_id` to `eos_token_id`:151645 for open-end generation.
Setting `pad_token_id` to `eos_token_id`:151645 for open-end generation.
Setting `pad_token_id` to `eos_token_id`:151645 for open-end generation.
Setting `pad_token_id` to `eos_token_id`:151645 for open-end generation.
Setting `pad_token_id` to `eos_token_id`:151645 for open-end generation.
Setting `pad_token_id` to `eos_token_id`:151645 for open-end generation.
Setting `pad_token_id` to `eos_token_id`:151645 for open-end generation.
Setting `pad_token_id` to `eos_token_id`:151645 for open-end generation.
Setting `pad_token_id` to `eos_token_id`:151645 for open-end generation.
Setting `pad_token_id` to `eos_token_id`:151645 for open-end generation.
Setting `pad_token_id` to `eos_token_id`:151645 for open-end generation.
Setting `pad_token_id` to `eos_token_id`:151645 for open-end generation.
Setting `pad_token_id` to `eos_token_id`:151645 for open-end generation.
Setting `pad_token_id` to `eos_token_id`:151645 for open-end generation.
  [20:44:21] 2580/4463 = 57.8% · 0.22 bước/giây · còn ~143 phút
Setting `pad_token_id` to `eos_token_id`:151645 for open-end generation.
Setting `pad_token_id` to `eos_token_id`:151645 for open-end generation.
Setting `pad_token_id` to `eos_token_id`:151645 for open-end generation.
Setting `pad_token_id` to `eos_token_id`:151645 for open-end generation.
Setting `pad_token_id` to `eos_token_id`:151645 for open-end generation.
Setting `pad_token_id` to `eos_token_id`:151645 for open-end generation.
Setting `pad_token_id` to `eos_token_id`:151645 for open-end generation.
Setting `pad_token_id` to `eos_token_id`:151645 for open-end generation.
Setting `pad_token_id` to `eos_token_id`:151645 for open-end generation.
Setting `pad_token_id` to `eos_token_id`:151645 for open-end generation.
Setting `pad_token_id` to `eos_token_id`:151645 for open-end generation.
Setting `pad_token_id` to `eos_token_id`:151645 for open-end generation.
Setting `pad_token_id` to `eos_token_id`:151645 for open-end generation.
Setting `pad_token_id` to `eos_token_id`:151645 for open-end generation.
Setting `pad_token_id` to `eos_token_id`:151645 for open-end generation.
Setting `pad_token_id` to `eos_token_id`:151645 for open-end generation.
Setting `pad_token_id` to `eos_token_id`:151645 for open-end generation.
Setting `pad_token_id` to `eos_token_id`:151645 for open-end generation.
Setting `pad_token_id` to `eos_token_id`:151645 for open-end generation.
Setting `pad_token_id` to `eos_token_id`:151645 for open-end generation.
  [20:45:53] 2600/4463 = 58.3% · 0.22 bước/giây · còn ~141 phút
Setting `pad_token_id` to `eos_token_id`:151645 for open-end generation.
Setting `pad_token_id` to `eos_token_id`:151645 for open-end generation.
Setting `pad_token_id` to `eos_token_id`:151645 for open-end generation.
Setting `pad_token_id` to `eos_token_id`:151645 for open-end generation.
Setting `pad_token_id` to `eos_token_id`:151645 for open-end generation.
Setting `pad_token_id` to `eos_token_id`:151645 for open-end generation.
Setting `pad_token_id` to `eos_token_id`:151645 for open-end generation.
Setting `pad_token_id` to `eos_token_id`:151645 for open-end generation.
Setting `pad_token_id` to `eos_token_id`:151645 for open-end generation.
Setting `pad_token_id` to `eos_token_id`:151645 for open-end generation.
Setting `pad_token_id` to `eos_token_id`:151645 for open-end generation.
Setting `pad_token_id` to `eos_token_id`:151645 for open-end generation.
Setting `pad_token_id` to `eos_token_id`:151645 for open-end generation.
Setting `pad_token_id` to `eos_token_id`:151645 for open-end generation.
Setting `pad_token_id` to `eos_token_id`:151645 for open-end generation.
Setting `pad_token_id` to `eos_token_id`:151645 for open-end generation.
Setting `pad_token_id` to `eos_token_id`:151645 for open-end generation.
Setting `pad_token_id` to `eos_token_id`:151645 for open-end generation.
Setting `pad_token_id` to `eos_token_id`:151645 for open-end generation.
Setting `pad_token_id` to `eos_token_id`:151645 for open-end generation.
  [20:47:24] 2620/4463 = 58.7% · 0.22 bước/giây · còn ~140 phút
Setting `pad_token_id` to `eos_token_id`:151645 for open-end generation.
Setting `pad_token_id` to `eos_token_id`:151645 for open-end generation.
Setting `pad_token_id` to `eos_token_id`:151645 for open-end generation.
Setting `pad_token_id` to `eos_token_id`:151645 for open-end generation.
Setting `pad_token_id` to `eos_token_id`:151645 for open-end generation.
Setting `pad_token_id` to `eos_token_id`:151645 for open-end generation.
Setting `pad_token_id` to `eos_token_id`:151645 for open-end generation.
Setting `pad_token_id` to `eos_token_id`:151645 for open-end generation.
Setting `pad_token_id` to `eos_token_id`:151645 for open-end generation.
Setting `pad_token_id` to `eos_token_id`:151645 for open-end generation.
Setting `pad_token_id` to `eos_token_id`:151645 for open-end generation.
Setting `pad_token_id` to `eos_token_id`:151645 for open-end generation.
Setting `pad_token_id` to `eos_token_id`:151645 for open-end generation.
Setting `pad_token_id` to `eos_token_id`:151645 for open-end generation.
Setting `pad_token_id` to `eos_token_id`:151645 for open-end generation.
Setting `pad_token_id` to `eos_token_id`:151645 for open-end generation.
Setting `pad_token_id` to `eos_token_id`:151645 for open-end generation.
Setting `pad_token_id` to `eos_token_id`:151645 for open-end generation.
Setting `pad_token_id` to `eos_token_id`:151645 for open-end generation.
  [20:48:50] 2640/4463 = 59.2% · 0.22 bước/giây · còn ~138 phút
Setting `pad_token_id` to `eos_token_id`:151645 for open-end generation.
Setting `pad_token_id` to `eos_token_id`:151645 for open-end generation.
Setting `pad_token_id` to `eos_token_id`:151645 for open-end generation.
Setting `pad_token_id` to `eos_token_id`:151645 for open-end generation.
Setting `pad_token_id` to `eos_token_id`:151645 for open-end generation.
Setting `pad_token_id` to `eos_token_id`:151645 for open-end generation.
Setting `pad_token_id` to `eos_token_id`:151645 for open-end generation.
Setting `pad_token_id` to `eos_token_id`:151645 for open-end generation.
Setting `pad_token_id` to `eos_token_id`:151645 for open-end generation.
Setting `pad_token_id` to `eos_token_id`:151645 for open-end generation.
Setting `pad_token_id` to `eos_token_id`:151645 for open-end generation.
Setting `pad_token_id` to `eos_token_id`:151645 for open-end generation.
Setting `pad_token_id` to `eos_token_id`:151645 for open-end generation.
Setting `pad_token_id` to `eos_token_id`:151645 for open-end generation.
Setting `pad_token_id` to `eos_token_id`:151645 for open-end generation.
Setting `pad_token_id` to `eos_token_id`:151645 for open-end generation.
Setting `pad_token_id` to `eos_token_id`:151645 for open-end generation.
Setting `pad_token_id` to `eos_token_id`:151645 for open-end generation.
Setting `pad_token_id` to `eos_token_id`:151645 for open-end generation.
Setting `pad_token_id` to `eos_token_id`:151645 for open-end generation.
  [20:50:21] 2660/4463 = 59.6% · 0.22 bước/giây · còn ~137 phút
Setting `pad_token_id` to `eos_token_id`:151645 for open-end generation.
Setting `pad_token_id` to `eos_token_id`:151645 for open-end generation.
Setting `pad_token_id` to `eos_token_id`:151645 for open-end generation.
Setting `pad_token_id` to `eos_token_id`:151645 for open-end generation.
Setting `pad_token_id` to `eos_token_id`:151645 for open-end generation.
Setting `pad_token_id` to `eos_token_id`:151645 for open-end generation.
Setting `pad_token_id` to `eos_token_id`:151645 for open-end generation.
Setting `pad_token_id` to `eos_token_id`:151645 for open-end generation.
Setting `pad_token_id` to `eos_token_id`:151645 for open-end generation.
Setting `pad_token_id` to `eos_token_id`:151645 for open-end generation.
Setting `pad_token_id` to `eos_token_id`:151645 for open-end generation.
Setting `pad_token_id` to `eos_token_id`:151645 for open-end generation.
Setting `pad_token_id` to `eos_token_id`:151645 for open-end generation.
Setting `pad_token_id` to `eos_token_id`:151645 for open-end generation.
Setting `pad_token_id` to `eos_token_id`:151645 for open-end generation.
Setting `pad_token_id` to `eos_token_id`:151645 for open-end generation.
Setting `pad_token_id` to `eos_token_id`:151645 for open-end generation.
Setting `pad_token_id` to `eos_token_id`:151645 for open-end generation.
Setting `pad_token_id` to `eos_token_id`:151645 for open-end generation.
Setting `pad_token_id` to `eos_token_id`:151645 for open-end generation.
  [20:51:52] 2680/4463 = 60.0% · 0.22 bước/giây · còn ~135 phút
Setting `pad_token_id` to `eos_token_id`:151645 for open-end generation.
Setting `pad_token_id` to `eos_token_id`:151645 for open-end generation.
Setting `pad_token_id` to `eos_token_id`:151645 for open-end generation.
Setting `pad_token_id` to `eos_token_id`:151645 for open-end generation.
Setting `pad_token_id` to `eos_token_id`:151645 for open-end generation.
Setting `pad_token_id` to `eos_token_id`:151645 for open-end generation.
Setting `pad_token_id` to `eos_token_id`:151645 for open-end generation.
Setting `pad_token_id` to `eos_token_id`:151645 for open-end generation.
Setting `pad_token_id` to `eos_token_id`:151645 for open-end generation.
Setting `pad_token_id` to `eos_token_id`:151645 for open-end generation.
Setting `pad_token_id` to `eos_token_id`:151645 for open-end generation.
Setting `pad_token_id` to `eos_token_id`:151645 for open-end generation.
Setting `pad_token_id` to `eos_token_id`:151645 for open-end generation.
Setting `pad_token_id` to `eos_token_id`:151645 for open-end generation.
Setting `pad_token_id` to `eos_token_id`:151645 for open-end generation.
Setting `pad_token_id` to `eos_token_id`:151645 for open-end generation.
Setting `pad_token_id` to `eos_token_id`:151645 for open-end generation.
Setting `pad_token_id` to `eos_token_id`:151645 for open-end generation.
Setting `pad_token_id` to `eos_token_id`:151645 for open-end generation.
Setting `pad_token_id` to `eos_token_id`:151645 for open-end generation.
  [20:53:23] 2700/4463 = 60.5% · 0.22 bước/giây · còn ~134 phút
Setting `pad_token_id` to `eos_token_id`:151645 for open-end generation.
Setting `pad_token_id` to `eos_token_id`:151645 for open-end generation.
Setting `pad_token_id` to `eos_token_id`:151645 for open-end generation.
Setting `pad_token_id` to `eos_token_id`:151645 for open-end generation.
Setting `pad_token_id` to `eos_token_id`:151645 for open-end generation.
Setting `pad_token_id` to `eos_token_id`:151645 for open-end generation.
Setting `pad_token_id` to `eos_token_id`:151645 for open-end generation.
Setting `pad_token_id` to `eos_token_id`:151645 for open-end generation.
Setting `pad_token_id` to `eos_token_id`:151645 for open-end generation.
Setting `pad_token_id` to `eos_token_id`:151645 for open-end generation.
Setting `pad_token_id` to `eos_token_id`:151645 for open-end generation.
Setting `pad_token_id` to `eos_token_id`:151645 for open-end generation.
Setting `pad_token_id` to `eos_token_id`:151645 for open-end generation.
Setting `pad_token_id` to `eos_token_id`:151645 for open-end generation.
Setting `pad_token_id` to `eos_token_id`:151645 for open-end generation.
Setting `pad_token_id` to `eos_token_id`:151645 for open-end generation.
Setting `pad_token_id` to `eos_token_id`:151645 for open-end generation.
Setting `pad_token_id` to `eos_token_id`:151645 for open-end generation.
Setting `pad_token_id` to `eos_token_id`:151645 for open-end generation.
Setting `pad_token_id` to `eos_token_id`:151645 for open-end generation.
  [20:54:54] 2720/4463 = 60.9% · 0.22 bước/giây · còn ~132 phút
Setting `pad_token_id` to `eos_token_id`:151645 for open-end generation.
Setting `pad_token_id` to `eos_token_id`:151645 for open-end generation.
Setting `pad_token_id` to `eos_token_id`:151645 for open-end generation.
Setting `pad_token_id` to `eos_token_id`:151645 for open-end generation.
Setting `pad_token_id` to `eos_token_id`:151645 for open-end generation.
Setting `pad_token_id` to `eos_token_id`:151645 for open-end generation.
Setting `pad_token_id` to `eos_token_id`:151645 for open-end generation.
Setting `pad_token_id` to `eos_token_id`:151645 for open-end generation.
Setting `pad_token_id` to `eos_token_id`:151645 for open-end generation.
Setting `pad_token_id` to `eos_token_id`:151645 for open-end generation.
Setting `pad_token_id` to `eos_token_id`:151645 for open-end generation.
Setting `pad_token_id` to `eos_token_id`:151645 for open-end generation.
Setting `pad_token_id` to `eos_token_id`:151645 for open-end generation.
Setting `pad_token_id` to `eos_token_id`:151645 for open-end generation.
Setting `pad_token_id` to `eos_token_id`:151645 for open-end generation.
Setting `pad_token_id` to `eos_token_id`:151645 for open-end generation.
Setting `pad_token_id` to `eos_token_id`:151645 for open-end generation.
Setting `pad_token_id` to `eos_token_id`:151645 for open-end generation.
Setting `pad_token_id` to `eos_token_id`:151645 for open-end generation.
Setting `pad_token_id` to `eos_token_id`:151645 for open-end generation.
  [20:56:25] 2740/4463 = 61.4% · 0.22 bước/giây · còn ~131 phút
Setting `pad_token_id` to `eos_token_id`:151645 for open-end generation.
Setting `pad_token_id` to `eos_token_id`:151645 for open-end generation.
Setting `pad_token_id` to `eos_token_id`:151645 for open-end generation.
Setting `pad_token_id` to `eos_token_id`:151645 for open-end generation.
Setting `pad_token_id` to `eos_token_id`:151645 for open-end generation.
Setting `pad_token_id` to `eos_token_id`:151645 for open-end generation.
Setting `pad_token_id` to `eos_token_id`:151645 for open-end generation.
Setting `pad_token_id` to `eos_token_id`:151645 for open-end generation.
Setting `pad_token_id` to `eos_token_id`:151645 for open-end generation.
Setting `pad_token_id` to `eos_token_id`:151645 for open-end generation.
Setting `pad_token_id` to `eos_token_id`:151645 for open-end generation.
Setting `pad_token_id` to `eos_token_id`:151645 for open-end generation.
Setting `pad_token_id` to `eos_token_id`:151645 for open-end generation.
Setting `pad_token_id` to `eos_token_id`:151645 for open-end generation.
Setting `pad_token_id` to `eos_token_id`:151645 for open-end generation.
Setting `pad_token_id` to `eos_token_id`:151645 for open-end generation.
Setting `pad_token_id` to `eos_token_id`:151645 for open-end generation.
Setting `pad_token_id` to `eos_token_id`:151645 for open-end generation.
Setting `pad_token_id` to `eos_token_id`:151645 for open-end generation.
Setting `pad_token_id` to `eos_token_id`:151645 for open-end generation.
  [20:57:56] 2760/4463 = 61.8% · 0.22 bước/giây · còn ~129 phút
Setting `pad_token_id` to `eos_token_id`:151645 for open-end generation.
Setting `pad_token_id` to `eos_token_id`:151645 for open-end generation.
Setting `pad_token_id` to `eos_token_id`:151645 for open-end generation.
Setting `pad_token_id` to `eos_token_id`:151645 for open-end generation.
Setting `pad_token_id` to `eos_token_id`:151645 for open-end generation.
Setting `pad_token_id` to `eos_token_id`:151645 for open-end generation.
Setting `pad_token_id` to `eos_token_id`:151645 for open-end generation.
Setting `pad_token_id` to `eos_token_id`:151645 for open-end generation.
Setting `pad_token_id` to `eos_token_id`:151645 for open-end generation.
Setting `pad_token_id` to `eos_token_id`:151645 for open-end generation.
Setting `pad_token_id` to `eos_token_id`:151645 for open-end generation.
Setting `pad_token_id` to `eos_token_id`:151645 for open-end generation.
Setting `pad_token_id` to `eos_token_id`:151645 for open-end generation.
Setting `pad_token_id` to `eos_token_id`:151645 for open-end generation.
Setting `pad_token_id` to `eos_token_id`:151645 for open-end generation.
Setting `pad_token_id` to `eos_token_id`:151645 for open-end generation.
Setting `pad_token_id` to `eos_token_id`:151645 for open-end generation.
Setting `pad_token_id` to `eos_token_id`:151645 for open-end generation.
Setting `pad_token_id` to `eos_token_id`:151645 for open-end generation.
Setting `pad_token_id` to `eos_token_id`:151645 for open-end generation.
  [20:59:25] 2780/4463 = 62.3% · 0.22 bước/giây · còn ~128 phút
Setting `pad_token_id` to `eos_token_id`:151645 for open-end generation.
Setting `pad_token_id` to `eos_token_id`:151645 for open-end generation.
Setting `pad_token_id` to `eos_token_id`:151645 for open-end generation.
Setting `pad_token_id` to `eos_token_id`:151645 for open-end generation.
Setting `pad_token_id` to `eos_token_id`:151645 for open-end generation.
Setting `pad_token_id` to `eos_token_id`:151645 for open-end generation.
Setting `pad_token_id` to `eos_token_id`:151645 for open-end generation.
Setting `pad_token_id` to `eos_token_id`:151645 for open-end generation.
Setting `pad_token_id` to `eos_token_id`:151645 for open-end generation.
Setting `pad_token_id` to `eos_token_id`:151645 for open-end generation.
Setting `pad_token_id` to `eos_token_id`:151645 for open-end generation.
Setting `pad_token_id` to `eos_token_id`:151645 for open-end generation.
Setting `pad_token_id` to `eos_token_id`:151645 for open-end generation.
Setting `pad_token_id` to `eos_token_id`:151645 for open-end generation.
Setting `pad_token_id` to `eos_token_id`:151645 for open-end generation.
Setting `pad_token_id` to `eos_token_id`:151645 for open-end generation.
Setting `pad_token_id` to `eos_token_id`:151645 for open-end generation.
Setting `pad_token_id` to `eos_token_id`:151645 for open-end generation.
Setting `pad_token_id` to `eos_token_id`:151645 for open-end generation.
  [21:00:52] 2800/4463 = 62.7% · 0.22 bước/giây · còn ~126 phút
Setting `pad_token_id` to `eos_token_id`:151645 for open-end generation.
Setting `pad_token_id` to `eos_token_id`:151645 for open-end generation.
Setting `pad_token_id` to `eos_token_id`:151645 for open-end generation.
Setting `pad_token_id` to `eos_token_id`:151645 for open-end generation.
Setting `pad_token_id` to `eos_token_id`:151645 for open-end generation.
Setting `pad_token_id` to `eos_token_id`:151645 for open-end generation.
Setting `pad_token_id` to `eos_token_id`:151645 for open-end generation.
Setting `pad_token_id` to `eos_token_id`:151645 for open-end generation.
Setting `pad_token_id` to `eos_token_id`:151645 for open-end generation.
Setting `pad_token_id` to `eos_token_id`:151645 for open-end generation.
Setting `pad_token_id` to `eos_token_id`:151645 for open-end generation.
Setting `pad_token_id` to `eos_token_id`:151645 for open-end generation.
Setting `pad_token_id` to `eos_token_id`:151645 for open-end generation.
Setting `pad_token_id` to `eos_token_id`:151645 for open-end generation.
Setting `pad_token_id` to `eos_token_id`:151645 for open-end generation.
Setting `pad_token_id` to `eos_token_id`:151645 for open-end generation.
Setting `pad_token_id` to `eos_token_id`:151645 for open-end generation.
Setting `pad_token_id` to `eos_token_id`:151645 for open-end generation.
Setting `pad_token_id` to `eos_token_id`:151645 for open-end generation.
Setting `pad_token_id` to `eos_token_id`:151645 for open-end generation.
  [21:02:22] 2820/4463 = 63.2% · 0.22 bước/giây · còn ~124 phút
Setting `pad_token_id` to `eos_token_id`:151645 for open-end generation.
Setting `pad_token_id` to `eos_token_id`:151645 for open-end generation.
Setting `pad_token_id` to `eos_token_id`:151645 for open-end generation.
Setting `pad_token_id` to `eos_token_id`:151645 for open-end generation.
Setting `pad_token_id` to `eos_token_id`:151645 for open-end generation.
Setting `pad_token_id` to `eos_token_id`:151645 for open-end generation.
Setting `pad_token_id` to `eos_token_id`:151645 for open-end generation.
Setting `pad_token_id` to `eos_token_id`:151645 for open-end generation.
Setting `pad_token_id` to `eos_token_id`:151645 for open-end generation.
Setting `pad_token_id` to `eos_token_id`:151645 for open-end generation.
Setting `pad_token_id` to `eos_token_id`:151645 for open-end generation.
Setting `pad_token_id` to `eos_token_id`:151645 for open-end generation.
Setting `pad_token_id` to `eos_token_id`:151645 for open-end generation.
Setting `pad_token_id` to `eos_token_id`:151645 for open-end generation.
Setting `pad_token_id` to `eos_token_id`:151645 for open-end generation.
Setting `pad_token_id` to `eos_token_id`:151645 for open-end generation.
Setting `pad_token_id` to `eos_token_id`:151645 for open-end generation.
Setting `pad_token_id` to `eos_token_id`:151645 for open-end generation.
Setting `pad_token_id` to `eos_token_id`:151645 for open-end generation.
Setting `pad_token_id` to `eos_token_id`:151645 for open-end generation.
  [21:03:54] 2840/4463 = 63.6% · 0.22 bước/giây · còn ~123 phút
Setting `pad_token_id` to `eos_token_id`:151645 for open-end generation.
Setting `pad_token_id` to `eos_token_id`:151645 for open-end generation.
Setting `pad_token_id` to `eos_token_id`:151645 for open-end generation.
Setting `pad_token_id` to `eos_token_id`:151645 for open-end generation.
Setting `pad_token_id` to `eos_token_id`:151645 for open-end generation.
Setting `pad_token_id` to `eos_token_id`:151645 for open-end generation.
Setting `pad_token_id` to `eos_token_id`:151645 for open-end generation.
Setting `pad_token_id` to `eos_token_id`:151645 for open-end generation.
Setting `pad_token_id` to `eos_token_id`:151645 for open-end generation.
Setting `pad_token_id` to `eos_token_id`:151645 for open-end generation.
Setting `pad_token_id` to `eos_token_id`:151645 for open-end generation.
Setting `pad_token_id` to `eos_token_id`:151645 for open-end generation.
Setting `pad_token_id` to `eos_token_id`:151645 for open-end generation.
Setting `pad_token_id` to `eos_token_id`:151645 for open-end generation.
Setting `pad_token_id` to `eos_token_id`:151645 for open-end generation.
Setting `pad_token_id` to `eos_token_id`:151645 for open-end generation.
Setting `pad_token_id` to `eos_token_id`:151645 for open-end generation.
Setting `pad_token_id` to `eos_token_id`:151645 for open-end generation.
Setting `pad_token_id` to `eos_token_id`:151645 for open-end generation.
Setting `pad_token_id` to `eos_token_id`:151645 for open-end generation.
  [21:05:24] 2860/4463 = 64.1% · 0.22 bước/giây · còn ~121 phút
Setting `pad_token_id` to `eos_token_id`:151645 for open-end generation.
Setting `pad_token_id` to `eos_token_id`:151645 for open-end generation.
Setting `pad_token_id` to `eos_token_id`:151645 for open-end generation.
Setting `pad_token_id` to `eos_token_id`:151645 for open-end generation.
Setting `pad_token_id` to `eos_token_id`:151645 for open-end generation.
Setting `pad_token_id` to `eos_token_id`:151645 for open-end generation.
Setting `pad_token_id` to `eos_token_id`:151645 for open-end generation.
Setting `pad_token_id` to `eos_token_id`:151645 for open-end generation.
Setting `pad_token_id` to `eos_token_id`:151645 for open-end generation.
Setting `pad_token_id` to `eos_token_id`:151645 for open-end generation.
Setting `pad_token_id` to `eos_token_id`:151645 for open-end generation.
Setting `pad_token_id` to `eos_token_id`:151645 for open-end generation.
Setting `pad_token_id` to `eos_token_id`:151645 for open-end generation.
Setting `pad_token_id` to `eos_token_id`:151645 for open-end generation.
Setting `pad_token_id` to `eos_token_id`:151645 for open-end generation.
Setting `pad_token_id` to `eos_token_id`:151645 for open-end generation.
Setting `pad_token_id` to `eos_token_id`:151645 for open-end generation.
Setting `pad_token_id` to `eos_token_id`:151645 for open-end generation.
Setting `pad_token_id` to `eos_token_id`:151645 for open-end generation.
Setting `pad_token_id` to `eos_token_id`:151645 for open-end generation.
  [21:06:55] 2880/4463 = 64.5% · 0.22 bước/giây · còn ~120 phút
Setting `pad_token_id` to `eos_token_id`:151645 for open-end generation.
Setting `pad_token_id` to `eos_token_id`:151645 for open-end generation.
Setting `pad_token_id` to `eos_token_id`:151645 for open-end generation.
Setting `pad_token_id` to `eos_token_id`:151645 for open-end generation.
Setting `pad_token_id` to `eos_token_id`:151645 for open-end generation.
Setting `pad_token_id` to `eos_token_id`:151645 for open-end generation.
Setting `pad_token_id` to `eos_token_id`:151645 for open-end generation.
Setting `pad_token_id` to `eos_token_id`:151645 for open-end generation.
Setting `pad_token_id` to `eos_token_id`:151645 for open-end generation.
Setting `pad_token_id` to `eos_token_id`:151645 for open-end generation.
Setting `pad_token_id` to `eos_token_id`:151645 for open-end generation.
Setting `pad_token_id` to `eos_token_id`:151645 for open-end generation.
Setting `pad_token_id` to `eos_token_id`:151645 for open-end generation.
Setting `pad_token_id` to `eos_token_id`:151645 for open-end generation.
Setting `pad_token_id` to `eos_token_id`:151645 for open-end generation.
Setting `pad_token_id` to `eos_token_id`:151645 for open-end generation.
Setting `pad_token_id` to `eos_token_id`:151645 for open-end generation.
Setting `pad_token_id` to `eos_token_id`:151645 for open-end generation.
Setting `pad_token_id` to `eos_token_id`:151645 for open-end generation.
Setting `pad_token_id` to `eos_token_id`:151645 for open-end generation.
  [21:08:26] 2900/4463 = 65.0% · 0.22 bước/giây · còn ~118 phút
Setting `pad_token_id` to `eos_token_id`:151645 for open-end generation.
Setting `pad_token_id` to `eos_token_id`:151645 for open-end generation.
Setting `pad_token_id` to `eos_token_id`:151645 for open-end generation.
Setting `pad_token_id` to `eos_token_id`:151645 for open-end generation.
Setting `pad_token_id` to `eos_token_id`:151645 for open-end generation.
Setting `pad_token_id` to `eos_token_id`:151645 for open-end generation.
Setting `pad_token_id` to `eos_token_id`:151645 for open-end generation.
Setting `pad_token_id` to `eos_token_id`:151645 for open-end generation.
Setting `pad_token_id` to `eos_token_id`:151645 for open-end generation.
Setting `pad_token_id` to `eos_token_id`:151645 for open-end generation.
Setting `pad_token_id` to `eos_token_id`:151645 for open-end generation.
Setting `pad_token_id` to `eos_token_id`:151645 for open-end generation.
Setting `pad_token_id` to `eos_token_id`:151645 for open-end generation.
Setting `pad_token_id` to `eos_token_id`:151645 for open-end generation.
Setting `pad_token_id` to `eos_token_id`:151645 for open-end generation.
Setting `pad_token_id` to `eos_token_id`:151645 for open-end generation.
Setting `pad_token_id` to `eos_token_id`:151645 for open-end generation.
Setting `pad_token_id` to `eos_token_id`:151645 for open-end generation.
Setting `pad_token_id` to `eos_token_id`:151645 for open-end generation.
Setting `pad_token_id` to `eos_token_id`:151645 for open-end generation.
  [21:09:57] 2920/4463 = 65.4% · 0.22 bước/giây · còn ~117 phút
Setting `pad_token_id` to `eos_token_id`:151645 for open-end generation.
Setting `pad_token_id` to `eos_token_id`:151645 for open-end generation.
Setting `pad_token_id` to `eos_token_id`:151645 for open-end generation.
Setting `pad_token_id` to `eos_token_id`:151645 for open-end generation.
Setting `pad_token_id` to `eos_token_id`:151645 for open-end generation.
Setting `pad_token_id` to `eos_token_id`:151645 for open-end generation.
Setting `pad_token_id` to `eos_token_id`:151645 for open-end generation.
Setting `pad_token_id` to `eos_token_id`:151645 for open-end generation.
Setting `pad_token_id` to `eos_token_id`:151645 for open-end generation.
Setting `pad_token_id` to `eos_token_id`:151645 for open-end generation.
Setting `pad_token_id` to `eos_token_id`:151645 for open-end generation.
Setting `pad_token_id` to `eos_token_id`:151645 for open-end generation.
Setting `pad_token_id` to `eos_token_id`:151645 for open-end generation.
Setting `pad_token_id` to `eos_token_id`:151645 for open-end generation.
Setting `pad_token_id` to `eos_token_id`:151645 for open-end generation.
Setting `pad_token_id` to `eos_token_id`:151645 for open-end generation.
Setting `pad_token_id` to `eos_token_id`:151645 for open-end generation.
Setting `pad_token_id` to `eos_token_id`:151645 for open-end generation.
Setting `pad_token_id` to `eos_token_id`:151645 for open-end generation.
Setting `pad_token_id` to `eos_token_id`:151645 for open-end generation.
  [21:11:28] 2940/4463 = 65.9% · 0.22 bước/giây · còn ~115 phút
Setting `pad_token_id` to `eos_token_id`:151645 for open-end generation.
Setting `pad_token_id` to `eos_token_id`:151645 for open-end generation.
Setting `pad_token_id` to `eos_token_id`:151645 for open-end generation.
Setting `pad_token_id` to `eos_token_id`:151645 for open-end generation.
Setting `pad_token_id` to `eos_token_id`:151645 for open-end generation.
Setting `pad_token_id` to `eos_token_id`:151645 for open-end generation.
Setting `pad_token_id` to `eos_token_id`:151645 for open-end generation.
Setting `pad_token_id` to `eos_token_id`:151645 for open-end generation.
Setting `pad_token_id` to `eos_token_id`:151645 for open-end generation.
Setting `pad_token_id` to `eos_token_id`:151645 for open-end generation.
Setting `pad_token_id` to `eos_token_id`:151645 for open-end generation.
Setting `pad_token_id` to `eos_token_id`:151645 for open-end generation.
Setting `pad_token_id` to `eos_token_id`:151645 for open-end generation.
Setting `pad_token_id` to `eos_token_id`:151645 for open-end generation.
Setting `pad_token_id` to `eos_token_id`:151645 for open-end generation.
Setting `pad_token_id` to `eos_token_id`:151645 for open-end generation.
Setting `pad_token_id` to `eos_token_id`:151645 for open-end generation.
Setting `pad_token_id` to `eos_token_id`:151645 for open-end generation.
Setting `pad_token_id` to `eos_token_id`:151645 for open-end generation.
Setting `pad_token_id` to `eos_token_id`:151645 for open-end generation.
  [21:12:59] 2960/4463 = 66.3% · 0.22 bước/giây · còn ~114 phút
Setting `pad_token_id` to `eos_token_id`:151645 for open-end generation.
Setting `pad_token_id` to `eos_token_id`:151645 for open-end generation.
Setting `pad_token_id` to `eos_token_id`:151645 for open-end generation.
Setting `pad_token_id` to `eos_token_id`:151645 for open-end generation.
Setting `pad_token_id` to `eos_token_id`:151645 for open-end generation.
Setting `pad_token_id` to `eos_token_id`:151645 for open-end generation.
Setting `pad_token_id` to `eos_token_id`:151645 for open-end generation.
Setting `pad_token_id` to `eos_token_id`:151645 for open-end generation.
Setting `pad_token_id` to `eos_token_id`:151645 for open-end generation.
Setting `pad_token_id` to `eos_token_id`:151645 for open-end generation.
Setting `pad_token_id` to `eos_token_id`:151645 for open-end generation.
Setting `pad_token_id` to `eos_token_id`:151645 for open-end generation.
Setting `pad_token_id` to `eos_token_id`:151645 for open-end generation.
Setting `pad_token_id` to `eos_token_id`:151645 for open-end generation.
Setting `pad_token_id` to `eos_token_id`:151645 for open-end generation.
Setting `pad_token_id` to `eos_token_id`:151645 for open-end generation.
Setting `pad_token_id` to `eos_token_id`:151645 for open-end generation.
Setting `pad_token_id` to `eos_token_id`:151645 for open-end generation.
Setting `pad_token_id` to `eos_token_id`:151645 for open-end generation.
Setting `pad_token_id` to `eos_token_id`:151645 for open-end generation.
  [21:14:29] 2980/4463 = 66.8% · 0.22 bước/giây · còn ~112 phút
Setting `pad_token_id` to `eos_token_id`:151645 for open-end generation.
Setting `pad_token_id` to `eos_token_id`:151645 for open-end generation.
Setting `pad_token_id` to `eos_token_id`:151645 for open-end generation.
Setting `pad_token_id` to `eos_token_id`:151645 for open-end generation.
Setting `pad_token_id` to `eos_token_id`:151645 for open-end generation.
Setting `pad_token_id` to `eos_token_id`:151645 for open-end generation.
Setting `pad_token_id` to `eos_token_id`:151645 for open-end generation.
Setting `pad_token_id` to `eos_token_id`:151645 for open-end generation.
Setting `pad_token_id` to `eos_token_id`:151645 for open-end generation.
Setting `pad_token_id` to `eos_token_id`:151645 for open-end generation.
Setting `pad_token_id` to `eos_token_id`:151645 for open-end generation.
Setting `pad_token_id` to `eos_token_id`:151645 for open-end generation.
Setting `pad_token_id` to `eos_token_id`:151645 for open-end generation.
Setting `pad_token_id` to `eos_token_id`:151645 for open-end generation.
Setting `pad_token_id` to `eos_token_id`:151645 for open-end generation.
Setting `pad_token_id` to `eos_token_id`:151645 for open-end generation.
Setting `pad_token_id` to `eos_token_id`:151645 for open-end generation.
Setting `pad_token_id` to `eos_token_id`:151645 for open-end generation.
Setting `pad_token_id` to `eos_token_id`:151645 for open-end generation.
Setting `pad_token_id` to `eos_token_id`:151645 for open-end generation.
  [21:16:00] 3000/4463 = 67.2% · 0.22 bước/giây · còn ~111 phút
Setting `pad_token_id` to `eos_token_id`:151645 for open-end generation.
Setting `pad_token_id` to `eos_token_id`:151645 for open-end generation.
Setting `pad_token_id` to `eos_token_id`:151645 for open-end generation.
Setting `pad_token_id` to `eos_token_id`:151645 for open-end generation.
Setting `pad_token_id` to `eos_token_id`:151645 for open-end generation.
Setting `pad_token_id` to `eos_token_id`:151645 for open-end generation.
Setting `pad_token_id` to `eos_token_id`:151645 for open-end generation.
Setting `pad_token_id` to `eos_token_id`:151645 for open-end generation.
Setting `pad_token_id` to `eos_token_id`:151645 for open-end generation.
Setting `pad_token_id` to `eos_token_id`:151645 for open-end generation.
Setting `pad_token_id` to `eos_token_id`:151645 for open-end generation.
Setting `pad_token_id` to `eos_token_id`:151645 for open-end generation.
Setting `pad_token_id` to `eos_token_id`:151645 for open-end generation.
Setting `pad_token_id` to `eos_token_id`:151645 for open-end generation.
Setting `pad_token_id` to `eos_token_id`:151645 for open-end generation.
Setting `pad_token_id` to `eos_token_id`:151645 for open-end generation.
Setting `pad_token_id` to `eos_token_id`:151645 for open-end generation.
Setting `pad_token_id` to `eos_token_id`:151645 for open-end generation.
Setting `pad_token_id` to `eos_token_id`:151645 for open-end generation.
Setting `pad_token_id` to `eos_token_id`:151645 for open-end generation.
  [21:17:30] 3020/4463 = 67.7% · 0.22 bước/giây · còn ~109 phút
Setting `pad_token_id` to `eos_token_id`:151645 for open-end generation.
Setting `pad_token_id` to `eos_token_id`:151645 for open-end generation.
Setting `pad_token_id` to `eos_token_id`:151645 for open-end generation.
Setting `pad_token_id` to `eos_token_id`:151645 for open-end generation.
Setting `pad_token_id` to `eos_token_id`:151645 for open-end generation.
Setting `pad_token_id` to `eos_token_id`:151645 for open-end generation.
Setting `pad_token_id` to `eos_token_id`:151645 for open-end generation.
Setting `pad_token_id` to `eos_token_id`:151645 for open-end generation.
Setting `pad_token_id` to `eos_token_id`:151645 for open-end generation.
Setting `pad_token_id` to `eos_token_id`:151645 for open-end generation.
Setting `pad_token_id` to `eos_token_id`:151645 for open-end generation.
Setting `pad_token_id` to `eos_token_id`:151645 for open-end generation.
Setting `pad_token_id` to `eos_token_id`:151645 for open-end generation.
Setting `pad_token_id` to `eos_token_id`:151645 for open-end generation.
Setting `pad_token_id` to `eos_token_id`:151645 for open-end generation.
Setting `pad_token_id` to `eos_token_id`:151645 for open-end generation.
Setting `pad_token_id` to `eos_token_id`:151645 for open-end generation.
Setting `pad_token_id` to `eos_token_id`:151645 for open-end generation.
Setting `pad_token_id` to `eos_token_id`:151645 for open-end generation.
Setting `pad_token_id` to `eos_token_id`:151645 for open-end generation.
  [21:19:01] 3040/4463 = 68.1% · 0.22 bước/giây · còn ~108 phút
Setting `pad_token_id` to `eos_token_id`:151645 for open-end generation.
Setting `pad_token_id` to `eos_token_id`:151645 for open-end generation.
Setting `pad_token_id` to `eos_token_id`:151645 for open-end generation.
Setting `pad_token_id` to `eos_token_id`:151645 for open-end generation.
Setting `pad_token_id` to `eos_token_id`:151645 for open-end generation.
Setting `pad_token_id` to `eos_token_id`:151645 for open-end generation.
Setting `pad_token_id` to `eos_token_id`:151645 for open-end generation.
Setting `pad_token_id` to `eos_token_id`:151645 for open-end generation.
Setting `pad_token_id` to `eos_token_id`:151645 for open-end generation.
Setting `pad_token_id` to `eos_token_id`:151645 for open-end generation.
Setting `pad_token_id` to `eos_token_id`:151645 for open-end generation.
Setting `pad_token_id` to `eos_token_id`:151645 for open-end generation.
Setting `pad_token_id` to `eos_token_id`:151645 for open-end generation.
Setting `pad_token_id` to `eos_token_id`:151645 for open-end generation.
Setting `pad_token_id` to `eos_token_id`:151645 for open-end generation.
Setting `pad_token_id` to `eos_token_id`:151645 for open-end generation.
Setting `pad_token_id` to `eos_token_id`:151645 for open-end generation.
Setting `pad_token_id` to `eos_token_id`:151645 for open-end generation.
Setting `pad_token_id` to `eos_token_id`:151645 for open-end generation.
Setting `pad_token_id` to `eos_token_id`:151645 for open-end generation.
  [21:20:32] 3060/4463 = 68.6% · 0.22 bước/giây · còn ~106 phút
Setting `pad_token_id` to `eos_token_id`:151645 for open-end generation.
Setting `pad_token_id` to `eos_token_id`:151645 for open-end generation.
Setting `pad_token_id` to `eos_token_id`:151645 for open-end generation.
Setting `pad_token_id` to `eos_token_id`:151645 for open-end generation.
Setting `pad_token_id` to `eos_token_id`:151645 for open-end generation.
Setting `pad_token_id` to `eos_token_id`:151645 for open-end generation.
Setting `pad_token_id` to `eos_token_id`:151645 for open-end generation.
Setting `pad_token_id` to `eos_token_id`:151645 for open-end generation.
Setting `pad_token_id` to `eos_token_id`:151645 for open-end generation.
Setting `pad_token_id` to `eos_token_id`:151645 for open-end generation.
Setting `pad_token_id` to `eos_token_id`:151645 for open-end generation.
Setting `pad_token_id` to `eos_token_id`:151645 for open-end generation.
Setting `pad_token_id` to `eos_token_id`:151645 for open-end generation.
Setting `pad_token_id` to `eos_token_id`:151645 for open-end generation.
Setting `pad_token_id` to `eos_token_id`:151645 for open-end generation.
Setting `pad_token_id` to `eos_token_id`:151645 for open-end generation.
Setting `pad_token_id` to `eos_token_id`:151645 for open-end generation.
Setting `pad_token_id` to `eos_token_id`:151645 for open-end generation.
Setting `pad_token_id` to `eos_token_id`:151645 for open-end generation.
Setting `pad_token_id` to `eos_token_id`:151645 for open-end generation.
  [21:22:03] 3080/4463 = 69.0% · 0.22 bước/giây · còn ~105 phút
Setting `pad_token_id` to `eos_token_id`:151645 for open-end generation.
Setting `pad_token_id` to `eos_token_id`:151645 for open-end generation.
Setting `pad_token_id` to `eos_token_id`:151645 for open-end generation.
Setting `pad_token_id` to `eos_token_id`:151645 for open-end generation.
Setting `pad_token_id` to `eos_token_id`:151645 for open-end generation.
Setting `pad_token_id` to `eos_token_id`:151645 for open-end generation.
Setting `pad_token_id` to `eos_token_id`:151645 for open-end generation.
Setting `pad_token_id` to `eos_token_id`:151645 for open-end generation.
Setting `pad_token_id` to `eos_token_id`:151645 for open-end generation.
Setting `pad_token_id` to `eos_token_id`:151645 for open-end generation.
Setting `pad_token_id` to `eos_token_id`:151645 for open-end generation.
Setting `pad_token_id` to `eos_token_id`:151645 for open-end generation.
Setting `pad_token_id` to `eos_token_id`:151645 for open-end generation.
Setting `pad_token_id` to `eos_token_id`:151645 for open-end generation.
Setting `pad_token_id` to `eos_token_id`:151645 for open-end generation.
Setting `pad_token_id` to `eos_token_id`:151645 for open-end generation.
Setting `pad_token_id` to `eos_token_id`:151645 for open-end generation.
Setting `pad_token_id` to `eos_token_id`:151645 for open-end generation.
Setting `pad_token_id` to `eos_token_id`:151645 for open-end generation.
Setting `pad_token_id` to `eos_token_id`:151645 for open-end generation.
  [21:23:34] 3100/4463 = 69.5% · 0.22 bước/giây · còn ~103 phút
Setting `pad_token_id` to `eos_token_id`:151645 for open-end generation.
Setting `pad_token_id` to `eos_token_id`:151645 for open-end generation.
Setting `pad_token_id` to `eos_token_id`:151645 for open-end generation.
Setting `pad_token_id` to `eos_token_id`:151645 for open-end generation.
Setting `pad_token_id` to `eos_token_id`:151645 for open-end generation.
Setting `pad_token_id` to `eos_token_id`:151645 for open-end generation.
Setting `pad_token_id` to `eos_token_id`:151645 for open-end generation.
Setting `pad_token_id` to `eos_token_id`:151645 for open-end generation.
Setting `pad_token_id` to `eos_token_id`:151645 for open-end generation.
Setting `pad_token_id` to `eos_token_id`:151645 for open-end generation.
Setting `pad_token_id` to `eos_token_id`:151645 for open-end generation.
Setting `pad_token_id` to `eos_token_id`:151645 for open-end generation.
Setting `pad_token_id` to `eos_token_id`:151645 for open-end generation.
Setting `pad_token_id` to `eos_token_id`:151645 for open-end generation.
Setting `pad_token_id` to `eos_token_id`:151645 for open-end generation.
Setting `pad_token_id` to `eos_token_id`:151645 for open-end generation.
Setting `pad_token_id` to `eos_token_id`:151645 for open-end generation.
Setting `pad_token_id` to `eos_token_id`:151645 for open-end generation.
Setting `pad_token_id` to `eos_token_id`:151645 for open-end generation.
Setting `pad_token_id` to `eos_token_id`:151645 for open-end generation.
  [21:25:04] 3120/4463 = 69.9% · 0.22 bước/giây · còn ~102 phút
Setting `pad_token_id` to `eos_token_id`:151645 for open-end generation.
Setting `pad_token_id` to `eos_token_id`:151645 for open-end generation.
Setting `pad_token_id` to `eos_token_id`:151645 for open-end generation.
Setting `pad_token_id` to `eos_token_id`:151645 for open-end generation.
Setting `pad_token_id` to `eos_token_id`:151645 for open-end generation.
Setting `pad_token_id` to `eos_token_id`:151645 for open-end generation.
Setting `pad_token_id` to `eos_token_id`:151645 for open-end generation.
Setting `pad_token_id` to `eos_token_id`:151645 for open-end generation.
Setting `pad_token_id` to `eos_token_id`:151645 for open-end generation.
Setting `pad_token_id` to `eos_token_id`:151645 for open-end generation.
Setting `pad_token_id` to `eos_token_id`:151645 for open-end generation.
Setting `pad_token_id` to `eos_token_id`:151645 for open-end generation.
Setting `pad_token_id` to `eos_token_id`:151645 for open-end generation.
Setting `pad_token_id` to `eos_token_id`:151645 for open-end generation.
Setting `pad_token_id` to `eos_token_id`:151645 for open-end generation.
Setting `pad_token_id` to `eos_token_id`:151645 for open-end generation.
Setting `pad_token_id` to `eos_token_id`:151645 for open-end generation.
Setting `pad_token_id` to `eos_token_id`:151645 for open-end generation.
Setting `pad_token_id` to `eos_token_id`:151645 for open-end generation.
Setting `pad_token_id` to `eos_token_id`:151645 for open-end generation.
  [21:26:35] 3140/4463 = 70.4% · 0.22 bước/giây · còn ~100 phút
Setting `pad_token_id` to `eos_token_id`:151645 for open-end generation.
Setting `pad_token_id` to `eos_token_id`:151645 for open-end generation.
Setting `pad_token_id` to `eos_token_id`:151645 for open-end generation.
Setting `pad_token_id` to `eos_token_id`:151645 for open-end generation.
Setting `pad_token_id` to `eos_token_id`:151645 for open-end generation.
Setting `pad_token_id` to `eos_token_id`:151645 for open-end generation.
Setting `pad_token_id` to `eos_token_id`:151645 for open-end generation.
Setting `pad_token_id` to `eos_token_id`:151645 for open-end generation.
Setting `pad_token_id` to `eos_token_id`:151645 for open-end generation.
Setting `pad_token_id` to `eos_token_id`:151645 for open-end generation.
Setting `pad_token_id` to `eos_token_id`:151645 for open-end generation.
Setting `pad_token_id` to `eos_token_id`:151645 for open-end generation.
Setting `pad_token_id` to `eos_token_id`:151645 for open-end generation.
Setting `pad_token_id` to `eos_token_id`:151645 for open-end generation.
Setting `pad_token_id` to `eos_token_id`:151645 for open-end generation.
Setting `pad_token_id` to `eos_token_id`:151645 for open-end generation.
Setting `pad_token_id` to `eos_token_id`:151645 for open-end generation.
Setting `pad_token_id` to `eos_token_id`:151645 for open-end generation.
Setting `pad_token_id` to `eos_token_id`:151645 for open-end generation.
Setting `pad_token_id` to `eos_token_id`:151645 for open-end generation.
  [21:28:05] 3160/4463 = 70.8% · 0.22 bước/giây · còn ~99 phút
Setting `pad_token_id` to `eos_token_id`:151645 for open-end generation.
Setting `pad_token_id` to `eos_token_id`:151645 for open-end generation.
Setting `pad_token_id` to `eos_token_id`:151645 for open-end generation.
Setting `pad_token_id` to `eos_token_id`:151645 for open-end generation.
Setting `pad_token_id` to `eos_token_id`:151645 for open-end generation.
Setting `pad_token_id` to `eos_token_id`:151645 for open-end generation.
Setting `pad_token_id` to `eos_token_id`:151645 for open-end generation.
Setting `pad_token_id` to `eos_token_id`:151645 for open-end generation.
Setting `pad_token_id` to `eos_token_id`:151645 for open-end generation.
Setting `pad_token_id` to `eos_token_id`:151645 for open-end generation.
Setting `pad_token_id` to `eos_token_id`:151645 for open-end generation.
Setting `pad_token_id` to `eos_token_id`:151645 for open-end generation.
Setting `pad_token_id` to `eos_token_id`:151645 for open-end generation.
Setting `pad_token_id` to `eos_token_id`:151645 for open-end generation.
Setting `pad_token_id` to `eos_token_id`:151645 for open-end generation.
Setting `pad_token_id` to `eos_token_id`:151645 for open-end generation.
Setting `pad_token_id` to `eos_token_id`:151645 for open-end generation.
Setting `pad_token_id` to `eos_token_id`:151645 for open-end generation.
Setting `pad_token_id` to `eos_token_id`:151645 for open-end generation.
Setting `pad_token_id` to `eos_token_id`:151645 for open-end generation.
  [21:29:36] 3180/4463 = 71.3% · 0.22 bước/giây · còn ~97 phút
Setting `pad_token_id` to `eos_token_id`:151645 for open-end generation.
Setting `pad_token_id` to `eos_token_id`:151645 for open-end generation.
Setting `pad_token_id` to `eos_token_id`:151645 for open-end generation.
Setting `pad_token_id` to `eos_token_id`:151645 for open-end generation.
Setting `pad_token_id` to `eos_token_id`:151645 for open-end generation.
Setting `pad_token_id` to `eos_token_id`:151645 for open-end generation.
Setting `pad_token_id` to `eos_token_id`:151645 for open-end generation.
Setting `pad_token_id` to `eos_token_id`:151645 for open-end generation.
Setting `pad_token_id` to `eos_token_id`:151645 for open-end generation.
Setting `pad_token_id` to `eos_token_id`:151645 for open-end generation.
Setting `pad_token_id` to `eos_token_id`:151645 for open-end generation.
Setting `pad_token_id` to `eos_token_id`:151645 for open-end generation.
Setting `pad_token_id` to `eos_token_id`:151645 for open-end generation.
Setting `pad_token_id` to `eos_token_id`:151645 for open-end generation.
Setting `pad_token_id` to `eos_token_id`:151645 for open-end generation.
Setting `pad_token_id` to `eos_token_id`:151645 for open-end generation.
Setting `pad_token_id` to `eos_token_id`:151645 for open-end generation.
Setting `pad_token_id` to `eos_token_id`:151645 for open-end generation.
Setting `pad_token_id` to `eos_token_id`:151645 for open-end generation.
  [21:31:02] 3200/4463 = 71.7% · 0.22 bước/giây · còn ~96 phút
Setting `pad_token_id` to `eos_token_id`:151645 for open-end generation.
Setting `pad_token_id` to `eos_token_id`:151645 for open-end generation.
Setting `pad_token_id` to `eos_token_id`:151645 for open-end generation.
Setting `pad_token_id` to `eos_token_id`:151645 for open-end generation.
Setting `pad_token_id` to `eos_token_id`:151645 for open-end generation.
Setting `pad_token_id` to `eos_token_id`:151645 for open-end generation.
Setting `pad_token_id` to `eos_token_id`:151645 for open-end generation.
Setting `pad_token_id` to `eos_token_id`:151645 for open-end generation.
Setting `pad_token_id` to `eos_token_id`:151645 for open-end generation.
Setting `pad_token_id` to `eos_token_id`:151645 for open-end generation.
Setting `pad_token_id` to `eos_token_id`:151645 for open-end generation.
Setting `pad_token_id` to `eos_token_id`:151645 for open-end generation.
Setting `pad_token_id` to `eos_token_id`:151645 for open-end generation.
Setting `pad_token_id` to `eos_token_id`:151645 for open-end generation.
Setting `pad_token_id` to `eos_token_id`:151645 for open-end generation.
Setting `pad_token_id` to `eos_token_id`:151645 for open-end generation.
Setting `pad_token_id` to `eos_token_id`:151645 for open-end generation.
Setting `pad_token_id` to `eos_token_id`:151645 for open-end generation.
Setting `pad_token_id` to `eos_token_id`:151645 for open-end generation.
Setting `pad_token_id` to `eos_token_id`:151645 for open-end generation.
  [21:32:33] 3220/4463 = 72.1% · 0.22 bước/giây · còn ~94 phút
Setting `pad_token_id` to `eos_token_id`:151645 for open-end generation.
Setting `pad_token_id` to `eos_token_id`:151645 for open-end generation.
Setting `pad_token_id` to `eos_token_id`:151645 for open-end generation.
Setting `pad_token_id` to `eos_token_id`:151645 for open-end generation.
Setting `pad_token_id` to `eos_token_id`:151645 for open-end generation.
Setting `pad_token_id` to `eos_token_id`:151645 for open-end generation.
Setting `pad_token_id` to `eos_token_id`:151645 for open-end generation.
Setting `pad_token_id` to `eos_token_id`:151645 for open-end generation.
Setting `pad_token_id` to `eos_token_id`:151645 for open-end generation.
Setting `pad_token_id` to `eos_token_id`:151645 for open-end generation.
Setting `pad_token_id` to `eos_token_id`:151645 for open-end generation.
Setting `pad_token_id` to `eos_token_id`:151645 for open-end generation.
Setting `pad_token_id` to `eos_token_id`:151645 for open-end generation.
Setting `pad_token_id` to `eos_token_id`:151645 for open-end generation.
Setting `pad_token_id` to `eos_token_id`:151645 for open-end generation.
Setting `pad_token_id` to `eos_token_id`:151645 for open-end generation.
Setting `pad_token_id` to `eos_token_id`:151645 for open-end generation.
Setting `pad_token_id` to `eos_token_id`:151645 for open-end generation.
Setting `pad_token_id` to `eos_token_id`:151645 for open-end generation.
Setting `pad_token_id` to `eos_token_id`:151645 for open-end generation.
  [21:34:04] 3240/4463 = 72.6% · 0.22 bước/giây · còn ~93 phút
Setting `pad_token_id` to `eos_token_id`:151645 for open-end generation.
Setting `pad_token_id` to `eos_token_id`:151645 for open-end generation.
Setting `pad_token_id` to `eos_token_id`:151645 for open-end generation.
Setting `pad_token_id` to `eos_token_id`:151645 for open-end generation.
Setting `pad_token_id` to `eos_token_id`:151645 for open-end generation.
Setting `pad_token_id` to `eos_token_id`:151645 for open-end generation.
Setting `pad_token_id` to `eos_token_id`:151645 for open-end generation.
Setting `pad_token_id` to `eos_token_id`:151645 for open-end generation.
Setting `pad_token_id` to `eos_token_id`:151645 for open-end generation.
Setting `pad_token_id` to `eos_token_id`:151645 for open-end generation.
Setting `pad_token_id` to `eos_token_id`:151645 for open-end generation.
Setting `pad_token_id` to `eos_token_id`:151645 for open-end generation.
Setting `pad_token_id` to `eos_token_id`:151645 for open-end generation.
Setting `pad_token_id` to `eos_token_id`:151645 for open-end generation.
Setting `pad_token_id` to `eos_token_id`:151645 for open-end generation.
Setting `pad_token_id` to `eos_token_id`:151645 for open-end generation.
Setting `pad_token_id` to `eos_token_id`:151645 for open-end generation.
Setting `pad_token_id` to `eos_token_id`:151645 for open-end generation.
Setting `pad_token_id` to `eos_token_id`:151645 for open-end generation.
Setting `pad_token_id` to `eos_token_id`:151645 for open-end generation.
  [21:35:35] 3260/4463 = 73.0% · 0.22 bước/giây · còn ~91 phút
Setting `pad_token_id` to `eos_token_id`:151645 for open-end generation.
Setting `pad_token_id` to `eos_token_id`:151645 for open-end generation.
Setting `pad_token_id` to `eos_token_id`:151645 for open-end generation.
Setting `pad_token_id` to `eos_token_id`:151645 for open-end generation.
Setting `pad_token_id` to `eos_token_id`:151645 for open-end generation.
Setting `pad_token_id` to `eos_token_id`:151645 for open-end generation.
Setting `pad_token_id` to `eos_token_id`:151645 for open-end generation.
Setting `pad_token_id` to `eos_token_id`:151645 for open-end generation.
Setting `pad_token_id` to `eos_token_id`:151645 for open-end generation.
Setting `pad_token_id` to `eos_token_id`:151645 for open-end generation.
Setting `pad_token_id` to `eos_token_id`:151645 for open-end generation.
Setting `pad_token_id` to `eos_token_id`:151645 for open-end generation.
Setting `pad_token_id` to `eos_token_id`:151645 for open-end generation.
Setting `pad_token_id` to `eos_token_id`:151645 for open-end generation.
Setting `pad_token_id` to `eos_token_id`:151645 for open-end generation.
Setting `pad_token_id` to `eos_token_id`:151645 for open-end generation.
Setting `pad_token_id` to `eos_token_id`:151645 for open-end generation.
Setting `pad_token_id` to `eos_token_id`:151645 for open-end generation.
Setting `pad_token_id` to `eos_token_id`:151645 for open-end generation.
  [21:37:01] 3280/4463 = 73.5% · 0.22 bước/giây · còn ~90 phút
Setting `pad_token_id` to `eos_token_id`:151645 for open-end generation.
Setting `pad_token_id` to `eos_token_id`:151645 for open-end generation.
Setting `pad_token_id` to `eos_token_id`:151645 for open-end generation.
Setting `pad_token_id` to `eos_token_id`:151645 for open-end generation.
Setting `pad_token_id` to `eos_token_id`:151645 for open-end generation.
Setting `pad_token_id` to `eos_token_id`:151645 for open-end generation.
Setting `pad_token_id` to `eos_token_id`:151645 for open-end generation.
Setting `pad_token_id` to `eos_token_id`:151645 for open-end generation.
Setting `pad_token_id` to `eos_token_id`:151645 for open-end generation.
Setting `pad_token_id` to `eos_token_id`:151645 for open-end generation.
Setting `pad_token_id` to `eos_token_id`:151645 for open-end generation.
Setting `pad_token_id` to `eos_token_id`:151645 for open-end generation.
Setting `pad_token_id` to `eos_token_id`:151645 for open-end generation.
Setting `pad_token_id` to `eos_token_id`:151645 for open-end generation.
Setting `pad_token_id` to `eos_token_id`:151645 for open-end generation.
Setting `pad_token_id` to `eos_token_id`:151645 for open-end generation.
Setting `pad_token_id` to `eos_token_id`:151645 for open-end generation.
Setting `pad_token_id` to `eos_token_id`:151645 for open-end generation.
Setting `pad_token_id` to `eos_token_id`:151645 for open-end generation.
Setting `pad_token_id` to `eos_token_id`:151645 for open-end generation.
  [21:38:32] 3300/4463 = 73.9% · 0.22 bước/giây · còn ~88 phút
Setting `pad_token_id` to `eos_token_id`:151645 for open-end generation.
Setting `pad_token_id` to `eos_token_id`:151645 for open-end generation.
Setting `pad_token_id` to `eos_token_id`:151645 for open-end generation.
Setting `pad_token_id` to `eos_token_id`:151645 for open-end generation.
Setting `pad_token_id` to `eos_token_id`:151645 for open-end generation.
Setting `pad_token_id` to `eos_token_id`:151645 for open-end generation.
Setting `pad_token_id` to `eos_token_id`:151645 for open-end generation.
Setting `pad_token_id` to `eos_token_id`:151645 for open-end generation.
Setting `pad_token_id` to `eos_token_id`:151645 for open-end generation.
Setting `pad_token_id` to `eos_token_id`:151645 for open-end generation.
Setting `pad_token_id` to `eos_token_id`:151645 for open-end generation.
Setting `pad_token_id` to `eos_token_id`:151645 for open-end generation.
Setting `pad_token_id` to `eos_token_id`:151645 for open-end generation.
Setting `pad_token_id` to `eos_token_id`:151645 for open-end generation.
Setting `pad_token_id` to `eos_token_id`:151645 for open-end generation.
Setting `pad_token_id` to `eos_token_id`:151645 for open-end generation.
Setting `pad_token_id` to `eos_token_id`:151645 for open-end generation.
Setting `pad_token_id` to `eos_token_id`:151645 for open-end generation.
Setting `pad_token_id` to `eos_token_id`:151645 for open-end generation.
Setting `pad_token_id` to `eos_token_id`:151645 for open-end generation.
  [21:40:02] 3320/4463 = 74.4% · 0.22 bước/giây · còn ~87 phút
Setting `pad_token_id` to `eos_token_id`:151645 for open-end generation.
Setting `pad_token_id` to `eos_token_id`:151645 for open-end generation.
Setting `pad_token_id` to `eos_token_id`:151645 for open-end generation.
Setting `pad_token_id` to `eos_token_id`:151645 for open-end generation.
Setting `pad_token_id` to `eos_token_id`:151645 for open-end generation.
Setting `pad_token_id` to `eos_token_id`:151645 for open-end generation.
Setting `pad_token_id` to `eos_token_id`:151645 for open-end generation.
Setting `pad_token_id` to `eos_token_id`:151645 for open-end generation.
Setting `pad_token_id` to `eos_token_id`:151645 for open-end generation.
Setting `pad_token_id` to `eos_token_id`:151645 for open-end generation.
Setting `pad_token_id` to `eos_token_id`:151645 for open-end generation.
Setting `pad_token_id` to `eos_token_id`:151645 for open-end generation.
Setting `pad_token_id` to `eos_token_id`:151645 for open-end generation.
Setting `pad_token_id` to `eos_token_id`:151645 for open-end generation.
Setting `pad_token_id` to `eos_token_id`:151645 for open-end generation.
Setting `pad_token_id` to `eos_token_id`:151645 for open-end generation.
Setting `pad_token_id` to `eos_token_id`:151645 for open-end generation.
Setting `pad_token_id` to `eos_token_id`:151645 for open-end generation.
Setting `pad_token_id` to `eos_token_id`:151645 for open-end generation.
Setting `pad_token_id` to `eos_token_id`:151645 for open-end generation.
  [21:41:32] 3340/4463 = 74.8% · 0.22 bước/giây · còn ~85 phút
Setting `pad_token_id` to `eos_token_id`:151645 for open-end generation.
Setting `pad_token_id` to `eos_token_id`:151645 for open-end generation.
Setting `pad_token_id` to `eos_token_id`:151645 for open-end generation.
Setting `pad_token_id` to `eos_token_id`:151645 for open-end generation.
Setting `pad_token_id` to `eos_token_id`:151645 for open-end generation.
Setting `pad_token_id` to `eos_token_id`:151645 for open-end generation.
Setting `pad_token_id` to `eos_token_id`:151645 for open-end generation.
Setting `pad_token_id` to `eos_token_id`:151645 for open-end generation.
Setting `pad_token_id` to `eos_token_id`:151645 for open-end generation.
Setting `pad_token_id` to `eos_token_id`:151645 for open-end generation.
Setting `pad_token_id` to `eos_token_id`:151645 for open-end generation.
Setting `pad_token_id` to `eos_token_id`:151645 for open-end generation.
Setting `pad_token_id` to `eos_token_id`:151645 for open-end generation.
Setting `pad_token_id` to `eos_token_id`:151645 for open-end generation.
Setting `pad_token_id` to `eos_token_id`:151645 for open-end generation.
Setting `pad_token_id` to `eos_token_id`:151645 for open-end generation.
Setting `pad_token_id` to `eos_token_id`:151645 for open-end generation.
Setting `pad_token_id` to `eos_token_id`:151645 for open-end generation.
Setting `pad_token_id` to `eos_token_id`:151645 for open-end generation.
Setting `pad_token_id` to `eos_token_id`:151645 for open-end generation.
  [21:43:03] 3360/4463 = 75.3% · 0.22 bước/giây · còn ~83 phút
Setting `pad_token_id` to `eos_token_id`:151645 for open-end generation.
Setting `pad_token_id` to `eos_token_id`:151645 for open-end generation.
Setting `pad_token_id` to `eos_token_id`:151645 for open-end generation.
Setting `pad_token_id` to `eos_token_id`:151645 for open-end generation.
Setting `pad_token_id` to `eos_token_id`:151645 for open-end generation.
Setting `pad_token_id` to `eos_token_id`:151645 for open-end generation.
Setting `pad_token_id` to `eos_token_id`:151645 for open-end generation.
Setting `pad_token_id` to `eos_token_id`:151645 for open-end generation.
Setting `pad_token_id` to `eos_token_id`:151645 for open-end generation.
Setting `pad_token_id` to `eos_token_id`:151645 for open-end generation.
Setting `pad_token_id` to `eos_token_id`:151645 for open-end generation.
Setting `pad_token_id` to `eos_token_id`:151645 for open-end generation.
Setting `pad_token_id` to `eos_token_id`:151645 for open-end generation.
Setting `pad_token_id` to `eos_token_id`:151645 for open-end generation.
Setting `pad_token_id` to `eos_token_id`:151645 for open-end generation.
Setting `pad_token_id` to `eos_token_id`:151645 for open-end generation.
Setting `pad_token_id` to `eos_token_id`:151645 for open-end generation.
Setting `pad_token_id` to `eos_token_id`:151645 for open-end generation.
Setting `pad_token_id` to `eos_token_id`:151645 for open-end generation.
  [21:44:29] 3380/4463 = 75.7% · 0.22 bước/giây · còn ~82 phút
Setting `pad_token_id` to `eos_token_id`:151645 for open-end generation.
Setting `pad_token_id` to `eos_token_id`:151645 for open-end generation.
Setting `pad_token_id` to `eos_token_id`:151645 for open-end generation.
Setting `pad_token_id` to `eos_token_id`:151645 for open-end generation.
Setting `pad_token_id` to `eos_token_id`:151645 for open-end generation.
Setting `pad_token_id` to `eos_token_id`:151645 for open-end generation.
Setting `pad_token_id` to `eos_token_id`:151645 for open-end generation.
Setting `pad_token_id` to `eos_token_id`:151645 for open-end generation.
Setting `pad_token_id` to `eos_token_id`:151645 for open-end generation.
Setting `pad_token_id` to `eos_token_id`:151645 for open-end generation.
Setting `pad_token_id` to `eos_token_id`:151645 for open-end generation.
Setting `pad_token_id` to `eos_token_id`:151645 for open-end generation.
Setting `pad_token_id` to `eos_token_id`:151645 for open-end generation.
Setting `pad_token_id` to `eos_token_id`:151645 for open-end generation.
Setting `pad_token_id` to `eos_token_id`:151645 for open-end generation.
Setting `pad_token_id` to `eos_token_id`:151645 for open-end generation.
Setting `pad_token_id` to `eos_token_id`:151645 for open-end generation.
Setting `pad_token_id` to `eos_token_id`:151645 for open-end generation.
Setting `pad_token_id` to `eos_token_id`:151645 for open-end generation.
  [21:45:55] 3400/4463 = 76.2% · 0.22 bước/giây · còn ~80 phút
Setting `pad_token_id` to `eos_token_id`:151645 for open-end generation.
Setting `pad_token_id` to `eos_token_id`:151645 for open-end generation.
Setting `pad_token_id` to `eos_token_id`:151645 for open-end generation.
Setting `pad_token_id` to `eos_token_id`:151645 for open-end generation.
Setting `pad_token_id` to `eos_token_id`:151645 for open-end generation.
Setting `pad_token_id` to `eos_token_id`:151645 for open-end generation.
Setting `pad_token_id` to `eos_token_id`:151645 for open-end generation.
Setting `pad_token_id` to `eos_token_id`:151645 for open-end generation.
Setting `pad_token_id` to `eos_token_id`:151645 for open-end generation.
Setting `pad_token_id` to `eos_token_id`:151645 for open-end generation.
Setting `pad_token_id` to `eos_token_id`:151645 for open-end generation.
Setting `pad_token_id` to `eos_token_id`:151645 for open-end generation.
Setting `pad_token_id` to `eos_token_id`:151645 for open-end generation.
Setting `pad_token_id` to `eos_token_id`:151645 for open-end generation.
Setting `pad_token_id` to `eos_token_id`:151645 for open-end generation.
Setting `pad_token_id` to `eos_token_id`:151645 for open-end generation.
Setting `pad_token_id` to `eos_token_id`:151645 for open-end generation.
Setting `pad_token_id` to `eos_token_id`:151645 for open-end generation.
Setting `pad_token_id` to `eos_token_id`:151645 for open-end generation.
Setting `pad_token_id` to `eos_token_id`:151645 for open-end generation.
  [21:47:26] 3420/4463 = 76.6% · 0.22 bước/giây · còn ~79 phút
Setting `pad_token_id` to `eos_token_id`:151645 for open-end generation.
Setting `pad_token_id` to `eos_token_id`:151645 for open-end generation.
Setting `pad_token_id` to `eos_token_id`:151645 for open-end generation.
Setting `pad_token_id` to `eos_token_id`:151645 for open-end generation.
Setting `pad_token_id` to `eos_token_id`:151645 for open-end generation.
Setting `pad_token_id` to `eos_token_id`:151645 for open-end generation.
Setting `pad_token_id` to `eos_token_id`:151645 for open-end generation.
Setting `pad_token_id` to `eos_token_id`:151645 for open-end generation.
Setting `pad_token_id` to `eos_token_id`:151645 for open-end generation.
Setting `pad_token_id` to `eos_token_id`:151645 for open-end generation.
Setting `pad_token_id` to `eos_token_id`:151645 for open-end generation.
Setting `pad_token_id` to `eos_token_id`:151645 for open-end generation.
Setting `pad_token_id` to `eos_token_id`:151645 for open-end generation.
Setting `pad_token_id` to `eos_token_id`:151645 for open-end generation.
Setting `pad_token_id` to `eos_token_id`:151645 for open-end generation.
Setting `pad_token_id` to `eos_token_id`:151645 for open-end generation.
Setting `pad_token_id` to `eos_token_id`:151645 for open-end generation.
Setting `pad_token_id` to `eos_token_id`:151645 for open-end generation.
Setting `pad_token_id` to `eos_token_id`:151645 for open-end generation.
Setting `pad_token_id` to `eos_token_id`:151645 for open-end generation.
  [21:48:56] 3440/4463 = 77.1% · 0.22 bước/giây · còn ~77 phút
Setting `pad_token_id` to `eos_token_id`:151645 for open-end generation.
Setting `pad_token_id` to `eos_token_id`:151645 for open-end generation.
Setting `pad_token_id` to `eos_token_id`:151645 for open-end generation.
Setting `pad_token_id` to `eos_token_id`:151645 for open-end generation.
Setting `pad_token_id` to `eos_token_id`:151645 for open-end generation.
Setting `pad_token_id` to `eos_token_id`:151645 for open-end generation.
Setting `pad_token_id` to `eos_token_id`:151645 for open-end generation.
Setting `pad_token_id` to `eos_token_id`:151645 for open-end generation.
Setting `pad_token_id` to `eos_token_id`:151645 for open-end generation.
Setting `pad_token_id` to `eos_token_id`:151645 for open-end generation.
Setting `pad_token_id` to `eos_token_id`:151645 for open-end generation.
Setting `pad_token_id` to `eos_token_id`:151645 for open-end generation.
Setting `pad_token_id` to `eos_token_id`:151645 for open-end generation.
Setting `pad_token_id` to `eos_token_id`:151645 for open-end generation.
Setting `pad_token_id` to `eos_token_id`:151645 for open-end generation.
Setting `pad_token_id` to `eos_token_id`:151645 for open-end generation.
Setting `pad_token_id` to `eos_token_id`:151645 for open-end generation.
Setting `pad_token_id` to `eos_token_id`:151645 for open-end generation.
Setting `pad_token_id` to `eos_token_id`:151645 for open-end generation.
Setting `pad_token_id` to `eos_token_id`:151645 for open-end generation.
  [21:50:28] 3460/4463 = 77.5% · 0.22 bước/giây · còn ~76 phút
Setting `pad_token_id` to `eos_token_id`:151645 for open-end generation.
Setting `pad_token_id` to `eos_token_id`:151645 for open-end generation.
Setting `pad_token_id` to `eos_token_id`:151645 for open-end generation.
Setting `pad_token_id` to `eos_token_id`:151645 for open-end generation.
Setting `pad_token_id` to `eos_token_id`:151645 for open-end generation.
Setting `pad_token_id` to `eos_token_id`:151645 for open-end generation.
Setting `pad_token_id` to `eos_token_id`:151645 for open-end generation.
Setting `pad_token_id` to `eos_token_id`:151645 for open-end generation.
Setting `pad_token_id` to `eos_token_id`:151645 for open-end generation.
Setting `pad_token_id` to `eos_token_id`:151645 for open-end generation.
Setting `pad_token_id` to `eos_token_id`:151645 for open-end generation.
Setting `pad_token_id` to `eos_token_id`:151645 for open-end generation.
Setting `pad_token_id` to `eos_token_id`:151645 for open-end generation.
Setting `pad_token_id` to `eos_token_id`:151645 for open-end generation.
Setting `pad_token_id` to `eos_token_id`:151645 for open-end generation.
Setting `pad_token_id` to `eos_token_id`:151645 for open-end generation.
Setting `pad_token_id` to `eos_token_id`:151645 for open-end generation.
Setting `pad_token_id` to `eos_token_id`:151645 for open-end generation.
Setting `pad_token_id` to `eos_token_id`:151645 for open-end generation.
Setting `pad_token_id` to `eos_token_id`:151645 for open-end generation.
  [21:51:59] 3480/4463 = 78.0% · 0.22 bước/giây · còn ~74 phút
Setting `pad_token_id` to `eos_token_id`:151645 for open-end generation.
Setting `pad_token_id` to `eos_token_id`:151645 for open-end generation.
Setting `pad_token_id` to `eos_token_id`:151645 for open-end generation.
Setting `pad_token_id` to `eos_token_id`:151645 for open-end generation.
Setting `pad_token_id` to `eos_token_id`:151645 for open-end generation.
Setting `pad_token_id` to `eos_token_id`:151645 for open-end generation.
Setting `pad_token_id` to `eos_token_id`:151645 for open-end generation.
Setting `pad_token_id` to `eos_token_id`:151645 for open-end generation.
Setting `pad_token_id` to `eos_token_id`:151645 for open-end generation.
Setting `pad_token_id` to `eos_token_id`:151645 for open-end generation.
Setting `pad_token_id` to `eos_token_id`:151645 for open-end generation.
Setting `pad_token_id` to `eos_token_id`:151645 for open-end generation.
Setting `pad_token_id` to `eos_token_id`:151645 for open-end generation.
Setting `pad_token_id` to `eos_token_id`:151645 for open-end generation.
Setting `pad_token_id` to `eos_token_id`:151645 for open-end generation.
Setting `pad_token_id` to `eos_token_id`:151645 for open-end generation.
Setting `pad_token_id` to `eos_token_id`:151645 for open-end generation.
Setting `pad_token_id` to `eos_token_id`:151645 for open-end generation.
Setting `pad_token_id` to `eos_token_id`:151645 for open-end generation.
Setting `pad_token_id` to `eos_token_id`:151645 for open-end generation.
  [21:53:30] 3500/4463 = 78.4% · 0.22 bước/giây · còn ~73 phút
Setting `pad_token_id` to `eos_token_id`:151645 for open-end generation.
Setting `pad_token_id` to `eos_token_id`:151645 for open-end generation.
Setting `pad_token_id` to `eos_token_id`:151645 for open-end generation.
Setting `pad_token_id` to `eos_token_id`:151645 for open-end generation.
Setting `pad_token_id` to `eos_token_id`:151645 for open-end generation.
Setting `pad_token_id` to `eos_token_id`:151645 for open-end generation.
Setting `pad_token_id` to `eos_token_id`:151645 for open-end generation.
Setting `pad_token_id` to `eos_token_id`:151645 for open-end generation.
Setting `pad_token_id` to `eos_token_id`:151645 for open-end generation.
Setting `pad_token_id` to `eos_token_id`:151645 for open-end generation.
Setting `pad_token_id` to `eos_token_id`:151645 for open-end generation.
Setting `pad_token_id` to `eos_token_id`:151645 for open-end generation.
Setting `pad_token_id` to `eos_token_id`:151645 for open-end generation.
Setting `pad_token_id` to `eos_token_id`:151645 for open-end generation.
Setting `pad_token_id` to `eos_token_id`:151645 for open-end generation.
Setting `pad_token_id` to `eos_token_id`:151645 for open-end generation.
Setting `pad_token_id` to `eos_token_id`:151645 for open-end generation.
Setting `pad_token_id` to `eos_token_id`:151645 for open-end generation.
Setting `pad_token_id` to `eos_token_id`:151645 for open-end generation.
Setting `pad_token_id` to `eos_token_id`:151645 for open-end generation.
  [21:55:01] 3520/4463 = 78.9% · 0.22 bước/giây · còn ~71 phút
Setting `pad_token_id` to `eos_token_id`:151645 for open-end generation.
Setting `pad_token_id` to `eos_token_id`:151645 for open-end generation.
Setting `pad_token_id` to `eos_token_id`:151645 for open-end generation.
Setting `pad_token_id` to `eos_token_id`:151645 for open-end generation.
Setting `pad_token_id` to `eos_token_id`:151645 for open-end generation.
Setting `pad_token_id` to `eos_token_id`:151645 for open-end generation.
Setting `pad_token_id` to `eos_token_id`:151645 for open-end generation.
Setting `pad_token_id` to `eos_token_id`:151645 for open-end generation.
Setting `pad_token_id` to `eos_token_id`:151645 for open-end generation.
Setting `pad_token_id` to `eos_token_id`:151645 for open-end generation.
Setting `pad_token_id` to `eos_token_id`:151645 for open-end generation.
Setting `pad_token_id` to `eos_token_id`:151645 for open-end generation.
Setting `pad_token_id` to `eos_token_id`:151645 for open-end generation.
Setting `pad_token_id` to `eos_token_id`:151645 for open-end generation.
Setting `pad_token_id` to `eos_token_id`:151645 for open-end generation.
Setting `pad_token_id` to `eos_token_id`:151645 for open-end generation.
Setting `pad_token_id` to `eos_token_id`:151645 for open-end generation.
Setting `pad_token_id` to `eos_token_id`:151645 for open-end generation.
Setting `pad_token_id` to `eos_token_id`:151645 for open-end generation.
Setting `pad_token_id` to `eos_token_id`:151645 for open-end generation.
  [21:56:31] 3540/4463 = 79.3% · 0.22 bước/giây · còn ~70 phút
Setting `pad_token_id` to `eos_token_id`:151645 for open-end generation.
Setting `pad_token_id` to `eos_token_id`:151645 for open-end generation.
Setting `pad_token_id` to `eos_token_id`:151645 for open-end generation.
Setting `pad_token_id` to `eos_token_id`:151645 for open-end generation.
Setting `pad_token_id` to `eos_token_id`:151645 for open-end generation.
Setting `pad_token_id` to `eos_token_id`:151645 for open-end generation.
Setting `pad_token_id` to `eos_token_id`:151645 for open-end generation.
Setting `pad_token_id` to `eos_token_id`:151645 for open-end generation.
Setting `pad_token_id` to `eos_token_id`:151645 for open-end generation.
Setting `pad_token_id` to `eos_token_id`:151645 for open-end generation.
Setting `pad_token_id` to `eos_token_id`:151645 for open-end generation.
Setting `pad_token_id` to `eos_token_id`:151645 for open-end generation.
Setting `pad_token_id` to `eos_token_id`:151645 for open-end generation.
Setting `pad_token_id` to `eos_token_id`:151645 for open-end generation.
Setting `pad_token_id` to `eos_token_id`:151645 for open-end generation.
Setting `pad_token_id` to `eos_token_id`:151645 for open-end generation.
Setting `pad_token_id` to `eos_token_id`:151645 for open-end generation.
Setting `pad_token_id` to `eos_token_id`:151645 for open-end generation.
Setting `pad_token_id` to `eos_token_id`:151645 for open-end generation.
Setting `pad_token_id` to `eos_token_id`:151645 for open-end generation.
  [21:58:02] 3560/4463 = 79.8% · 0.22 bước/giây · còn ~68 phút
Setting `pad_token_id` to `eos_token_id`:151645 for open-end generation.
Setting `pad_token_id` to `eos_token_id`:151645 for open-end generation.
Setting `pad_token_id` to `eos_token_id`:151645 for open-end generation.
Setting `pad_token_id` to `eos_token_id`:151645 for open-end generation.
Setting `pad_token_id` to `eos_token_id`:151645 for open-end generation.
Setting `pad_token_id` to `eos_token_id`:151645 for open-end generation.
Setting `pad_token_id` to `eos_token_id`:151645 for open-end generation.
Setting `pad_token_id` to `eos_token_id`:151645 for open-end generation.
Setting `pad_token_id` to `eos_token_id`:151645 for open-end generation.
Setting `pad_token_id` to `eos_token_id`:151645 for open-end generation.
Setting `pad_token_id` to `eos_token_id`:151645 for open-end generation.
Setting `pad_token_id` to `eos_token_id`:151645 for open-end generation.
Setting `pad_token_id` to `eos_token_id`:151645 for open-end generation.
Setting `pad_token_id` to `eos_token_id`:151645 for open-end generation.
Setting `pad_token_id` to `eos_token_id`:151645 for open-end generation.
Setting `pad_token_id` to `eos_token_id`:151645 for open-end generation.
Setting `pad_token_id` to `eos_token_id`:151645 for open-end generation.
Setting `pad_token_id` to `eos_token_id`:151645 for open-end generation.
Setting `pad_token_id` to `eos_token_id`:151645 for open-end generation.
Setting `pad_token_id` to `eos_token_id`:151645 for open-end generation.
  [21:59:32] 3580/4463 = 80.2% · 0.22 bước/giây · còn ~67 phút
Setting `pad_token_id` to `eos_token_id`:151645 for open-end generation.
Setting `pad_token_id` to `eos_token_id`:151645 for open-end generation.
Setting `pad_token_id` to `eos_token_id`:151645 for open-end generation.
Setting `pad_token_id` to `eos_token_id`:151645 for open-end generation.
Setting `pad_token_id` to `eos_token_id`:151645 for open-end generation.
Setting `pad_token_id` to `eos_token_id`:151645 for open-end generation.
Setting `pad_token_id` to `eos_token_id`:151645 for open-end generation.
Setting `pad_token_id` to `eos_token_id`:151645 for open-end generation.
Setting `pad_token_id` to `eos_token_id`:151645 for open-end generation.
Setting `pad_token_id` to `eos_token_id`:151645 for open-end generation.
Setting `pad_token_id` to `eos_token_id`:151645 for open-end generation.
Setting `pad_token_id` to `eos_token_id`:151645 for open-end generation.
Setting `pad_token_id` to `eos_token_id`:151645 for open-end generation.
Setting `pad_token_id` to `eos_token_id`:151645 for open-end generation.
Setting `pad_token_id` to `eos_token_id`:151645 for open-end generation.
Setting `pad_token_id` to `eos_token_id`:151645 for open-end generation.
Setting `pad_token_id` to `eos_token_id`:151645 for open-end generation.
Setting `pad_token_id` to `eos_token_id`:151645 for open-end generation.
Setting `pad_token_id` to `eos_token_id`:151645 for open-end generation.
Setting `pad_token_id` to `eos_token_id`:151645 for open-end generation.
  [22:01:02] 3600/4463 = 80.7% · 0.22 bước/giây · còn ~65 phút
Setting `pad_token_id` to `eos_token_id`:151645 for open-end generation.
Setting `pad_token_id` to `eos_token_id`:151645 for open-end generation.
Setting `pad_token_id` to `eos_token_id`:151645 for open-end generation.
Setting `pad_token_id` to `eos_token_id`:151645 for open-end generation.
Setting `pad_token_id` to `eos_token_id`:151645 for open-end generation.
Setting `pad_token_id` to `eos_token_id`:151645 for open-end generation.
Setting `pad_token_id` to `eos_token_id`:151645 for open-end generation.
Setting `pad_token_id` to `eos_token_id`:151645 for open-end generation.
Setting `pad_token_id` to `eos_token_id`:151645 for open-end generation.
Setting `pad_token_id` to `eos_token_id`:151645 for open-end generation.
Setting `pad_token_id` to `eos_token_id`:151645 for open-end generation.
Setting `pad_token_id` to `eos_token_id`:151645 for open-end generation.
Setting `pad_token_id` to `eos_token_id`:151645 for open-end generation.
Setting `pad_token_id` to `eos_token_id`:151645 for open-end generation.
Setting `pad_token_id` to `eos_token_id`:151645 for open-end generation.
Setting `pad_token_id` to `eos_token_id`:151645 for open-end generation.
Setting `pad_token_id` to `eos_token_id`:151645 for open-end generation.
Setting `pad_token_id` to `eos_token_id`:151645 for open-end generation.
Setting `pad_token_id` to `eos_token_id`:151645 for open-end generation.
Setting `pad_token_id` to `eos_token_id`:151645 for open-end generation.
  [22:02:33] 3620/4463 = 81.1% · 0.22 bước/giây · còn ~64 phút
Setting `pad_token_id` to `eos_token_id`:151645 for open-end generation.
Setting `pad_token_id` to `eos_token_id`:151645 for open-end generation.
Setting `pad_token_id` to `eos_token_id`:151645 for open-end generation.
Setting `pad_token_id` to `eos_token_id`:151645 for open-end generation.
Setting `pad_token_id` to `eos_token_id`:151645 for open-end generation.
Setting `pad_token_id` to `eos_token_id`:151645 for open-end generation.
Setting `pad_token_id` to `eos_token_id`:151645 for open-end generation.
Setting `pad_token_id` to `eos_token_id`:151645 for open-end generation.
Setting `pad_token_id` to `eos_token_id`:151645 for open-end generation.
Setting `pad_token_id` to `eos_token_id`:151645 for open-end generation.
Setting `pad_token_id` to `eos_token_id`:151645 for open-end generation.
Setting `pad_token_id` to `eos_token_id`:151645 for open-end generation.
Setting `pad_token_id` to `eos_token_id`:151645 for open-end generation.
Setting `pad_token_id` to `eos_token_id`:151645 for open-end generation.
Setting `pad_token_id` to `eos_token_id`:151645 for open-end generation.
Setting `pad_token_id` to `eos_token_id`:151645 for open-end generation.
Setting `pad_token_id` to `eos_token_id`:151645 for open-end generation.
Setting `pad_token_id` to `eos_token_id`:151645 for open-end generation.
Setting `pad_token_id` to `eos_token_id`:151645 for open-end generation.
Setting `pad_token_id` to `eos_token_id`:151645 for open-end generation.
  [22:04:04] 3640/4463 = 81.6% · 0.22 bước/giây · còn ~62 phút
Setting `pad_token_id` to `eos_token_id`:151645 for open-end generation.
Setting `pad_token_id` to `eos_token_id`:151645 for open-end generation.
Setting `pad_token_id` to `eos_token_id`:151645 for open-end generation.
Setting `pad_token_id` to `eos_token_id`:151645 for open-end generation.
Setting `pad_token_id` to `eos_token_id`:151645 for open-end generation.
Setting `pad_token_id` to `eos_token_id`:151645 for open-end generation.
Setting `pad_token_id` to `eos_token_id`:151645 for open-end generation.
Setting `pad_token_id` to `eos_token_id`:151645 for open-end generation.
Setting `pad_token_id` to `eos_token_id`:151645 for open-end generation.
Setting `pad_token_id` to `eos_token_id`:151645 for open-end generation.
Setting `pad_token_id` to `eos_token_id`:151645 for open-end generation.
Setting `pad_token_id` to `eos_token_id`:151645 for open-end generation.
Setting `pad_token_id` to `eos_token_id`:151645 for open-end generation.
Setting `pad_token_id` to `eos_token_id`:151645 for open-end generation.
Setting `pad_token_id` to `eos_token_id`:151645 for open-end generation.
Setting `pad_token_id` to `eos_token_id`:151645 for open-end generation.
Setting `pad_token_id` to `eos_token_id`:151645 for open-end generation.
Setting `pad_token_id` to `eos_token_id`:151645 for open-end generation.
Setting `pad_token_id` to `eos_token_id`:151645 for open-end generation.
Setting `pad_token_id` to `eos_token_id`:151645 for open-end generation.
  [22:05:34] 3660/4463 = 82.0% · 0.22 bước/giây · còn ~61 phút
Setting `pad_token_id` to `eos_token_id`:151645 for open-end generation.
Setting `pad_token_id` to `eos_token_id`:151645 for open-end generation.
Setting `pad_token_id` to `eos_token_id`:151645 for open-end generation.
Setting `pad_token_id` to `eos_token_id`:151645 for open-end generation.
Setting `pad_token_id` to `eos_token_id`:151645 for open-end generation.
Setting `pad_token_id` to `eos_token_id`:151645 for open-end generation.
Setting `pad_token_id` to `eos_token_id`:151645 for open-end generation.
Setting `pad_token_id` to `eos_token_id`:151645 for open-end generation.
Setting `pad_token_id` to `eos_token_id`:151645 for open-end generation.
Setting `pad_token_id` to `eos_token_id`:151645 for open-end generation.
Setting `pad_token_id` to `eos_token_id`:151645 for open-end generation.
Setting `pad_token_id` to `eos_token_id`:151645 for open-end generation.
Setting `pad_token_id` to `eos_token_id`:151645 for open-end generation.
Setting `pad_token_id` to `eos_token_id`:151645 for open-end generation.
Setting `pad_token_id` to `eos_token_id`:151645 for open-end generation.
Setting `pad_token_id` to `eos_token_id`:151645 for open-end generation.
Setting `pad_token_id` to `eos_token_id`:151645 for open-end generation.
Setting `pad_token_id` to `eos_token_id`:151645 for open-end generation.
Setting `pad_token_id` to `eos_token_id`:151645 for open-end generation.
Setting `pad_token_id` to `eos_token_id`:151645 for open-end generation.
  [22:07:06] 3680/4463 = 82.5% · 0.22 bước/giây · còn ~59 phút
Setting `pad_token_id` to `eos_token_id`:151645 for open-end generation.
Setting `pad_token_id` to `eos_token_id`:151645 for open-end generation.
Setting `pad_token_id` to `eos_token_id`:151645 for open-end generation.
Setting `pad_token_id` to `eos_token_id`:151645 for open-end generation.
Setting `pad_token_id` to `eos_token_id`:151645 for open-end generation.
Setting `pad_token_id` to `eos_token_id`:151645 for open-end generation.
Setting `pad_token_id` to `eos_token_id`:151645 for open-end generation.
Setting `pad_token_id` to `eos_token_id`:151645 for open-end generation.
Setting `pad_token_id` to `eos_token_id`:151645 for open-end generation.
Setting `pad_token_id` to `eos_token_id`:151645 for open-end generation.
Setting `pad_token_id` to `eos_token_id`:151645 for open-end generation.
Setting `pad_token_id` to `eos_token_id`:151645 for open-end generation.
Setting `pad_token_id` to `eos_token_id`:151645 for open-end generation.
Setting `pad_token_id` to `eos_token_id`:151645 for open-end generation.
Setting `pad_token_id` to `eos_token_id`:151645 for open-end generation.
Setting `pad_token_id` to `eos_token_id`:151645 for open-end generation.
Setting `pad_token_id` to `eos_token_id`:151645 for open-end generation.
Setting `pad_token_id` to `eos_token_id`:151645 for open-end generation.
Setting `pad_token_id` to `eos_token_id`:151645 for open-end generation.
Setting `pad_token_id` to `eos_token_id`:151645 for open-end generation.
  [22:08:36] 3700/4463 = 82.9% · 0.22 bước/giây · còn ~58 phút
Setting `pad_token_id` to `eos_token_id`:151645 for open-end generation.
Setting `pad_token_id` to `eos_token_id`:151645 for open-end generation.
Setting `pad_token_id` to `eos_token_id`:151645 for open-end generation.
Setting `pad_token_id` to `eos_token_id`:151645 for open-end generation.
Setting `pad_token_id` to `eos_token_id`:151645 for open-end generation.
Setting `pad_token_id` to `eos_token_id`:151645 for open-end generation.
Setting `pad_token_id` to `eos_token_id`:151645 for open-end generation.
Setting `pad_token_id` to `eos_token_id`:151645 for open-end generation.
Setting `pad_token_id` to `eos_token_id`:151645 for open-end generation.
Setting `pad_token_id` to `eos_token_id`:151645 for open-end generation.
Setting `pad_token_id` to `eos_token_id`:151645 for open-end generation.
Setting `pad_token_id` to `eos_token_id`:151645 for open-end generation.
Setting `pad_token_id` to `eos_token_id`:151645 for open-end generation.
Setting `pad_token_id` to `eos_token_id`:151645 for open-end generation.
Setting `pad_token_id` to `eos_token_id`:151645 for open-end generation.
Setting `pad_token_id` to `eos_token_id`:151645 for open-end generation.
Setting `pad_token_id` to `eos_token_id`:151645 for open-end generation.
Setting `pad_token_id` to `eos_token_id`:151645 for open-end generation.
Setting `pad_token_id` to `eos_token_id`:151645 for open-end generation.
Setting `pad_token_id` to `eos_token_id`:151645 for open-end generation.
  [22:10:07] 3720/4463 = 83.4% · 0.22 bước/giây · còn ~56 phút
Setting `pad_token_id` to `eos_token_id`:151645 for open-end generation.
Setting `pad_token_id` to `eos_token_id`:151645 for open-end generation.
Setting `pad_token_id` to `eos_token_id`:151645 for open-end generation.
Setting `pad_token_id` to `eos_token_id`:151645 for open-end generation.
Setting `pad_token_id` to `eos_token_id`:151645 for open-end generation.
Setting `pad_token_id` to `eos_token_id`:151645 for open-end generation.
Setting `pad_token_id` to `eos_token_id`:151645 for open-end generation.
Setting `pad_token_id` to `eos_token_id`:151645 for open-end generation.
Setting `pad_token_id` to `eos_token_id`:151645 for open-end generation.
Setting `pad_token_id` to `eos_token_id`:151645 for open-end generation.
Setting `pad_token_id` to `eos_token_id`:151645 for open-end generation.
Setting `pad_token_id` to `eos_token_id`:151645 for open-end generation.
Setting `pad_token_id` to `eos_token_id`:151645 for open-end generation.
Setting `pad_token_id` to `eos_token_id`:151645 for open-end generation.
Setting `pad_token_id` to `eos_token_id`:151645 for open-end generation.
Setting `pad_token_id` to `eos_token_id`:151645 for open-end generation.
Setting `pad_token_id` to `eos_token_id`:151645 for open-end generation.
Setting `pad_token_id` to `eos_token_id`:151645 for open-end generation.
Setting `pad_token_id` to `eos_token_id`:151645 for open-end generation.
Setting `pad_token_id` to `eos_token_id`:151645 for open-end generation.
  [22:11:38] 3740/4463 = 83.8% · 0.22 bước/giây · còn ~55 phút
Setting `pad_token_id` to `eos_token_id`:151645 for open-end generation.
Setting `pad_token_id` to `eos_token_id`:151645 for open-end generation.
Setting `pad_token_id` to `eos_token_id`:151645 for open-end generation.
Setting `pad_token_id` to `eos_token_id`:151645 for open-end generation.
Setting `pad_token_id` to `eos_token_id`:151645 for open-end generation.
Setting `pad_token_id` to `eos_token_id`:151645 for open-end generation.
Setting `pad_token_id` to `eos_token_id`:151645 for open-end generation.
Setting `pad_token_id` to `eos_token_id`:151645 for open-end generation.
Setting `pad_token_id` to `eos_token_id`:151645 for open-end generation.
Setting `pad_token_id` to `eos_token_id`:151645 for open-end generation.
Setting `pad_token_id` to `eos_token_id`:151645 for open-end generation.
Setting `pad_token_id` to `eos_token_id`:151645 for open-end generation.
Setting `pad_token_id` to `eos_token_id`:151645 for open-end generation.
Setting `pad_token_id` to `eos_token_id`:151645 for open-end generation.
Setting `pad_token_id` to `eos_token_id`:151645 for open-end generation.
Setting `pad_token_id` to `eos_token_id`:151645 for open-end generation.
Setting `pad_token_id` to `eos_token_id`:151645 for open-end generation.
Setting `pad_token_id` to `eos_token_id`:151645 for open-end generation.
Setting `pad_token_id` to `eos_token_id`:151645 for open-end generation.
Setting `pad_token_id` to `eos_token_id`:151645 for open-end generation.
  [22:13:09] 3760/4463 = 84.2% · 0.22 bước/giây · còn ~53 phút
Setting `pad_token_id` to `eos_token_id`:151645 for open-end generation.
Setting `pad_token_id` to `eos_token_id`:151645 for open-end generation.
Setting `pad_token_id` to `eos_token_id`:151645 for open-end generation.
Setting `pad_token_id` to `eos_token_id`:151645 for open-end generation.
Setting `pad_token_id` to `eos_token_id`:151645 for open-end generation.
Setting `pad_token_id` to `eos_token_id`:151645 for open-end generation.
Setting `pad_token_id` to `eos_token_id`:151645 for open-end generation.
Setting `pad_token_id` to `eos_token_id`:151645 for open-end generation.
Setting `pad_token_id` to `eos_token_id`:151645 for open-end generation.
Setting `pad_token_id` to `eos_token_id`:151645 for open-end generation.
Setting `pad_token_id` to `eos_token_id`:151645 for open-end generation.
Setting `pad_token_id` to `eos_token_id`:151645 for open-end generation.
Setting `pad_token_id` to `eos_token_id`:151645 for open-end generation.
Setting `pad_token_id` to `eos_token_id`:151645 for open-end generation.
Setting `pad_token_id` to `eos_token_id`:151645 for open-end generation.
Setting `pad_token_id` to `eos_token_id`:151645 for open-end generation.
Setting `pad_token_id` to `eos_token_id`:151645 for open-end generation.
Setting `pad_token_id` to `eos_token_id`:151645 for open-end generation.
Setting `pad_token_id` to `eos_token_id`:151645 for open-end generation.
Setting `pad_token_id` to `eos_token_id`:151645 for open-end generation.
  [22:14:39] 3780/4463 = 84.7% · 0.22 bước/giây · còn ~52 phút
Setting `pad_token_id` to `eos_token_id`:151645 for open-end generation.
Setting `pad_token_id` to `eos_token_id`:151645 for open-end generation.
Setting `pad_token_id` to `eos_token_id`:151645 for open-end generation.
Setting `pad_token_id` to `eos_token_id`:151645 for open-end generation.
Setting `pad_token_id` to `eos_token_id`:151645 for open-end generation.
Setting `pad_token_id` to `eos_token_id`:151645 for open-end generation.
Setting `pad_token_id` to `eos_token_id`:151645 for open-end generation.
Setting `pad_token_id` to `eos_token_id`:151645 for open-end generation.
Setting `pad_token_id` to `eos_token_id`:151645 for open-end generation.
Setting `pad_token_id` to `eos_token_id`:151645 for open-end generation.
Setting `pad_token_id` to `eos_token_id`:151645 for open-end generation.
Setting `pad_token_id` to `eos_token_id`:151645 for open-end generation.
Setting `pad_token_id` to `eos_token_id`:151645 for open-end generation.
Setting `pad_token_id` to `eos_token_id`:151645 for open-end generation.
Setting `pad_token_id` to `eos_token_id`:151645 for open-end generation.
Setting `pad_token_id` to `eos_token_id`:151645 for open-end generation.
Setting `pad_token_id` to `eos_token_id`:151645 for open-end generation.
Setting `pad_token_id` to `eos_token_id`:151645 for open-end generation.
Setting `pad_token_id` to `eos_token_id`:151645 for open-end generation.
Setting `pad_token_id` to `eos_token_id`:151645 for open-end generation.
  [22:16:10] 3800/4463 = 85.1% · 0.22 bước/giây · còn ~50 phút
Setting `pad_token_id` to `eos_token_id`:151645 for open-end generation.
Setting `pad_token_id` to `eos_token_id`:151645 for open-end generation.
Setting `pad_token_id` to `eos_token_id`:151645 for open-end generation.
Setting `pad_token_id` to `eos_token_id`:151645 for open-end generation.
Setting `pad_token_id` to `eos_token_id`:151645 for open-end generation.
Setting `pad_token_id` to `eos_token_id`:151645 for open-end generation.
Setting `pad_token_id` to `eos_token_id`:151645 for open-end generation.
Setting `pad_token_id` to `eos_token_id`:151645 for open-end generation.
Setting `pad_token_id` to `eos_token_id`:151645 for open-end generation.
Setting `pad_token_id` to `eos_token_id`:151645 for open-end generation.
Setting `pad_token_id` to `eos_token_id`:151645 for open-end generation.
Setting `pad_token_id` to `eos_token_id`:151645 for open-end generation.
Setting `pad_token_id` to `eos_token_id`:151645 for open-end generation.
Setting `pad_token_id` to `eos_token_id`:151645 for open-end generation.
Setting `pad_token_id` to `eos_token_id`:151645 for open-end generation.
Setting `pad_token_id` to `eos_token_id`:151645 for open-end generation.
Setting `pad_token_id` to `eos_token_id`:151645 for open-end generation.
Setting `pad_token_id` to `eos_token_id`:151645 for open-end generation.
Setting `pad_token_id` to `eos_token_id`:151645 for open-end generation.
Setting `pad_token_id` to `eos_token_id`:151645 for open-end generation.
  [22:17:41] 3820/4463 = 85.6% · 0.22 bước/giây · còn ~49 phút
Setting `pad_token_id` to `eos_token_id`:151645 for open-end generation.
Setting `pad_token_id` to `eos_token_id`:151645 for open-end generation.
Setting `pad_token_id` to `eos_token_id`:151645 for open-end generation.
Setting `pad_token_id` to `eos_token_id`:151645 for open-end generation.
Setting `pad_token_id` to `eos_token_id`:151645 for open-end generation.
Setting `pad_token_id` to `eos_token_id`:151645 for open-end generation.
Setting `pad_token_id` to `eos_token_id`:151645 for open-end generation.
Setting `pad_token_id` to `eos_token_id`:151645 for open-end generation.
Setting `pad_token_id` to `eos_token_id`:151645 for open-end generation.
Setting `pad_token_id` to `eos_token_id`:151645 for open-end generation.
Setting `pad_token_id` to `eos_token_id`:151645 for open-end generation.
Setting `pad_token_id` to `eos_token_id`:151645 for open-end generation.
Setting `pad_token_id` to `eos_token_id`:151645 for open-end generation.
Setting `pad_token_id` to `eos_token_id`:151645 for open-end generation.
Setting `pad_token_id` to `eos_token_id`:151645 for open-end generation.
Setting `pad_token_id` to `eos_token_id`:151645 for open-end generation.
Setting `pad_token_id` to `eos_token_id`:151645 for open-end generation.
Setting `pad_token_id` to `eos_token_id`:151645 for open-end generation.
Setting `pad_token_id` to `eos_token_id`:151645 for open-end generation.
Setting `pad_token_id` to `eos_token_id`:151645 for open-end generation.
  [22:19:12] 3840/4463 = 86.0% · 0.22 bước/giây · còn ~47 phút
Setting `pad_token_id` to `eos_token_id`:151645 for open-end generation.
Setting `pad_token_id` to `eos_token_id`:151645 for open-end generation.
Setting `pad_token_id` to `eos_token_id`:151645 for open-end generation.
Setting `pad_token_id` to `eos_token_id`:151645 for open-end generation.
Setting `pad_token_id` to `eos_token_id`:151645 for open-end generation.
Setting `pad_token_id` to `eos_token_id`:151645 for open-end generation.
Setting `pad_token_id` to `eos_token_id`:151645 for open-end generation.
Setting `pad_token_id` to `eos_token_id`:151645 for open-end generation.
Setting `pad_token_id` to `eos_token_id`:151645 for open-end generation.
Setting `pad_token_id` to `eos_token_id`:151645 for open-end generation.
Setting `pad_token_id` to `eos_token_id`:151645 for open-end generation.
Setting `pad_token_id` to `eos_token_id`:151645 for open-end generation.
Setting `pad_token_id` to `eos_token_id`:151645 for open-end generation.
Setting `pad_token_id` to `eos_token_id`:151645 for open-end generation.
Setting `pad_token_id` to `eos_token_id`:151645 for open-end generation.
Setting `pad_token_id` to `eos_token_id`:151645 for open-end generation.
Setting `pad_token_id` to `eos_token_id`:151645 for open-end generation.
Setting `pad_token_id` to `eos_token_id`:151645 for open-end generation.
Setting `pad_token_id` to `eos_token_id`:151645 for open-end generation.
Setting `pad_token_id` to `eos_token_id`:151645 for open-end generation.
  [22:20:43] 3860/4463 = 86.5% · 0.22 bước/giây · còn ~46 phút
Setting `pad_token_id` to `eos_token_id`:151645 for open-end generation.
Setting `pad_token_id` to `eos_token_id`:151645 for open-end generation.
Setting `pad_token_id` to `eos_token_id`:151645 for open-end generation.
Setting `pad_token_id` to `eos_token_id`:151645 for open-end generation.
Setting `pad_token_id` to `eos_token_id`:151645 for open-end generation.
Setting `pad_token_id` to `eos_token_id`:151645 for open-end generation.
Setting `pad_token_id` to `eos_token_id`:151645 for open-end generation.
Setting `pad_token_id` to `eos_token_id`:151645 for open-end generation.
Setting `pad_token_id` to `eos_token_id`:151645 for open-end generation.
Setting `pad_token_id` to `eos_token_id`:151645 for open-end generation.
Setting `pad_token_id` to `eos_token_id`:151645 for open-end generation.
Setting `pad_token_id` to `eos_token_id`:151645 for open-end generation.
Setting `pad_token_id` to `eos_token_id`:151645 for open-end generation.
Setting `pad_token_id` to `eos_token_id`:151645 for open-end generation.
Setting `pad_token_id` to `eos_token_id`:151645 for open-end generation.
Setting `pad_token_id` to `eos_token_id`:151645 for open-end generation.
Setting `pad_token_id` to `eos_token_id`:151645 for open-end generation.
Setting `pad_token_id` to `eos_token_id`:151645 for open-end generation.
Setting `pad_token_id` to `eos_token_id`:151645 for open-end generation.
Setting `pad_token_id` to `eos_token_id`:151645 for open-end generation.
  [22:22:14] 3880/4463 = 86.9% · 0.22 bước/giây · còn ~44 phút
Setting `pad_token_id` to `eos_token_id`:151645 for open-end generation.
Setting `pad_token_id` to `eos_token_id`:151645 for open-end generation.
Setting `pad_token_id` to `eos_token_id`:151645 for open-end generation.
Setting `pad_token_id` to `eos_token_id`:151645 for open-end generation.
Setting `pad_token_id` to `eos_token_id`:151645 for open-end generation.
Setting `pad_token_id` to `eos_token_id`:151645 for open-end generation.
Setting `pad_token_id` to `eos_token_id`:151645 for open-end generation.
Setting `pad_token_id` to `eos_token_id`:151645 for open-end generation.
Setting `pad_token_id` to `eos_token_id`:151645 for open-end generation.
Setting `pad_token_id` to `eos_token_id`:151645 for open-end generation.
Setting `pad_token_id` to `eos_token_id`:151645 for open-end generation.
Setting `pad_token_id` to `eos_token_id`:151645 for open-end generation.
Setting `pad_token_id` to `eos_token_id`:151645 for open-end generation.
Setting `pad_token_id` to `eos_token_id`:151645 for open-end generation.
Setting `pad_token_id` to `eos_token_id`:151645 for open-end generation.
Setting `pad_token_id` to `eos_token_id`:151645 for open-end generation.
Setting `pad_token_id` to `eos_token_id`:151645 for open-end generation.
Setting `pad_token_id` to `eos_token_id`:151645 for open-end generation.
Setting `pad_token_id` to `eos_token_id`:151645 for open-end generation.
Setting `pad_token_id` to `eos_token_id`:151645 for open-end generation.
  [22:23:45] 3900/4463 = 87.4% · 0.22 bước/giây · còn ~43 phút
Setting `pad_token_id` to `eos_token_id`:151645 for open-end generation.
Setting `pad_token_id` to `eos_token_id`:151645 for open-end generation.
Setting `pad_token_id` to `eos_token_id`:151645 for open-end generation.
Setting `pad_token_id` to `eos_token_id`:151645 for open-end generation.
Setting `pad_token_id` to `eos_token_id`:151645 for open-end generation.
Setting `pad_token_id` to `eos_token_id`:151645 for open-end generation.
Setting `pad_token_id` to `eos_token_id`:151645 for open-end generation.
Setting `pad_token_id` to `eos_token_id`:151645 for open-end generation.
Setting `pad_token_id` to `eos_token_id`:151645 for open-end generation.
Setting `pad_token_id` to `eos_token_id`:151645 for open-end generation.
Setting `pad_token_id` to `eos_token_id`:151645 for open-end generation.
Setting `pad_token_id` to `eos_token_id`:151645 for open-end generation.
Setting `pad_token_id` to `eos_token_id`:151645 for open-end generation.
Setting `pad_token_id` to `eos_token_id`:151645 for open-end generation.
Setting `pad_token_id` to `eos_token_id`:151645 for open-end generation.
Setting `pad_token_id` to `eos_token_id`:151645 for open-end generation.
Setting `pad_token_id` to `eos_token_id`:151645 for open-end generation.
Setting `pad_token_id` to `eos_token_id`:151645 for open-end generation.
Setting `pad_token_id` to `eos_token_id`:151645 for open-end generation.
Setting `pad_token_id` to `eos_token_id`:151645 for open-end generation.
  [22:25:16] 3920/4463 = 87.8% · 0.22 bước/giây · còn ~41 phút
Setting `pad_token_id` to `eos_token_id`:151645 for open-end generation.
Setting `pad_token_id` to `eos_token_id`:151645 for open-end generation.
Setting `pad_token_id` to `eos_token_id`:151645 for open-end generation.
Setting `pad_token_id` to `eos_token_id`:151645 for open-end generation.
Setting `pad_token_id` to `eos_token_id`:151645 for open-end generation.
Setting `pad_token_id` to `eos_token_id`:151645 for open-end generation.
Setting `pad_token_id` to `eos_token_id`:151645 for open-end generation.
Setting `pad_token_id` to `eos_token_id`:151645 for open-end generation.
Setting `pad_token_id` to `eos_token_id`:151645 for open-end generation.
Setting `pad_token_id` to `eos_token_id`:151645 for open-end generation.
Setting `pad_token_id` to `eos_token_id`:151645 for open-end generation.
Setting `pad_token_id` to `eos_token_id`:151645 for open-end generation.
Setting `pad_token_id` to `eos_token_id`:151645 for open-end generation.
Setting `pad_token_id` to `eos_token_id`:151645 for open-end generation.
Setting `pad_token_id` to `eos_token_id`:151645 for open-end generation.
Setting `pad_token_id` to `eos_token_id`:151645 for open-end generation.
Setting `pad_token_id` to `eos_token_id`:151645 for open-end generation.
Setting `pad_token_id` to `eos_token_id`:151645 for open-end generation.
Setting `pad_token_id` to `eos_token_id`:151645 for open-end generation.
Setting `pad_token_id` to `eos_token_id`:151645 for open-end generation.
  [22:26:47] 3940/4463 = 88.3% · 0.22 bước/giây · còn ~40 phút
Setting `pad_token_id` to `eos_token_id`:151645 for open-end generation.
Setting `pad_token_id` to `eos_token_id`:151645 for open-end generation.
Setting `pad_token_id` to `eos_token_id`:151645 for open-end generation.
Setting `pad_token_id` to `eos_token_id`:151645 for open-end generation.
Setting `pad_token_id` to `eos_token_id`:151645 for open-end generation.
Setting `pad_token_id` to `eos_token_id`:151645 for open-end generation.
Setting `pad_token_id` to `eos_token_id`:151645 for open-end generation.
Setting `pad_token_id` to `eos_token_id`:151645 for open-end generation.
Setting `pad_token_id` to `eos_token_id`:151645 for open-end generation.
Setting `pad_token_id` to `eos_token_id`:151645 for open-end generation.
Setting `pad_token_id` to `eos_token_id`:151645 for open-end generation.
Setting `pad_token_id` to `eos_token_id`:151645 for open-end generation.
Setting `pad_token_id` to `eos_token_id`:151645 for open-end generation.
Setting `pad_token_id` to `eos_token_id`:151645 for open-end generation.
Setting `pad_token_id` to `eos_token_id`:151645 for open-end generation.
Setting `pad_token_id` to `eos_token_id`:151645 for open-end generation.
Setting `pad_token_id` to `eos_token_id`:151645 for open-end generation.
Setting `pad_token_id` to `eos_token_id`:151645 for open-end generation.
Setting `pad_token_id` to `eos_token_id`:151645 for open-end generation.
Setting `pad_token_id` to `eos_token_id`:151645 for open-end generation.
  [22:28:18] 3960/4463 = 88.7% · 0.22 bước/giây · còn ~38 phút
Setting `pad_token_id` to `eos_token_id`:151645 for open-end generation.
Setting `pad_token_id` to `eos_token_id`:151645 for open-end generation.
Setting `pad_token_id` to `eos_token_id`:151645 for open-end generation.
Setting `pad_token_id` to `eos_token_id`:151645 for open-end generation.
Setting `pad_token_id` to `eos_token_id`:151645 for open-end generation.
Setting `pad_token_id` to `eos_token_id`:151645 for open-end generation.
Setting `pad_token_id` to `eos_token_id`:151645 for open-end generation.
Setting `pad_token_id` to `eos_token_id`:151645 for open-end generation.
Setting `pad_token_id` to `eos_token_id`:151645 for open-end generation.
Setting `pad_token_id` to `eos_token_id`:151645 for open-end generation.
Setting `pad_token_id` to `eos_token_id`:151645 for open-end generation.
Setting `pad_token_id` to `eos_token_id`:151645 for open-end generation.
Setting `pad_token_id` to `eos_token_id`:151645 for open-end generation.
Setting `pad_token_id` to `eos_token_id`:151645 for open-end generation.
Setting `pad_token_id` to `eos_token_id`:151645 for open-end generation.
Setting `pad_token_id` to `eos_token_id`:151645 for open-end generation.
Setting `pad_token_id` to `eos_token_id`:151645 for open-end generation.
Setting `pad_token_id` to `eos_token_id`:151645 for open-end generation.
Setting `pad_token_id` to `eos_token_id`:151645 for open-end generation.
Setting `pad_token_id` to `eos_token_id`:151645 for open-end generation.
  [22:29:49] 3980/4463 = 89.2% · 0.22 bước/giây · còn ~37 phút
Setting `pad_token_id` to `eos_token_id`:151645 for open-end generation.
Setting `pad_token_id` to `eos_token_id`:151645 for open-end generation.
Setting `pad_token_id` to `eos_token_id`:151645 for open-end generation.
Setting `pad_token_id` to `eos_token_id`:151645 for open-end generation.
Setting `pad_token_id` to `eos_token_id`:151645 for open-end generation.
Setting `pad_token_id` to `eos_token_id`:151645 for open-end generation.
Setting `pad_token_id` to `eos_token_id`:151645 for open-end generation.
Setting `pad_token_id` to `eos_token_id`:151645 for open-end generation.
Setting `pad_token_id` to `eos_token_id`:151645 for open-end generation.
Setting `pad_token_id` to `eos_token_id`:151645 for open-end generation.
Setting `pad_token_id` to `eos_token_id`:151645 for open-end generation.
Setting `pad_token_id` to `eos_token_id`:151645 for open-end generation.
Setting `pad_token_id` to `eos_token_id`:151645 for open-end generation.
Setting `pad_token_id` to `eos_token_id`:151645 for open-end generation.
Setting `pad_token_id` to `eos_token_id`:151645 for open-end generation.
Setting `pad_token_id` to `eos_token_id`:151645 for open-end generation.
Setting `pad_token_id` to `eos_token_id`:151645 for open-end generation.
Setting `pad_token_id` to `eos_token_id`:151645 for open-end generation.
Setting `pad_token_id` to `eos_token_id`:151645 for open-end generation.
Setting `pad_token_id` to `eos_token_id`:151645 for open-end generation.
  [22:31:20] 4000/4463 = 89.6% · 0.22 bước/giây · còn ~35 phút
Setting `pad_token_id` to `eos_token_id`:151645 for open-end generation.
Setting `pad_token_id` to `eos_token_id`:151645 for open-end generation.
Setting `pad_token_id` to `eos_token_id`:151645 for open-end generation.
Setting `pad_token_id` to `eos_token_id`:151645 for open-end generation.
Setting `pad_token_id` to `eos_token_id`:151645 for open-end generation.
Setting `pad_token_id` to `eos_token_id`:151645 for open-end generation.
Setting `pad_token_id` to `eos_token_id`:151645 for open-end generation.
Setting `pad_token_id` to `eos_token_id`:151645 for open-end generation.
Setting `pad_token_id` to `eos_token_id`:151645 for open-end generation.
Setting `pad_token_id` to `eos_token_id`:151645 for open-end generation.
Setting `pad_token_id` to `eos_token_id`:151645 for open-end generation.
Setting `pad_token_id` to `eos_token_id`:151645 for open-end generation.
Setting `pad_token_id` to `eos_token_id`:151645 for open-end generation.
Setting `pad_token_id` to `eos_token_id`:151645 for open-end generation.
Setting `pad_token_id` to `eos_token_id`:151645 for open-end generation.
Setting `pad_token_id` to `eos_token_id`:151645 for open-end generation.
Setting `pad_token_id` to `eos_token_id`:151645 for open-end generation.
Setting `pad_token_id` to `eos_token_id`:151645 for open-end generation.
Setting `pad_token_id` to `eos_token_id`:151645 for open-end generation.
Setting `pad_token_id` to `eos_token_id`:151645 for open-end generation.
  [22:32:51] 4020/4463 = 90.1% · 0.22 bước/giây · còn ~34 phút
Setting `pad_token_id` to `eos_token_id`:151645 for open-end generation.
Setting `pad_token_id` to `eos_token_id`:151645 for open-end generation.
Setting `pad_token_id` to `eos_token_id`:151645 for open-end generation.
Setting `pad_token_id` to `eos_token_id`:151645 for open-end generation.
Setting `pad_token_id` to `eos_token_id`:151645 for open-end generation.
Setting `pad_token_id` to `eos_token_id`:151645 for open-end generation.
Setting `pad_token_id` to `eos_token_id`:151645 for open-end generation.
Setting `pad_token_id` to `eos_token_id`:151645 for open-end generation.
Setting `pad_token_id` to `eos_token_id`:151645 for open-end generation.
Setting `pad_token_id` to `eos_token_id`:151645 for open-end generation.
Setting `pad_token_id` to `eos_token_id`:151645 for open-end generation.
Setting `pad_token_id` to `eos_token_id`:151645 for open-end generation.
Setting `pad_token_id` to `eos_token_id`:151645 for open-end generation.
Setting `pad_token_id` to `eos_token_id`:151645 for open-end generation.
Setting `pad_token_id` to `eos_token_id`:151645 for open-end generation.
Setting `pad_token_id` to `eos_token_id`:151645 for open-end generation.
Setting `pad_token_id` to `eos_token_id`:151645 for open-end generation.
Setting `pad_token_id` to `eos_token_id`:151645 for open-end generation.
Setting `pad_token_id` to `eos_token_id`:151645 for open-end generation.
Setting `pad_token_id` to `eos_token_id`:151645 for open-end generation.
  [22:34:21] 4040/4463 = 90.5% · 0.22 bước/giây · còn ~32 phút
Setting `pad_token_id` to `eos_token_id`:151645 for open-end generation.
Setting `pad_token_id` to `eos_token_id`:151645 for open-end generation.
Setting `pad_token_id` to `eos_token_id`:151645 for open-end generation.
Setting `pad_token_id` to `eos_token_id`:151645 for open-end generation.
Setting `pad_token_id` to `eos_token_id`:151645 for open-end generation.
Setting `pad_token_id` to `eos_token_id`:151645 for open-end generation.
Setting `pad_token_id` to `eos_token_id`:151645 for open-end generation.
Setting `pad_token_id` to `eos_token_id`:151645 for open-end generation.
Setting `pad_token_id` to `eos_token_id`:151645 for open-end generation.
Setting `pad_token_id` to `eos_token_id`:151645 for open-end generation.
Setting `pad_token_id` to `eos_token_id`:151645 for open-end generation.
Setting `pad_token_id` to `eos_token_id`:151645 for open-end generation.
Setting `pad_token_id` to `eos_token_id`:151645 for open-end generation.
Setting `pad_token_id` to `eos_token_id`:151645 for open-end generation.
Setting `pad_token_id` to `eos_token_id`:151645 for open-end generation.
Setting `pad_token_id` to `eos_token_id`:151645 for open-end generation.
Setting `pad_token_id` to `eos_token_id`:151645 for open-end generation.
Setting `pad_token_id` to `eos_token_id`:151645 for open-end generation.
Setting `pad_token_id` to `eos_token_id`:151645 for open-end generation.
Setting `pad_token_id` to `eos_token_id`:151645 for open-end generation.
  [22:35:52] 4060/4463 = 91.0% · 0.22 bước/giây · còn ~30 phút
Setting `pad_token_id` to `eos_token_id`:151645 for open-end generation.
Setting `pad_token_id` to `eos_token_id`:151645 for open-end generation.
Setting `pad_token_id` to `eos_token_id`:151645 for open-end generation.
Setting `pad_token_id` to `eos_token_id`:151645 for open-end generation.
Setting `pad_token_id` to `eos_token_id`:151645 for open-end generation.
Setting `pad_token_id` to `eos_token_id`:151645 for open-end generation.
Setting `pad_token_id` to `eos_token_id`:151645 for open-end generation.
Setting `pad_token_id` to `eos_token_id`:151645 for open-end generation.
Setting `pad_token_id` to `eos_token_id`:151645 for open-end generation.
Setting `pad_token_id` to `eos_token_id`:151645 for open-end generation.
Setting `pad_token_id` to `eos_token_id`:151645 for open-end generation.
Setting `pad_token_id` to `eos_token_id`:151645 for open-end generation.
Setting `pad_token_id` to `eos_token_id`:151645 for open-end generation.
Setting `pad_token_id` to `eos_token_id`:151645 for open-end generation.
Setting `pad_token_id` to `eos_token_id`:151645 for open-end generation.
Setting `pad_token_id` to `eos_token_id`:151645 for open-end generation.
Setting `pad_token_id` to `eos_token_id`:151645 for open-end generation.
Setting `pad_token_id` to `eos_token_id`:151645 for open-end generation.
Setting `pad_token_id` to `eos_token_id`:151645 for open-end generation.
Setting `pad_token_id` to `eos_token_id`:151645 for open-end generation.
  [22:37:24] 4080/4463 = 91.4% · 0.22 bước/giây · còn ~29 phút
Setting `pad_token_id` to `eos_token_id`:151645 for open-end generation.
Setting `pad_token_id` to `eos_token_id`:151645 for open-end generation.
Setting `pad_token_id` to `eos_token_id`:151645 for open-end generation.
Setting `pad_token_id` to `eos_token_id`:151645 for open-end generation.
Setting `pad_token_id` to `eos_token_id`:151645 for open-end generation.
Setting `pad_token_id` to `eos_token_id`:151645 for open-end generation.
Setting `pad_token_id` to `eos_token_id`:151645 for open-end generation.
Setting `pad_token_id` to `eos_token_id`:151645 for open-end generation.
Setting `pad_token_id` to `eos_token_id`:151645 for open-end generation.
Setting `pad_token_id` to `eos_token_id`:151645 for open-end generation.
Setting `pad_token_id` to `eos_token_id`:151645 for open-end generation.
Setting `pad_token_id` to `eos_token_id`:151645 for open-end generation.
Setting `pad_token_id` to `eos_token_id`:151645 for open-end generation.
Setting `pad_token_id` to `eos_token_id`:151645 for open-end generation.
Setting `pad_token_id` to `eos_token_id`:151645 for open-end generation.
Setting `pad_token_id` to `eos_token_id`:151645 for open-end generation.
Setting `pad_token_id` to `eos_token_id`:151645 for open-end generation.
Setting `pad_token_id` to `eos_token_id`:151645 for open-end generation.
Setting `pad_token_id` to `eos_token_id`:151645 for open-end generation.
Setting `pad_token_id` to `eos_token_id`:151645 for open-end generation.
  [22:38:54] 4100/4463 = 91.9% · 0.22 bước/giây · còn ~27 phút
Setting `pad_token_id` to `eos_token_id`:151645 for open-end generation.
Setting `pad_token_id` to `eos_token_id`:151645 for open-end generation.
Setting `pad_token_id` to `eos_token_id`:151645 for open-end generation.
Setting `pad_token_id` to `eos_token_id`:151645 for open-end generation.
Setting `pad_token_id` to `eos_token_id`:151645 for open-end generation.
Setting `pad_token_id` to `eos_token_id`:151645 for open-end generation.
Setting `pad_token_id` to `eos_token_id`:151645 for open-end generation.
Setting `pad_token_id` to `eos_token_id`:151645 for open-end generation.
Setting `pad_token_id` to `eos_token_id`:151645 for open-end generation.
Setting `pad_token_id` to `eos_token_id`:151645 for open-end generation.
Setting `pad_token_id` to `eos_token_id`:151645 for open-end generation.
Setting `pad_token_id` to `eos_token_id`:151645 for open-end generation.
Setting `pad_token_id` to `eos_token_id`:151645 for open-end generation.
Setting `pad_token_id` to `eos_token_id`:151645 for open-end generation.
Setting `pad_token_id` to `eos_token_id`:151645 for open-end generation.
Setting `pad_token_id` to `eos_token_id`:151645 for open-end generation.
Setting `pad_token_id` to `eos_token_id`:151645 for open-end generation.
Setting `pad_token_id` to `eos_token_id`:151645 for open-end generation.
Setting `pad_token_id` to `eos_token_id`:151645 for open-end generation.
Setting `pad_token_id` to `eos_token_id`:151645 for open-end generation.
  [22:40:25] 4120/4463 = 92.3% · 0.22 bước/giây · còn ~26 phút
Setting `pad_token_id` to `eos_token_id`:151645 for open-end generation.
Setting `pad_token_id` to `eos_token_id`:151645 for open-end generation.
Setting `pad_token_id` to `eos_token_id`:151645 for open-end generation.
Setting `pad_token_id` to `eos_token_id`:151645 for open-end generation.
Setting `pad_token_id` to `eos_token_id`:151645 for open-end generation.
Setting `pad_token_id` to `eos_token_id`:151645 for open-end generation.
Setting `pad_token_id` to `eos_token_id`:151645 for open-end generation.
Setting `pad_token_id` to `eos_token_id`:151645 for open-end generation.
Setting `pad_token_id` to `eos_token_id`:151645 for open-end generation.
Setting `pad_token_id` to `eos_token_id`:151645 for open-end generation.
Setting `pad_token_id` to `eos_token_id`:151645 for open-end generation.
Setting `pad_token_id` to `eos_token_id`:151645 for open-end generation.
Setting `pad_token_id` to `eos_token_id`:151645 for open-end generation.
Setting `pad_token_id` to `eos_token_id`:151645 for open-end generation.
Setting `pad_token_id` to `eos_token_id`:151645 for open-end generation.
Setting `pad_token_id` to `eos_token_id`:151645 for open-end generation.
Setting `pad_token_id` to `eos_token_id`:151645 for open-end generation.
Setting `pad_token_id` to `eos_token_id`:151645 for open-end generation.
Setting `pad_token_id` to `eos_token_id`:151645 for open-end generation.
Setting `pad_token_id` to `eos_token_id`:151645 for open-end generation.
  [22:41:56] 4140/4463 = 92.8% · 0.22 bước/giây · còn ~24 phút
Setting `pad_token_id` to `eos_token_id`:151645 for open-end generation.
Setting `pad_token_id` to `eos_token_id`:151645 for open-end generation.
Setting `pad_token_id` to `eos_token_id`:151645 for open-end generation.
Setting `pad_token_id` to `eos_token_id`:151645 for open-end generation.
Setting `pad_token_id` to `eos_token_id`:151645 for open-end generation.
Setting `pad_token_id` to `eos_token_id`:151645 for open-end generation.
Setting `pad_token_id` to `eos_token_id`:151645 for open-end generation.
Setting `pad_token_id` to `eos_token_id`:151645 for open-end generation.
Setting `pad_token_id` to `eos_token_id`:151645 for open-end generation.
Setting `pad_token_id` to `eos_token_id`:151645 for open-end generation.
Setting `pad_token_id` to `eos_token_id`:151645 for open-end generation.
Setting `pad_token_id` to `eos_token_id`:151645 for open-end generation.
Setting `pad_token_id` to `eos_token_id`:151645 for open-end generation.
Setting `pad_token_id` to `eos_token_id`:151645 for open-end generation.
Setting `pad_token_id` to `eos_token_id`:151645 for open-end generation.
Setting `pad_token_id` to `eos_token_id`:151645 for open-end generation.
Setting `pad_token_id` to `eos_token_id`:151645 for open-end generation.
Setting `pad_token_id` to `eos_token_id`:151645 for open-end generation.
Setting `pad_token_id` to `eos_token_id`:151645 for open-end generation.
Setting `pad_token_id` to `eos_token_id`:151645 for open-end generation.
  [22:43:27] 4160/4463 = 93.2% · 0.22 bước/giây · còn ~23 phút
Setting `pad_token_id` to `eos_token_id`:151645 for open-end generation.
Setting `pad_token_id` to `eos_token_id`:151645 for open-end generation.
Setting `pad_token_id` to `eos_token_id`:151645 for open-end generation.
Setting `pad_token_id` to `eos_token_id`:151645 for open-end generation.
Setting `pad_token_id` to `eos_token_id`:151645 for open-end generation.
Setting `pad_token_id` to `eos_token_id`:151645 for open-end generation.
Setting `pad_token_id` to `eos_token_id`:151645 for open-end generation.
Setting `pad_token_id` to `eos_token_id`:151645 for open-end generation.
Setting `pad_token_id` to `eos_token_id`:151645 for open-end generation.
Setting `pad_token_id` to `eos_token_id`:151645 for open-end generation.
Setting `pad_token_id` to `eos_token_id`:151645 for open-end generation.
Setting `pad_token_id` to `eos_token_id`:151645 for open-end generation.
Setting `pad_token_id` to `eos_token_id`:151645 for open-end generation.
Setting `pad_token_id` to `eos_token_id`:151645 for open-end generation.
Setting `pad_token_id` to `eos_token_id`:151645 for open-end generation.
Setting `pad_token_id` to `eos_token_id`:151645 for open-end generation.
Setting `pad_token_id` to `eos_token_id`:151645 for open-end generation.
Setting `pad_token_id` to `eos_token_id`:151645 for open-end generation.
Setting `pad_token_id` to `eos_token_id`:151645 for open-end generation.
Setting `pad_token_id` to `eos_token_id`:151645 for open-end generation.
  [22:44:58] 4180/4463 = 93.7% · 0.22 bước/giây · còn ~21 phút
Setting `pad_token_id` to `eos_token_id`:151645 for open-end generation.
Setting `pad_token_id` to `eos_token_id`:151645 for open-end generation.
Setting `pad_token_id` to `eos_token_id`:151645 for open-end generation.
Setting `pad_token_id` to `eos_token_id`:151645 for open-end generation.
Setting `pad_token_id` to `eos_token_id`:151645 for open-end generation.
Setting `pad_token_id` to `eos_token_id`:151645 for open-end generation.
Setting `pad_token_id` to `eos_token_id`:151645 for open-end generation.
Setting `pad_token_id` to `eos_token_id`:151645 for open-end generation.
Setting `pad_token_id` to `eos_token_id`:151645 for open-end generation.
Setting `pad_token_id` to `eos_token_id`:151645 for open-end generation.
Setting `pad_token_id` to `eos_token_id`:151645 for open-end generation.
Setting `pad_token_id` to `eos_token_id`:151645 for open-end generation.
Setting `pad_token_id` to `eos_token_id`:151645 for open-end generation.
Setting `pad_token_id` to `eos_token_id`:151645 for open-end generation.
Setting `pad_token_id` to `eos_token_id`:151645 for open-end generation.
Setting `pad_token_id` to `eos_token_id`:151645 for open-end generation.
Setting `pad_token_id` to `eos_token_id`:151645 for open-end generation.
Setting `pad_token_id` to `eos_token_id`:151645 for open-end generation.
Setting `pad_token_id` to `eos_token_id`:151645 for open-end generation.
Setting `pad_token_id` to `eos_token_id`:151645 for open-end generation.
  [22:46:29] 4200/4463 = 94.1% · 0.22 bước/giây · còn ~20 phút
Setting `pad_token_id` to `eos_token_id`:151645 for open-end generation.
Setting `pad_token_id` to `eos_token_id`:151645 for open-end generation.
Setting `pad_token_id` to `eos_token_id`:151645 for open-end generation.
Setting `pad_token_id` to `eos_token_id`:151645 for open-end generation.
Setting `pad_token_id` to `eos_token_id`:151645 for open-end generation.
Setting `pad_token_id` to `eos_token_id`:151645 for open-end generation.
Setting `pad_token_id` to `eos_token_id`:151645 for open-end generation.
Setting `pad_token_id` to `eos_token_id`:151645 for open-end generation.
Setting `pad_token_id` to `eos_token_id`:151645 for open-end generation.
Setting `pad_token_id` to `eos_token_id`:151645 for open-end generation.
Setting `pad_token_id` to `eos_token_id`:151645 for open-end generation.
Setting `pad_token_id` to `eos_token_id`:151645 for open-end generation.
Setting `pad_token_id` to `eos_token_id`:151645 for open-end generation.
Setting `pad_token_id` to `eos_token_id`:151645 for open-end generation.
Setting `pad_token_id` to `eos_token_id`:151645 for open-end generation.
Setting `pad_token_id` to `eos_token_id`:151645 for open-end generation.
Setting `pad_token_id` to `eos_token_id`:151645 for open-end generation.
Setting `pad_token_id` to `eos_token_id`:151645 for open-end generation.
Setting `pad_token_id` to `eos_token_id`:151645 for open-end generation.
Setting `pad_token_id` to `eos_token_id`:151645 for open-end generation.
  [22:47:59] 4220/4463 = 94.6% · 0.22 bước/giây · còn ~18 phút
Setting `pad_token_id` to `eos_token_id`:151645 for open-end generation.
Setting `pad_token_id` to `eos_token_id`:151645 for open-end generation.
Setting `pad_token_id` to `eos_token_id`:151645 for open-end generation.
Setting `pad_token_id` to `eos_token_id`:151645 for open-end generation.
Setting `pad_token_id` to `eos_token_id`:151645 for open-end generation.
Setting `pad_token_id` to `eos_token_id`:151645 for open-end generation.
Setting `pad_token_id` to `eos_token_id`:151645 for open-end generation.
Setting `pad_token_id` to `eos_token_id`:151645 for open-end generation.
Setting `pad_token_id` to `eos_token_id`:151645 for open-end generation.
Setting `pad_token_id` to `eos_token_id`:151645 for open-end generation.
Setting `pad_token_id` to `eos_token_id`:151645 for open-end generation.
Setting `pad_token_id` to `eos_token_id`:151645 for open-end generation.
Setting `pad_token_id` to `eos_token_id`:151645 for open-end generation.
Setting `pad_token_id` to `eos_token_id`:151645 for open-end generation.
Setting `pad_token_id` to `eos_token_id`:151645 for open-end generation.
Setting `pad_token_id` to `eos_token_id`:151645 for open-end generation.
Setting `pad_token_id` to `eos_token_id`:151645 for open-end generation.
Setting `pad_token_id` to `eos_token_id`:151645 for open-end generation.
Setting `pad_token_id` to `eos_token_id`:151645 for open-end generation.
Setting `pad_token_id` to `eos_token_id`:151645 for open-end generation.
  [22:49:30] 4240/4463 = 95.0% · 0.22 bước/giây · còn ~17 phút
Setting `pad_token_id` to `eos_token_id`:151645 for open-end generation.
Setting `pad_token_id` to `eos_token_id`:151645 for open-end generation.
Setting `pad_token_id` to `eos_token_id`:151645 for open-end generation.
Setting `pad_token_id` to `eos_token_id`:151645 for open-end generation.
Setting `pad_token_id` to `eos_token_id`:151645 for open-end generation.
Setting `pad_token_id` to `eos_token_id`:151645 for open-end generation.
Setting `pad_token_id` to `eos_token_id`:151645 for open-end generation.
Setting `pad_token_id` to `eos_token_id`:151645 for open-end generation.
Setting `pad_token_id` to `eos_token_id`:151645 for open-end generation.
Setting `pad_token_id` to `eos_token_id`:151645 for open-end generation.
Setting `pad_token_id` to `eos_token_id`:151645 for open-end generation.
Setting `pad_token_id` to `eos_token_id`:151645 for open-end generation.
Setting `pad_token_id` to `eos_token_id`:151645 for open-end generation.
Setting `pad_token_id` to `eos_token_id`:151645 for open-end generation.
Setting `pad_token_id` to `eos_token_id`:151645 for open-end generation.
Setting `pad_token_id` to `eos_token_id`:151645 for open-end generation.
Setting `pad_token_id` to `eos_token_id`:151645 for open-end generation.
Setting `pad_token_id` to `eos_token_id`:151645 for open-end generation.
Setting `pad_token_id` to `eos_token_id`:151645 for open-end generation.
Setting `pad_token_id` to `eos_token_id`:151645 for open-end generation.
  [22:51:01] 4260/4463 = 95.5% · 0.22 bước/giây · còn ~15 phút
Setting `pad_token_id` to `eos_token_id`:151645 for open-end generation.
Setting `pad_token_id` to `eos_token_id`:151645 for open-end generation.
Setting `pad_token_id` to `eos_token_id`:151645 for open-end generation.
Setting `pad_token_id` to `eos_token_id`:151645 for open-end generation.
Setting `pad_token_id` to `eos_token_id`:151645 for open-end generation.
Setting `pad_token_id` to `eos_token_id`:151645 for open-end generation.
Setting `pad_token_id` to `eos_token_id`:151645 for open-end generation.
Setting `pad_token_id` to `eos_token_id`:151645 for open-end generation.
Setting `pad_token_id` to `eos_token_id`:151645 for open-end generation.
Setting `pad_token_id` to `eos_token_id`:151645 for open-end generation.
Setting `pad_token_id` to `eos_token_id`:151645 for open-end generation.
Setting `pad_token_id` to `eos_token_id`:151645 for open-end generation.
Setting `pad_token_id` to `eos_token_id`:151645 for open-end generation.
Setting `pad_token_id` to `eos_token_id`:151645 for open-end generation.
Setting `pad_token_id` to `eos_token_id`:151645 for open-end generation.
Setting `pad_token_id` to `eos_token_id`:151645 for open-end generation.
Setting `pad_token_id` to `eos_token_id`:151645 for open-end generation.
Setting `pad_token_id` to `eos_token_id`:151645 for open-end generation.
Setting `pad_token_id` to `eos_token_id`:151645 for open-end generation.
Setting `pad_token_id` to `eos_token_id`:151645 for open-end generation.
  [22:52:31] 4280/4463 = 95.9% · 0.22 bước/giây · còn ~14 phút
Setting `pad_token_id` to `eos_token_id`:151645 for open-end generation.
Setting `pad_token_id` to `eos_token_id`:151645 for open-end generation.
Setting `pad_token_id` to `eos_token_id`:151645 for open-end generation.
Setting `pad_token_id` to `eos_token_id`:151645 for open-end generation.
Setting `pad_token_id` to `eos_token_id`:151645 for open-end generation.
Setting `pad_token_id` to `eos_token_id`:151645 for open-end generation.
Setting `pad_token_id` to `eos_token_id`:151645 for open-end generation.
Setting `pad_token_id` to `eos_token_id`:151645 for open-end generation.
Setting `pad_token_id` to `eos_token_id`:151645 for open-end generation.
Setting `pad_token_id` to `eos_token_id`:151645 for open-end generation.
Setting `pad_token_id` to `eos_token_id`:151645 for open-end generation.
Setting `pad_token_id` to `eos_token_id`:151645 for open-end generation.
Setting `pad_token_id` to `eos_token_id`:151645 for open-end generation.
Setting `pad_token_id` to `eos_token_id`:151645 for open-end generation.
Setting `pad_token_id` to `eos_token_id`:151645 for open-end generation.
Setting `pad_token_id` to `eos_token_id`:151645 for open-end generation.
Setting `pad_token_id` to `eos_token_id`:151645 for open-end generation.
Setting `pad_token_id` to `eos_token_id`:151645 for open-end generation.
Setting `pad_token_id` to `eos_token_id`:151645 for open-end generation.
Setting `pad_token_id` to `eos_token_id`:151645 for open-end generation.
  [22:54:02] 4300/4463 = 96.3% · 0.22 bước/giây · còn ~12 phút
Setting `pad_token_id` to `eos_token_id`:151645 for open-end generation.
Setting `pad_token_id` to `eos_token_id`:151645 for open-end generation.
Setting `pad_token_id` to `eos_token_id`:151645 for open-end generation.
Setting `pad_token_id` to `eos_token_id`:151645 for open-end generation.
Setting `pad_token_id` to `eos_token_id`:151645 for open-end generation.
Setting `pad_token_id` to `eos_token_id`:151645 for open-end generation.
Setting `pad_token_id` to `eos_token_id`:151645 for open-end generation.
Setting `pad_token_id` to `eos_token_id`:151645 for open-end generation.
Setting `pad_token_id` to `eos_token_id`:151645 for open-end generation.
Setting `pad_token_id` to `eos_token_id`:151645 for open-end generation.
Setting `pad_token_id` to `eos_token_id`:151645 for open-end generation.
Setting `pad_token_id` to `eos_token_id`:151645 for open-end generation.
Setting `pad_token_id` to `eos_token_id`:151645 for open-end generation.
Setting `pad_token_id` to `eos_token_id`:151645 for open-end generation.
Setting `pad_token_id` to `eos_token_id`:151645 for open-end generation.
Setting `pad_token_id` to `eos_token_id`:151645 for open-end generation.
Setting `pad_token_id` to `eos_token_id`:151645 for open-end generation.
Setting `pad_token_id` to `eos_token_id`:151645 for open-end generation.
Setting `pad_token_id` to `eos_token_id`:151645 for open-end generation.
Setting `pad_token_id` to `eos_token_id`:151645 for open-end generation.
  [22:55:32] 4320/4463 = 96.8% · 0.22 bước/giây · còn ~11 phút
Setting `pad_token_id` to `eos_token_id`:151645 for open-end generation.
Setting `pad_token_id` to `eos_token_id`:151645 for open-end generation.
Setting `pad_token_id` to `eos_token_id`:151645 for open-end generation.
Setting `pad_token_id` to `eos_token_id`:151645 for open-end generation.
Setting `pad_token_id` to `eos_token_id`:151645 for open-end generation.
Setting `pad_token_id` to `eos_token_id`:151645 for open-end generation.
Setting `pad_token_id` to `eos_token_id`:151645 for open-end generation.
Setting `pad_token_id` to `eos_token_id`:151645 for open-end generation.
Setting `pad_token_id` to `eos_token_id`:151645 for open-end generation.
Setting `pad_token_id` to `eos_token_id`:151645 for open-end generation.
Setting `pad_token_id` to `eos_token_id`:151645 for open-end generation.
Setting `pad_token_id` to `eos_token_id`:151645 for open-end generation.
Setting `pad_token_id` to `eos_token_id`:151645 for open-end generation.
Setting `pad_token_id` to `eos_token_id`:151645 for open-end generation.
Setting `pad_token_id` to `eos_token_id`:151645 for open-end generation.
Setting `pad_token_id` to `eos_token_id`:151645 for open-end generation.
Setting `pad_token_id` to `eos_token_id`:151645 for open-end generation.
Setting `pad_token_id` to `eos_token_id`:151645 for open-end generation.
Setting `pad_token_id` to `eos_token_id`:151645 for open-end generation.
Setting `pad_token_id` to `eos_token_id`:151645 for open-end generation.
  [22:57:03] 4340/4463 = 97.2% · 0.22 bước/giây · còn ~9 phút
Setting `pad_token_id` to `eos_token_id`:151645 for open-end generation.
Setting `pad_token_id` to `eos_token_id`:151645 for open-end generation.
Setting `pad_token_id` to `eos_token_id`:151645 for open-end generation.
Setting `pad_token_id` to `eos_token_id`:151645 for open-end generation.
Setting `pad_token_id` to `eos_token_id`:151645 for open-end generation.
Setting `pad_token_id` to `eos_token_id`:151645 for open-end generation.
Setting `pad_token_id` to `eos_token_id`:151645 for open-end generation.
Setting `pad_token_id` to `eos_token_id`:151645 for open-end generation.
Setting `pad_token_id` to `eos_token_id`:151645 for open-end generation.
Setting `pad_token_id` to `eos_token_id`:151645 for open-end generation.
Setting `pad_token_id` to `eos_token_id`:151645 for open-end generation.
Setting `pad_token_id` to `eos_token_id`:151645 for open-end generation.
Setting `pad_token_id` to `eos_token_id`:151645 for open-end generation.
Setting `pad_token_id` to `eos_token_id`:151645 for open-end generation.
Setting `pad_token_id` to `eos_token_id`:151645 for open-end generation.
Setting `pad_token_id` to `eos_token_id`:151645 for open-end generation.
Setting `pad_token_id` to `eos_token_id`:151645 for open-end generation.
Setting `pad_token_id` to `eos_token_id`:151645 for open-end generation.
Setting `pad_token_id` to `eos_token_id`:151645 for open-end generation.
Setting `pad_token_id` to `eos_token_id`:151645 for open-end generation.
  [22:58:34] 4360/4463 = 97.7% · 0.22 bước/giây · còn ~8 phút
Setting `pad_token_id` to `eos_token_id`:151645 for open-end generation.
Setting `pad_token_id` to `eos_token_id`:151645 for open-end generation.
Setting `pad_token_id` to `eos_token_id`:151645 for open-end generation.
Setting `pad_token_id` to `eos_token_id`:151645 for open-end generation.
Setting `pad_token_id` to `eos_token_id`:151645 for open-end generation.
Setting `pad_token_id` to `eos_token_id`:151645 for open-end generation.
Setting `pad_token_id` to `eos_token_id`:151645 for open-end generation.
Setting `pad_token_id` to `eos_token_id`:151645 for open-end generation.
Setting `pad_token_id` to `eos_token_id`:151645 for open-end generation.
Setting `pad_token_id` to `eos_token_id`:151645 for open-end generation.
Setting `pad_token_id` to `eos_token_id`:151645 for open-end generation.
Setting `pad_token_id` to `eos_token_id`:151645 for open-end generation.
Setting `pad_token_id` to `eos_token_id`:151645 for open-end generation.
Setting `pad_token_id` to `eos_token_id`:151645 for open-end generation.
Setting `pad_token_id` to `eos_token_id`:151645 for open-end generation.
Setting `pad_token_id` to `eos_token_id`:151645 for open-end generation.
Setting `pad_token_id` to `eos_token_id`:151645 for open-end generation.
Setting `pad_token_id` to `eos_token_id`:151645 for open-end generation.
Setting `pad_token_id` to `eos_token_id`:151645 for open-end generation.
Setting `pad_token_id` to `eos_token_id`:151645 for open-end generation.
  [23:00:05] 4380/4463 = 98.1% · 0.22 bước/giây · còn ~6 phút
Setting `pad_token_id` to `eos_token_id`:151645 for open-end generation.
Setting `pad_token_id` to `eos_token_id`:151645 for open-end generation.
Setting `pad_token_id` to `eos_token_id`:151645 for open-end generation.
Setting `pad_token_id` to `eos_token_id`:151645 for open-end generation.
Setting `pad_token_id` to `eos_token_id`:151645 for open-end generation.
Setting `pad_token_id` to `eos_token_id`:151645 for open-end generation.
Setting `pad_token_id` to `eos_token_id`:151645 for open-end generation.
Setting `pad_token_id` to `eos_token_id`:151645 for open-end generation.
Setting `pad_token_id` to `eos_token_id`:151645 for open-end generation.
Setting `pad_token_id` to `eos_token_id`:151645 for open-end generation.
Setting `pad_token_id` to `eos_token_id`:151645 for open-end generation.
Setting `pad_token_id` to `eos_token_id`:151645 for open-end generation.
Setting `pad_token_id` to `eos_token_id`:151645 for open-end generation.
Setting `pad_token_id` to `eos_token_id`:151645 for open-end generation.
Setting `pad_token_id` to `eos_token_id`:151645 for open-end generation.
Setting `pad_token_id` to `eos_token_id`:151645 for open-end generation.
Setting `pad_token_id` to `eos_token_id`:151645 for open-end generation.
Setting `pad_token_id` to `eos_token_id`:151645 for open-end generation.
Setting `pad_token_id` to `eos_token_id`:151645 for open-end generation.
Setting `pad_token_id` to `eos_token_id`:151645 for open-end generation.
  [23:01:36] 4400/4463 = 98.6% · 0.22 bước/giây · còn ~5 phút
Setting `pad_token_id` to `eos_token_id`:151645 for open-end generation.
Setting `pad_token_id` to `eos_token_id`:151645 for open-end generation.
Setting `pad_token_id` to `eos_token_id`:151645 for open-end generation.
Setting `pad_token_id` to `eos_token_id`:151645 for open-end generation.
Setting `pad_token_id` to `eos_token_id`:151645 for open-end generation.
Setting `pad_token_id` to `eos_token_id`:151645 for open-end generation.
Setting `pad_token_id` to `eos_token_id`:151645 for open-end generation.
Setting `pad_token_id` to `eos_token_id`:151645 for open-end generation.
Setting `pad_token_id` to `eos_token_id`:151645 for open-end generation.
Setting `pad_token_id` to `eos_token_id`:151645 for open-end generation.
Setting `pad_token_id` to `eos_token_id`:151645 for open-end generation.
Setting `pad_token_id` to `eos_token_id`:151645 for open-end generation.
Setting `pad_token_id` to `eos_token_id`:151645 for open-end generation.
Setting `pad_token_id` to `eos_token_id`:151645 for open-end generation.
Setting `pad_token_id` to `eos_token_id`:151645 for open-end generation.
Setting `pad_token_id` to `eos_token_id`:151645 for open-end generation.
Setting `pad_token_id` to `eos_token_id`:151645 for open-end generation.
Setting `pad_token_id` to `eos_token_id`:151645 for open-end generation.
Setting `pad_token_id` to `eos_token_id`:151645 for open-end generation.
Setting `pad_token_id` to `eos_token_id`:151645 for open-end generation.
  [23:03:06] 4420/4463 = 99.0% · 0.22 bước/giây · còn ~3 phút
Setting `pad_token_id` to `eos_token_id`:151645 for open-end generation.
Setting `pad_token_id` to `eos_token_id`:151645 for open-end generation.
Setting `pad_token_id` to `eos_token_id`:151645 for open-end generation.
Setting `pad_token_id` to `eos_token_id`:151645 for open-end generation.
Setting `pad_token_id` to `eos_token_id`:151645 for open-end generation.
Setting `pad_token_id` to `eos_token_id`:151645 for open-end generation.
Setting `pad_token_id` to `eos_token_id`:151645 for open-end generation.
Setting `pad_token_id` to `eos_token_id`:151645 for open-end generation.
Setting `pad_token_id` to `eos_token_id`:151645 for open-end generation.
Setting `pad_token_id` to `eos_token_id`:151645 for open-end generation.
Setting `pad_token_id` to `eos_token_id`:151645 for open-end generation.
Setting `pad_token_id` to `eos_token_id`:151645 for open-end generation.
Setting `pad_token_id` to `eos_token_id`:151645 for open-end generation.
Setting `pad_token_id` to `eos_token_id`:151645 for open-end generation.
Setting `pad_token_id` to `eos_token_id`:151645 for open-end generation.
Setting `pad_token_id` to `eos_token_id`:151645 for open-end generation.
Setting `pad_token_id` to `eos_token_id`:151645 for open-end generation.
Setting `pad_token_id` to `eos_token_id`:151645 for open-end generation.
Setting `pad_token_id` to `eos_token_id`:151645 for open-end generation.
Setting `pad_token_id` to `eos_token_id`:151645 for open-end generation.
  [23:04:37] 4440/4463 = 99.5% · 0.22 bước/giây · còn ~2 phút
Setting `pad_token_id` to `eos_token_id`:151645 for open-end generation.
Setting `pad_token_id` to `eos_token_id`:151645 for open-end generation.
Setting `pad_token_id` to `eos_token_id`:151645 for open-end generation.
Setting `pad_token_id` to `eos_token_id`:151645 for open-end generation.
Setting `pad_token_id` to `eos_token_id`:151645 for open-end generation.
Setting `pad_token_id` to `eos_token_id`:151645 for open-end generation.
Setting `pad_token_id` to `eos_token_id`:151645 for open-end generation.
Setting `pad_token_id` to `eos_token_id`:151645 for open-end generation.
Setting `pad_token_id` to `eos_token_id`:151645 for open-end generation.
Setting `pad_token_id` to `eos_token_id`:151645 for open-end generation.
Setting `pad_token_id` to `eos_token_id`:151645 for open-end generation.
Setting `pad_token_id` to `eos_token_id`:151645 for open-end generation.
Setting `pad_token_id` to `eos_token_id`:151645 for open-end generation.
Setting `pad_token_id` to `eos_token_id`:151645 for open-end generation.
Setting `pad_token_id` to `eos_token_id`:151645 for open-end generation.
Setting `pad_token_id` to `eos_token_id`:151645 for open-end generation.
Setting `pad_token_id` to `eos_token_id`:151645 for open-end generation.
Setting `pad_token_id` to `eos_token_id`:151645 for open-end generation.
Setting `pad_token_id` to `eos_token_id`:151645 for open-end generation.
Setting `pad_token_id` to `eos_token_id`:151645 for open-end generation.
  [23:06:08] 4460/4463 = 99.9% · 0.22 bước/giây · còn ~0 phút
Setting `pad_token_id` to `eos_token_id`:151645 for open-end generation.
Setting `pad_token_id` to `eos_token_id`:151645 for open-end generation.
Setting `pad_token_id` to `eos_token_id`:151645 for open-end generation.
Gộp từ tệp thô: 4463 bản ghi
======================================================================
CHẤM — preds_gui_sel_seed101_touch4463.jsonl  ·  4463 bước chạm
======================================================================
  ô-Voronoi tâm (headline):  56.1%   KTC95 [54.2%, 58.0%]
  đĩa dung sai (báo kèm) :  66.3%   KTC95 [64.6%, 68.1%]
  cụm: 1091 (hiệu dụng 454.3)

Đã lưu /kaggle/working/score_gui_sel_seed101.json
         /kaggle/working/score_gui_sel_seed101_raw.jsonl  (4463 bước — đổi luật chấm hay thêm lát cắt thì chấm lại từ tệp này, KHÔNG gọi lại bộ trỏ)
