[{"stream_name":"stderr","time":8.457372039,"data":"0.00s - Debugger warning: It seems that frozen modules are being used, which may\n"}
,{"stream_name":"stderr","time":8.457424764,"data":"0.00s - make the debugger miss breakpoints. Please pass -Xfrozen_modules=off\n"}
,{"stream_name":"stderr","time":8.457433708,"data":"0.00s - to python to disable frozen modules.\n"}
,{"stream_name":"stderr","time":8.457436486,"data":"0.00s - Note: Debugging will proceed. Set PYDEVD_DISABLE_FILE_VALIDATION=1 to disable this validation.\n"}
,{"stream_name":"stderr","time":9.0963244,"data":"0.00s - Debugger warning: It seems that frozen modules are being used, which may\n"}
,{"stream_name":"stderr","time":9.096351665,"data":"0.00s - make the debugger miss breakpoints. Please pass -Xfrozen_modules=off\n"}
,{"stream_name":"stderr","time":9.096356463,"data":"0.00s - to python to disable frozen modules.\n"}
,{"stream_name":"stderr","time":9.096360814,"data":"0.00s - Note: Debugging will proceed. Set PYDEVD_DISABLE_FILE_VALIDATION=1 to disable this validation.\n"}
,{"stream_name":"stdout","time":23.964745473,"data":"openjdk version \"21.0.12\" 2026-07-21\n"}
,{"stream_name":"stdout","time":23.96477559,"data":"OpenJDK Runtime Environment (build 21.0.12+8-1-24.04-Ubuntu)\n"}
,{"stream_name":"stdout","time":23.964780215,"data":"OpenJDK 64-Bit Server VM (build 21.0.12+8-1-24.04-Ubuntu, mixed mode, sharing)\n"}
,{"stream_name":"stdout","time":23.964785344,"data":"\n"}
,{"stream_name":"stdout","time":49.23563787,"data":"   ━━━━━━━━━━━━━━━━━━━━━━━━━━━━━━━━━━━━━━━━ 100.8/100.8 kB 4.4 MB/s eta 0:00:00\n"}
,{"stream_name":"stdout","time":49.235669843,"data":"   ━━━━━━━━━━━━━━━━━━━━━━━━━━━━━━━━━━━━━━━━ 846.4/846.4 kB 30.7 MB/s eta 0:00:00\n"}
,{"stream_name":"stdout","time":49.235676646,"data":"   ━━━━━━━━━━━━━━━━━━━━━━━━━━━━━━━━━━━━━━━━ 129.6/129.6 kB 5.8 MB/s eta 0:00:00\n"}
,{"stream_name":"stdout","time":49.235682557,"data":"\n"}
,{"stream_name":"stdout","time":50.492799062,"data":"\n"}
,{"stream_name":"stdout","time":87.79506103,"data":"5.18.0 0.21.1 2.11.0+cu128 2 Tesla T4\n"}
,{"stream_name":"stdout","time":87.79509143,"data":"\n"}
,{"stream_name":"stdout","time":139.969299025,"data":"SRC    /kaggle/input/datasets/trangphngngc/ra-sft-script\n"}
,{"stream_name":"stdout","time":139.969348078,"data":"BUNDLE /kaggle/input/datasets/trangphngngc/fgrb-p1-bundle/fgrb_p1_bundle\n"}
,{"stream_name":"stdout","time":139.969355405,"data":"CK500  /kaggle/input/datasets/trangphngngc/grpo-spice-ck500\n"}
,{"stream_name":"stdout","time":214.511235879,"data":"[hoà] xong → /kaggle/working/s1_merged · dtype torch.float16\n"}
,{"stream_name":"stdout","time":214.514622144,"data":"Warning: You are sending unauthenticated requests to the HF Hub. Please set a HF_TOKEN to enable higher rate limits and faster downloads.\n"}
,{"stream_name":"stdout","time":214.514638152,"data":"\n"}
,{"stream_name":"stdout","time":638.186665272,"data":"[kho] 62880 bước · 12542 tác vụ · bỏ 346 tác vụ val · 0 tác vụ test chung kho\n"}
,{"stream_name":"stdout","time":638.186710232,"data":"[train] 3991 hàng · bỏ {'rong': 9} · loại thao tác {'navigate_back': 144, 'click': 2547, 'open_app': 273, 'scroll': 444, 'input_text': 286, 'wait': 289, 'long_press': 7, 'navigate_home': 1}\n"}
,{"stream_name":"stdout","time":638.186719154,"data":"  train 1000/3991 · 2.0 phút\n"}
,{"stream_name":"stdout","time":638.186723889,"data":"  train 2000/3991 · 3.7 phút\n"}
,{"stream_name":"stdout","time":638.186728492,"data":"  train 3000/3991 · 5.4 phút\n"}
,{"stream_name":"stdout","time":638.186742306,"data":"[xong] {\"train_rows\": 3991, \"train_co_khoi_pct\": 85.2, \"train_khoi_chua_dich_pct\": 12.9, \"train_so_vi_du_tb\": 4.02, \"test_click\": 0, \"val_click\": 0, \"val_khoi_chua_dich_pct\": 0.0, \"kho_buoc\": 62880, \"bo\": {\"rong\": 9}, \"seed\": 2026100901, \"phut\": 7.1}\n"}
,{"stream_name":"stdout","time":638.186747945,"data":"--- ví dụ câu nhắc RA ---\n"}
,{"stream_name":"stdout","time":638.186751562,"data":"Mục tiêu: set up an account for me on the FitAI app and enter my details. Gender:female\", height: 160\", weight: -59kg, age: 45 years goal: keepFit Name- Karin, Experience: Totally newbie, Equipment- Full G\n"}
,{"stream_name":"stdout","time":638.186755879,"data":"Đã làm: Click on the Continue button at the bottom of the screen → Click on the Keep Fit option → Click on the Continue button at the bottom of the screen\n"}
,{"stream_name":"stdout","time":638.186759929,"data":"Chữ đọc được trên màn: 10:31 · LR · ? · 100% · FitAI · Which parts do you want to focus? · Chest · Triceps · Lats · Biceps · Shoulder · Abs · Forearms · Traps · Continue\n"}
,{"stream_name":"stdout","time":638.186764288,"data":"Ví dụ bước tương tự từ tác vụ khác (có thể không khớp màn này):\n"}
,{"stream_name":"stdout","time":638.18676836,"data":"1. Mục tiêu: Add a text - Smiley - to my drawing in the Sgraffito | Bước trước: Click on the text icon. | Bước kế: Select the brusher font.\n"}
,{"stream_name":"stdout","time":638.186772407,"data":"2. Mục tiêu: Create a profile for me on the Fit app and fill it | Bước trước: Click on the Turn on button at the bottom right of the screen | Bước kế: Click on the Turn on button at the bottom right of the screen\n"}
,{"stream_name":"stdout","time":638.186778378,"data":"3. Mục tiêu: set up an account for me on the FitAI app and enter | Bước trước: Click on the \"Continue\" Tab at the bottom. | Bước kế: Type the Name \"Amelia\" in the input box.\n"}
,{"stream_name":"stdout","time":638.186789362,"data":"4. Mục tiêu: set up an account for me on the FitAI app and enter | Bước trước: Click on the \"Continue\" Tab at the bottom. | Bước kế: select the tab \"Full Gym\".\n"}
,{"stream_name":"stdout","time":638.186792632,"data":"Viết câu hướng dẫn cho bước tiếp theo.\n"}
,{"stream_name":"stdout","time":638.186795128,"data":"--- đích: Click on the Continue button at the bottom of the screen\n"}
,{"stream_name":"stdout","time":638.186797518,"data":"\n"}
,{"stream_name":"stdout","time":638.187664469,"data":"✅ dữ liệu: 3991 hàng · 250 bước mỗi nhánh · 0.17 h\n"}
,{"stream_name":"stdout","time":758.205277388,"data":"  0.21 h · thu_train_ra · chạy · [kiểm nhãn] mẫu đầu: 1446 token, tính loss 5 token: 'go back to settings\u003c|im_end|\u003e' · đích 'go back to setting\n"}
,{"stream_name":"stdout","time":758.206298286,"data":"  0.21 h · thu_train_cont · chạy · [kiểm nhãn] mẫu đầu: 1446 token, tính loss 5 token: 'go back to settings\u003c|im_end|\u003e' · đích 'go back to setting\n"}
,{"stream_name":"stdout","time":788.209441441,"data":"  0.22 h · thu_train_ra · chạy · bước 1/2 · loss 0.7414 · |g| 2.273 · lr 4.00e-06 · 101.3 s/bước · VRAM 6.6 GiB\n"}
,{"stream_name":"stdout","time":788.21064443,"data":"  0.22 h · thu_train_cont · chạy · [kiểm nhãn] mẫu đầu: 1446 token, tính loss 5 token: 'go back to settings\u003c|im_end|\u003e' · đích 'go back to setting\n"}
,{"stream_name":"stdout","time":818.214485284,"data":"  0.22 h · thu_train_ra · chạy · bước 1/2 · loss 0.7414 · |g| 2.273 · lr 4.00e-06 · 101.3 s/bước · VRAM 6.6 GiB\n"}
,{"stream_name":"stdout","time":818.215859027,"data":"  0.22 h · thu_train_cont · chạy · [kiểm nhãn] mẫu đầu: 1446 token, tính loss 5 token: 'go back to settings\u003c|im_end|\u003e' · đích 'go back to setting\n"}
,{"stream_name":"stdout","time":848.212570968,"data":"  0.23 h · thu_train_ra · chạy · bước 1/2 · loss 0.7414 · |g| 2.273 · lr 4.00e-06 · 101.3 s/bước · VRAM 6.6 GiB\n"}
,{"stream_name":"stdout","time":848.213444168,"data":"  0.23 h · thu_train_cont · chạy · bước 1/2 · loss 0.5506 · |g| 1.851 · lr 4.00e-06 · 89.5 s/bước · VRAM 6.2 GiB\n"}
,{"stream_name":"stdout","time":878.216149242,"data":"  0.24 h · thu_train_ra · xong · [xong] 2 bước · 3.6 phút → /kaggle/working/thu_ra_sft/final\n"}
,{"stream_name":"stdout","time":878.216948677,"data":"  0.24 h · thu_train_cont · chạy · bước 1/2 · loss 0.5506 · |g| 1.851 · lr 4.00e-06 · 89.5 s/bước · VRAM 6.2 GiB\n"}
,{"stream_name":"stdout","time":908.218578605,"data":"  0.25 h · thu_train_ra · xong · [xong] 2 bước · 3.6 phút → /kaggle/working/thu_ra_sft/final\n"}
,{"stream_name":"stdout","time":908.219474297,"data":"  0.25 h · thu_train_cont · chạy · bước 1/2 · loss 0.5506 · |g| 1.851 · lr 4.00e-06 · 89.5 s/bước · VRAM 6.2 GiB\n"}
,{"stream_name":"stdout","time":938.221610623,"data":"  0.26 h · thu_train_ra · xong · [xong] 2 bước · 3.6 phút → /kaggle/working/thu_ra_sft/final\n"}
,{"stream_name":"stdout","time":938.222742526,"data":"  0.26 h · thu_train_cont · xong · [xong] 2 bước · 3.1 phút → /kaggle/working/thu_cont_sft/final\n"}
,{"stream_name":"stdout","time":938.223826004,"data":"--- thu_train_ra · mã thoát 0 ---\n"}
,{"stream_name":"stdout","time":938.22385216,"data":"[dữ liệu] /kaggle/working/ra_data/train_ra.jsonl · 32 hàng · 2 bước tối ưu × lô 16 · lr 2e-05\n"}
,{"stream_name":"stdout","time":938.223856947,"data":"Warning: You are sending unauthenticated requests to the HF Hub. Please set a HF_TOKEN to enable higher rate limits and faster downloads.\n"}
,{"stream_name":"stdout","time":938.223860408,"data":"[nạp] /kaggle/working/s1_merged · dtype torch.float16 · 4-bit True · Tesla T4\n"}
,{"stream_name":"stdout","time":938.223863652,"data":"[adapter] /kaggle/input/datasets/trangphngngc/grpo-spice-ck500 · tham số học 14,966,784 (ck500 14,966,784) · dtype tính torch.float16\n"}
,{"stream_name":"stdout","time":938.223868519,"data":"/usr/local/lib/python3.13/dist-packages/transformers/models/qwen2_vl/image_processing_qwen2_vl.py:129: FutureWarning: Passing `min_pixels` and `max_pixels` to a processor call is deprecated and will be removed in v5.23. Pass in `size={'longest_edge': xxx, 'shortest_edge': xxx} to override the target size.`\n"}
,{"stream_name":"stdout","time":938.223888157,"data":"  warnings.warn(\n"}
,{"stream_name":"stdout","time":938.223893398,"data":"[kiểm nhãn] mẫu đầu: 1446 token, tính loss 5 token: 'go back to settings\u003c|im_end|\u003e' · đích 'go back to settings'\n"}
,{"stream_name":"stdout","time":938.223900702,"data":"  bước 1/2 · loss 0.7414 · |g| 2.273 · lr 4.00e-06 · 101.3 s/bước · VRAM 6.6 GiB\n"}
,{"stream_name":"stdout","time":938.223906282,"data":"  bước 2/2 · loss 0.6384 · |g| 3.931 · lr 6.00e-06 · 106.3 s/bước · VRAM 7.1 GiB\n"}
,{"stream_name":"stdout","time":938.223911047,"data":"[xong] 2 bước · 3.6 phút → /kaggle/working/thu_ra_sft/final\n"}
,{"stream_name":"stdout","time":938.223915736,"data":"\n"}
,{"stream_name":"stdout","time":938.225035916,"data":"--- thu_train_cont · mã thoát 0 ---\n"}
,{"stream_name":"stdout","time":938.225067573,"data":"[dữ liệu] /kaggle/working/ra_data/train_cont.jsonl · 32 hàng · 2 bước tối ưu × lô 16 · lr 2e-05\n"}
,{"stream_name":"stdout","time":938.225074794,"data":"[nạp] /kaggle/working/s1_merged · dtype torch.float16 · 4-bit True · Tesla T4\n"}
,{"stream_name":"stdout","time":938.225090602,"data":"[adapter] /kaggle/input/datasets/trangphngngc/grpo-spice-ck500 · tham số học 14,966,784 (ck500 14,966,784) · dtype tính torch.float16\n"}
,{"stream_name":"stdout","time":938.225095898,"data":"/usr/local/lib/python3.13/dist-packages/transformers/models/qwen2_vl/image_processing_qwen2_vl.py:129: FutureWarning: Passing `min_pixels` and `max_pixels` to a processor call is deprecated and will be removed in v5.23. Pass in `size={'longest_edge': xxx, 'shortest_edge': xxx} to override the target size.`\n"}
,{"stream_name":"stdout","time":938.225100755,"data":"  warnings.warn(\n"}
,{"stream_name":"stdout","time":938.225104793,"data":"[kiểm nhãn] mẫu đầu: 1446 token, tính loss 5 token: 'go back to settings\u003c|im_end|\u003e' · đích 'go back to settings'\n"}
,{"stream_name":"stdout","time":938.225110104,"data":"  bước 1/2 · loss 0.5506 · |g| 1.851 · lr 4.00e-06 · 89.5 s/bước · VRAM 6.2 GiB\n"}
,{"stream_name":"stdout","time":938.22513115,"data":"  bước 2/2 · loss 0.3781 · |g| 1.316 · lr 6.00e-06 · 91.9 s/bước · VRAM 6.4 GiB\n"}
,{"stream_name":"stdout","time":938.22513561,"data":"[xong] 2 bước · 3.1 phút → /kaggle/working/thu_cont_sft/final\n"}
,{"stream_name":"stdout","time":938.22513933,"data":"\n"}
,{"stream_name":"stdout","time":938.226286109,"data":"ra ['[dữ liệu] /kaggle/working/ra_data/train_ra.jsonl · 32 hàng · 2 bước tối ưu × lô 16 · lr 2e-05', '[adapter] /kaggle/input/datasets/trangphngngc/grpo-spice-ck500 · tham số học 14,966,784 (ck500 14,966,784) · dtype tính torch.float16', \"[kiểm nhãn] mẫu đầu: 1446 token, tính loss 5 token: 'go back to settings\u003c|im_end|\u003e' · đích 'go back to settings'\", '  bước 1/2 · loss 0.7414 · |g| 2.273 · lr 4.00e-06 · 101.3 s/bước · VRAM 6.6 GiB', '  bước 2/2 · loss 0.6384 · |g| 3.931 · lr 6.00e-06 · 106.3 s/bước · VRAM 7.1 GiB']\n"}
,{"stream_name":"stdout","time":938.227570585,"data":"cont ['[dữ liệu] /kaggle/working/ra_data/train_cont.jsonl · 32 hàng · 2 bước tối ưu × lô 16 · lr 2e-05', '[adapter] /kaggle/input/datasets/trangphngngc/grpo-spice-ck500 · tham số học 14,966,784 (ck500 14,966,784) · dtype tính torch.float16', \"[kiểm nhãn] mẫu đầu: 1446 token, tính loss 5 token: 'go back to settings\u003c|im_end|\u003e' · đích 'go back to settings'\", '  bước 1/2 · loss 0.5506 · |g| 1.851 · lr 4.00e-06 · 89.5 s/bước · VRAM 6.2 GiB', '  bước 2/2 · loss 0.3781 · |g| 1.316 · lr 6.00e-06 · 91.9 s/bước · VRAM 6.4 GiB']\n"}
,{"stream_name":"stdout","time":938.228719612,"data":"ƯỚC LƯỢNG lượt thật: 106 s/bước × 250 ≈ 7.4 h · đã dùng 0.26 h\n"}
,{"stream_name":"stdout","time":938.285981524,"data":"max-hours 9.14\n"}
,{"stream_name":"stdout","time":1148.296283282,"data":"  0.32 h · train_ra · chạy · bước 1/250 · loss 0.7414 · |g| 2.273 · lr 4.00e-06 · 107.9 s/bước · VRAM 6.6 GiB\n"}
,{"stream_name":"stdout","time":1148.297442365,"data":"  0.32 h · train_cont · chạy · bước 1/250 · loss 0.5506 · |g| 1.851 · lr 4.00e-06 · 91.3 s/bước · VRAM 6.2 GiB\n"}
,{"stream_name":"stdout","time":1268.295793401,"data":"  0.35 h · train_ra · chạy · bước 1/250 · loss 0.7414 · |g| 2.273 · lr 4.00e-06 · 107.9 s/bước · VRAM 6.6 GiB\n"}
,{"stream_name":"stdout","time":1268.296833143,"data":"  0.35 h · train_cont · chạy · bước 1/250 · loss 0.5506 · |g| 1.851 · lr 4.00e-06 · 91.3 s/bước · VRAM 6.2 GiB\n"}
,{"stream_name":"stdout","time":1388.303320319,"data":"  0.38 h · train_ra · chạy · bước 1/250 · loss 0.7414 · |g| 2.273 · lr 4.00e-06 · 107.9 s/bước · VRAM 6.6 GiB\n"}
,{"stream_name":"stdout","time":1388.303716781,"data":"  0.38 h · train_cont · chạy · bước 1/250 · loss 0.5506 · |g| 1.851 · lr 4.00e-06 · 91.3 s/bước · VRAM 6.2 GiB\n"}
,{"stream_name":"stdout","time":1508.305313553,"data":"  0.42 h · train_ra · chạy · bước 5/250 · loss 0.7812 · |g| 3.398 · lr 1.20e-05 · 109.8 s/bước · VRAM 7.1 GiB\n"}
,{"stream_name":"stdout","time":1508.306375106,"data":"  0.42 h · train_cont · chạy · bước 1/250 · loss 0.5506 · |g| 1.851 · lr 4.00e-06 · 91.3 s/bước · VRAM 6.2 GiB\n"}
,{"stream_name":"stdout","time":1628.307542144,"data":"  0.45 h · train_ra · chạy · bước 5/250 · loss 0.7812 · |g| 3.398 · lr 1.20e-05 · 109.8 s/bước · VRAM 7.1 GiB\n"}
,{"stream_name":"stdout","time":1628.308968396,"data":"  0.45 h · train_cont · chạy · bước 5/250 · loss 0.5377 · |g| 2.326 · lr 1.20e-05 · 94.7 s/bước · VRAM 6.4 GiB\n"}
,{"stream_name":"stdout","time":1748.310979048,"data":"  0.48 h · train_ra · chạy · bước 5/250 · loss 0.7812 · |g| 3.398 · lr 1.20e-05 · 109.8 s/bước · VRAM 7.1 GiB\n"}
,{"stream_name":"stdout","time":1748.31254503,"data":"  0.48 h · train_cont · chạy · bước 5/250 · loss 0.5377 · |g| 2.326 · lr 1.20e-05 · 94.7 s/bước · VRAM 6.4 GiB\n"}
,{"stream_name":"stdout","time":1868.313337588,"data":"  0.52 h · train_ra · chạy · bước 5/250 · loss 0.7812 · |g| 3.398 · lr 1.20e-05 · 109.8 s/bước · VRAM 7.1 GiB\n"}
,{"stream_name":"stdout","time":1868.314261989,"data":"  0.52 h · train_cont · chạy · bước 5/250 · loss 0.5377 · |g| 2.326 · lr 1.20e-05 · 94.7 s/bước · VRAM 6.4 GiB\n"}
,{"stream_name":"stdout","time":1988.320275221,"data":"  0.55 h · train_ra · chạy · bước 5/250 · loss 0.7812 · |g| 3.398 · lr 1.20e-05 · 109.8 s/bước · VRAM 7.1 GiB\n"}
,{"stream_name":"stdout","time":1988.321361062,"data":"  0.55 h · train_cont · chạy · bước 5/250 · loss 0.5377 · |g| 2.326 · lr 1.20e-05 · 94.7 s/bước · VRAM 6.4 GiB\n"}
,{"stream_name":"stdout","time":2108.31941892,"data":"  0.58 h · train_ra · chạy · bước 10/250 · loss 0.7311 · |g| 2.887 · lr 2.00e-05 · 109.5 s/bước · VRAM 7.3 GiB\n"}
,{"stream_name":"stdout","time":2108.320519462,"data":"  0.58 h · train_cont · chạy · bước 10/250 · loss 0.4501 · |g| 1.700 · lr 2.00e-05 · 95.7 s/bước · VRAM 6.7 GiB\n"}
,{"stream_name":"stdout","time":2228.326334371,"data":"  0.62 h · train_ra · chạy · bước 10/250 · loss 0.7311 · |g| 2.887 · lr 2.00e-05 · 109.5 s/bước · VRAM 7.3 GiB\n"}
,{"stream_name":"stdout","time":2228.327024944,"data":"  0.62 h · train_cont · chạy · bước 10/250 · loss 0.4501 · |g| 1.700 · lr 2.00e-05 · 95.7 s/bước · VRAM 6.7 GiB\n"}
,{"stream_name":"stdout","time":2348.330247746,"data":"  0.65 h · train_ra · chạy · bước 10/250 · loss 0.7311 · |g| 2.887 · lr 2.00e-05 · 109.5 s/bước · VRAM 7.3 GiB\n"}
,{"stream_name":"stdout","time":2348.3314827,"data":"  0.65 h · train_cont · chạy · bước 10/250 · loss 0.4501 · |g| 1.700 · lr 2.00e-05 · 95.7 s/bước · VRAM 6.7 GiB\n"}
,{"stream_name":"stdout","time":2468.3333758,"data":"  0.68 h · train_ra · chạy · bước 10/250 · loss 0.7311 · |g| 2.887 · lr 2.00e-05 · 109.5 s/bước · VRAM 7.3 GiB\n"}
,{"stream_name":"stdout","time":2468.334296051,"data":"  0.68 h · train_cont · chạy · bước 10/250 · loss 0.4501 · |g| 1.700 · lr 2.00e-05 · 95.7 s/bước · VRAM 6.7 GiB\n"}
,{"stream_name":"stdout","time":2588.333249717,"data":"  0.72 h · train_ra · chạy · bước 15/250 · loss 0.8347 · |g| 2.615 · lr 2.00e-05 · 109.0 s/bước · VRAM 7.3 GiB\n"}
,{"stream_name":"stdout","time":2588.334287617,"data":"  0.72 h · train_cont · chạy · bước 15/250 · loss 0.6426 · |g| 2.097 · lr 2.00e-05 · 96.1 s/bước · VRAM 6.7 GiB\n"}
,{"stream_name":"stdout","time":2708.335308516,"data":"  0.75 h · train_ra · chạy · bước 15/250 · loss 0.8347 · |g| 2.615 · lr 2.00e-05 · 109.0 s/bước · VRAM 7.3 GiB\n"}
,{"stream_name":"stdout","time":2708.336166228,"data":"  0.75 h · train_cont · chạy · bước 15/250 · loss 0.6426 · |g| 2.097 · lr 2.00e-05 · 96.1 s/bước · VRAM 6.7 GiB\n"}
,{"stream_name":"stdout","time":2828.341235787,"data":"  0.78 h · train_ra · chạy · bước 15/250 · loss 0.8347 · |g| 2.615 · lr 2.00e-05 · 109.0 s/bước · VRAM 7.3 GiB\n"}
,{"stream_name":"stdout","time":2828.342564829,"data":"  0.78 h · train_cont · chạy · bước 15/250 · loss 0.6426 · |g| 2.097 · lr 2.00e-05 · 96.1 s/bước · VRAM 6.7 GiB\n"}
,{"stream_name":"stdout","time":2948.341791294,"data":"  0.82 h · train_ra · chạy · bước 15/250 · loss 0.8347 · |g| 2.615 · lr 2.00e-05 · 109.0 s/bước · VRAM 7.3 GiB\n"}
,{"stream_name":"stdout","time":2948.34284805,"data":"  0.82 h · train_cont · chạy · bước 15/250 · loss 0.6426 · |g| 2.097 · lr 2.00e-05 · 96.1 s/bước · VRAM 6.7 GiB\n"}
,{"stream_name":"stdout","time":3068.346333384,"data":"  0.85 h · train_ra · chạy · bước 15/250 · loss 0.8347 · |g| 2.615 · lr 2.00e-05 · 109.0 s/bước · VRAM 7.3 GiB\n"}
,{"stream_name":"stdout","time":3068.347644202,"data":"  0.85 h · train_cont · chạy · bước 20/250 · loss 0.5461 · |g| 1.035 · lr 1.99e-05 · 96.2 s/bước · VRAM 6.7 GiB\n"}
,{"stream_name":"stdout","time":3188.350740409,"data":"  0.88 h · train_ra · chạy · bước 20/250 · loss 0.7250 · |g| 1.913 · lr 1.99e-05 · 108.7 s/bước · VRAM 7.3 GiB\n"}
,{"stream_name":"stdout","time":3188.352234886,"data":"  0.88 h · train_cont · chạy · bước 20/250 · loss 0.5461 · |g| 1.035 · lr 1.99e-05 · 96.2 s/bước · VRAM 6.7 GiB\n"}
,{"stream_name":"stdout","time":3308.352250206,"data":"  0.92 h · train_ra · chạy · bước 20/250 · loss 0.7250 · |g| 1.913 · lr 1.99e-05 · 108.7 s/bước · VRAM 7.3 GiB\n"}
,{"stream_name":"stdout","time":3308.352695774,"data":"  0.92 h · train_cont · chạy · bước 20/250 · loss 0.5461 · |g| 1.035 · lr 1.99e-05 · 96.2 s/bước · VRAM 6.7 GiB\n"}
,{"stream_name":"stdout","time":3428.353025475,"data":"  0.95 h · train_ra · chạy · bước 20/250 · loss 0.7250 · |g| 1.913 · lr 1.99e-05 · 108.7 s/bước · VRAM 7.3 GiB\n"}
,{"stream_name":"stdout","time":3428.354058561,"data":"  0.95 h · train_cont · chạy · bước 20/250 · loss 0.5461 · |g| 1.035 · lr 1.99e-05 · 96.2 s/bước · VRAM 6.7 GiB\n"}
,{"stream_name":"stdout","time":3548.357306885,"data":"  0.98 h · train_ra · chạy · bước 20/250 · loss 0.7250 · |g| 1.913 · lr 1.99e-05 · 108.7 s/bước · VRAM 7.3 GiB\n"}
,{"stream_name":"stdout","time":3548.357349546,"data":"  0.98 h · train_cont · chạy · bước 25/250 · loss 0.4391 · |g| 0.915 · lr 1.98e-05 · 96.3 s/bước · VRAM 6.7 GiB\n"}
,{"stream_name":"stdout","time":3668.362607373,"data":"  1.02 h · train_ra · chạy · bước 25/250 · loss 0.4866 · |g| 1.559 · lr 1.98e-05 · 108.5 s/bước · VRAM 7.3 GiB\n"}
,{"stream_name":"stdout","time":3668.363891028,"data":"  1.02 h · train_cont · chạy · bước 25/250 · loss 0.4391 · |g| 0.915 · lr 1.98e-05 · 96.3 s/bước · VRAM 6.7 GiB\n"}
,{"stream_name":"stdout","time":3788.363073126,"data":"  1.05 h · train_ra · chạy · bước 25/250 · loss 0.4866 · |g| 1.559 · lr 1.98e-05 · 108.5 s/bước · VRAM 7.3 GiB\n"}
,{"stream_name":"stdout","time":3788.364039943,"data":"  1.05 h · train_cont · chạy · bước 25/250 · loss 0.4391 · |g| 0.915 · lr 1.98e-05 · 96.3 s/bước · VRAM 6.7 GiB\n"}
,{"stream_name":"stdout","time":3908.367163757,"data":"  1.08 h · train_ra · chạy · bước 25/250 · loss 0.4866 · |g| 1.559 · lr 1.98e-05 · 108.5 s/bước · VRAM 7.3 GiB\n"}
,{"stream_name":"stdout","time":3908.367222242,"data":"  1.08 h · train_cont · chạy · bước 25/250 · loss 0.4391 · |g| 0.915 · lr 1.98e-05 · 96.3 s/bước · VRAM 6.7 GiB\n"}
,{"stream_name":"stdout","time":4028.370271506,"data":"  1.12 h · train_ra · chạy · bước 25/250 · loss 0.4866 · |g| 1.559 · lr 1.98e-05 · 108.5 s/bước · VRAM 7.3 GiB\n"}
,{"stream_name":"stdout","time":4028.370558344,"data":"  1.12 h · train_cont · chạy · bước 30/250 · loss 0.5395 · |g| 1.051 · lr 1.97e-05 · 96.4 s/bước · VRAM 6.7 GiB\n"}
,{"stream_name":"stdout","time":4148.373633706,"data":"  1.15 h · train_ra · chạy · bước 25/250 · loss 0.4866 · |g| 1.559 · lr 1.98e-05 · 108.5 s/bước · VRAM 7.3 GiB\n"}
,{"stream_name":"stdout","time":4148.374948289,"data":"  1.15 h · train_cont · chạy · bước 30/250 · loss 0.5395 · |g| 1.051 · lr 1.97e-05 · 96.4 s/bước · VRAM 6.7 GiB\n"}
,{"stream_name":"stdout","time":4268.378300851,"data":"  1.18 h · train_ra · chạy · bước 30/250 · loss 0.5887 · |g| 1.101 · lr 1.97e-05 · 108.3 s/bước · VRAM 7.3 GiB\n"}
,{"stream_name":"stdout","time":4268.378710352,"data":"  1.18 h · train_cont · chạy · bước 30/250 · loss 0.5395 · |g| 1.051 · lr 1.97e-05 · 96.4 s/bước · VRAM 6.7 GiB\n"}
,{"stream_name":"stdout","time":4388.381400483,"data":"  1.22 h · train_ra · chạy · bước 30/250 · loss 0.5887 · |g| 1.101 · lr 1.97e-05 · 108.3 s/bước · VRAM 7.3 GiB\n"}
,{"stream_name":"stdout","time":4388.383134474,"data":"  1.22 h · train_cont · chạy · bước 30/250 · loss 0.5395 · |g| 1.051 · lr 1.97e-05 · 96.4 s/bước · VRAM 6.7 GiB\n"}
,{"stream_name":"stdout","time":4508.383315564,"data":"  1.25 h · train_ra · chạy · bước 30/250 · loss 0.5887 · |g| 1.101 · lr 1.97e-05 · 108.3 s/bước · VRAM 7.3 GiB\n"}
,{"stream_name":"stdout","time":4508.384742461,"data":"  1.25 h · train_cont · chạy · bước 35/250 · loss 0.5141 · |g| 1.155 · lr 1.95e-05 · 96.4 s/bước · VRAM 6.7 GiB\n"}
,{"stream_name":"stdout","time":4628.38446193,"data":"  1.28 h · train_ra · chạy · bước 30/250 · loss 0.5887 · |g| 1.101 · lr 1.97e-05 · 108.3 s/bước · VRAM 7.3 GiB\n"}
,{"stream_name":"stdout","time":4628.385549737,"data":"  1.28 h · train_cont · chạy · bước 35/250 · loss 0.5141 · |g| 1.155 · lr 1.95e-05 · 96.4 s/bước · VRAM 6.7 GiB\n"}
,{"stream_name":"stdout","time":4748.389303543,"data":"  1.32 h · train_ra · chạy · bước 35/250 · loss 0.5627 · |g| 1.291 · lr 1.95e-05 · 108.2 s/bước · VRAM 7.3 GiB\n"}
,{"stream_name":"stdout","time":4748.391061674,"data":"  1.32 h · train_cont · chạy · bước 35/250 · loss 0.5141 · |g| 1.155 · lr 1.95e-05 · 96.4 s/bước · VRAM 6.7 GiB\n"}
,{"stream_name":"stdout","time":4868.389303672,"data":"  1.35 h · train_ra · chạy · bước 35/250 · loss 0.5627 · |g| 1.291 · lr 1.95e-05 · 108.2 s/bước · VRAM 7.3 GiB\n"}
,{"stream_name":"stdout","time":4868.390309289,"data":"  1.35 h · train_cont · chạy · bước 35/250 · loss 0.5141 · |g| 1.155 · lr 1.95e-05 · 96.4 s/bước · VRAM 6.7 GiB\n"}
,{"stream_name":"stdout","time":4988.39732569,"data":"  1.38 h · train_ra · chạy · bước 35/250 · loss 0.5627 · |g| 1.291 · lr 1.95e-05 · 108.2 s/bước · VRAM 7.3 GiB\n"}
,{"stream_name":"stdout","time":4988.398470717,"data":"  1.38 h · train_cont · chạy · bước 40/250 · loss 0.4854 · |g| 1.122 · lr 1.92e-05 · 96.4 s/bước · VRAM 6.7 GiB\n"}
,{"stream_name":"stdout","time":5108.397529371,"data":"  1.42 h · train_ra · chạy · bước 35/250 · loss 0.5627 · |g| 1.291 · lr 1.95e-05 · 108.2 s/bước · VRAM 7.3 GiB\n"}
,{"stream_name":"stdout","time":5108.398846849,"data":"  1.42 h · train_cont · chạy · bước 40/250 · loss 0.4854 · |g| 1.122 · lr 1.92e-05 · 96.4 s/bước · VRAM 6.7 GiB\n"}
,{"stream_name":"stdout","time":5228.404286401,"data":"  1.45 h · train_ra · chạy · bước 35/250 · loss 0.5627 · |g| 1.291 · lr 1.95e-05 · 108.2 s/bước · VRAM 7.3 GiB\n"}
,{"stream_name":"stdout","time":5228.405026121,"data":"  1.45 h · train_cont · chạy · bước 40/250 · loss 0.4854 · |g| 1.122 · lr 1.92e-05 · 96.4 s/bước · VRAM 6.7 GiB\n"}
,{"stream_name":"stdout","time":5348.406637414,"data":"  1.48 h · train_ra · chạy · bước 40/250 · loss 0.5369 · |g| 1.241 · lr 1.92e-05 · 108.1 s/bước · VRAM 7.3 GiB\n"}
,{"stream_name":"stdout","time":5348.408211729,"data":"  1.48 h · train_cont · chạy · bước 40/250 · loss 0.4854 · |g| 1.122 · lr 1.92e-05 · 96.4 s/bước · VRAM 6.7 GiB\n"}
,{"stream_name":"stdout","time":5468.40664763,"data":"  1.52 h · train_ra · chạy · bước 40/250 · loss 0.5369 · |g| 1.241 · lr 1.92e-05 · 108.1 s/bước · VRAM 7.3 GiB\n"}
,{"stream_name":"stdout","time":5468.406687483,"data":"  1.52 h · train_cont · chạy · bước 45/250 · loss 0.4672 · |g| 1.115 · lr 1.90e-05 · 96.4 s/bước · VRAM 6.7 GiB\n"}
,{"stream_name":"stdout","time":5588.409341521,"data":"  1.55 h · train_ra · chạy · bước 40/250 · loss 0.5369 · |g| 1.241 · lr 1.92e-05 · 108.1 s/bước · VRAM 7.3 GiB\n"}
,{"stream_name":"stdout","time":5588.410004398,"data":"  1.55 h · train_cont · chạy · bước 45/250 · loss 0.4672 · |g| 1.115 · lr 1.90e-05 · 96.4 s/bước · VRAM 6.7 GiB\n"}
,{"stream_name":"stdout","time":5708.412412551,"data":"  1.58 h · train_ra · chạy · bước 40/250 · loss 0.5369 · |g| 1.241 · lr 1.92e-05 · 108.1 s/bước · VRAM 7.3 GiB\n"}
,{"stream_name":"stdout","time":5708.412457025,"data":"  1.58 h · train_cont · chạy · bước 45/250 · loss 0.4672 · |g| 1.115 · lr 1.90e-05 · 96.4 s/bước · VRAM 6.7 GiB\n"}
,{"stream_name":"stdout","time":5828.416953794,"data":"  1.62 h · train_ra · chạy · bước 45/250 · loss 0.5044 · |g| 1.304 · lr 1.90e-05 · 108.0 s/bước · VRAM 7.3 GiB\n"}
,{"stream_name":"stdout","time":5828.418136006,"data":"  1.62 h · train_cont · chạy · bước 45/250 · loss 0.4672 · |g| 1.115 · lr 1.90e-05 · 96.4 s/bước · VRAM 6.7 GiB\n"}
,{"stream_name":"stdout","time":5948.417328602,"data":"  1.65 h · train_ra · chạy · bước 45/250 · loss 0.5044 · |g| 1.304 · lr 1.90e-05 · 108.0 s/bước · VRAM 7.3 GiB\n"}
,{"stream_name":"stdout","time":5948.418382822,"data":"  1.65 h · train_cont · chạy · bước 50/250 · loss 0.5076 · |g| 1.110 · lr 1.87e-05 · 96.4 s/bước · VRAM 6.7 GiB\n"}
,{"stream_name":"stdout","time":6068.425920699,"data":"  1.68 h · train_ra · chạy · bước 45/250 · loss 0.5044 · |g| 1.304 · lr 1.90e-05 · 108.0 s/bước · VRAM 7.3 GiB\n"}
,{"stream_name":"stdout","time":6068.425979117,"data":"  1.68 h · train_cont · chạy · bước 50/250 · loss 0.5076 · |g| 1.110 · lr 1.87e-05 · 96.4 s/bước · VRAM 6.7 GiB\n"}
,{"stream_name":"stdout","time":6188.428263056,"data":"  1.72 h · train_ra · chạy · bước 45/250 · loss 0.5044 · |g| 1.304 · lr 1.90e-05 · 108.0 s/bước · VRAM 7.3 GiB\n"}
,{"stream_name":"stdout","time":6188.428654966,"data":"  1.72 h · train_cont · chạy · bước 50/250 · loss 0.5076 · |g| 1.110 · lr 1.87e-05 · 96.4 s/bước · VRAM 6.7 GiB\n"}
,{"stream_name":"stdout","time":6308.430751131,"data":"  1.75 h · train_ra · chạy · bước 45/250 · loss 0.5044 · |g| 1.304 · lr 1.90e-05 · 108.0 s/bước · VRAM 7.3 GiB\n"}
,{"stream_name":"stdout","time":6308.432307211,"data":"  1.75 h · train_cont · chạy · bước 50/250 · loss 0.5076 · |g| 1.110 · lr 1.87e-05 · 96.4 s/bước · VRAM 6.7 GiB\n"}
,{"stream_name":"stdout","time":6428.43446181,"data":"  1.78 h · train_ra · chạy · bước 50/250 · loss 0.5253 · |g| 1.307 · lr 1.87e-05 · 108.0 s/bước · VRAM 7.3 GiB\n"}
,{"stream_name":"stdout","time":6428.435723029,"data":"  1.78 h · train_cont · chạy · bước 55/250 · loss 0.5292 · |g| 0.763 · lr 1.83e-05 · 96.4 s/bước · VRAM 6.7 GiB\n"}
,{"stream_name":"stdout","time":6548.434259128,"data":"  1.82 h · train_ra · chạy · bước 50/250 · loss 0.5253 · |g| 1.307 · lr 1.87e-05 · 108.0 s/bước · VRAM 7.3 GiB\n"}
,{"stream_name":"stdout","time":6548.434497306,"data":"  1.82 h · train_cont · chạy · bước 55/250 · loss 0.5292 · |g| 0.763 · lr 1.83e-05 · 96.4 s/bước · VRAM 6.7 GiB\n"}
,{"stream_name":"stdout","time":6668.436868137,"data":"  1.85 h · train_ra · chạy · bước 50/250 · loss 0.5253 · |g| 1.307 · lr 1.87e-05 · 108.0 s/bước · VRAM 7.3 GiB\n"}
,{"stream_name":"stdout","time":6668.437906237,"data":"  1.85 h · train_cont · chạy · bước 55/250 · loss 0.5292 · |g| 0.763 · lr 1.83e-05 · 96.4 s/bước · VRAM 6.7 GiB\n"}
,{"stream_name":"stdout","time":6788.445315311,"data":"  1.88 h · train_ra · chạy · bước 50/250 · loss 0.5253 · |g| 1.307 · lr 1.87e-05 · 108.0 s/bước · VRAM 7.3 GiB\n"}
,{"stream_name":"stdout","time":6788.446407673,"data":"  1.88 h · train_cont · chạy · bước 55/250 · loss 0.5292 · |g| 0.763 · lr 1.83e-05 · 96.4 s/bước · VRAM 6.7 GiB\n"}
,{"stream_name":"stdout","time":6908.450663819,"data":"  1.92 h · train_ra · chạy · bước 55/250 · loss 0.5200 · |g| 0.971 · lr 1.83e-05 · 108.0 s/bước · VRAM 7.3 GiB\n"}
,{"stream_name":"stdout","time":6908.450700868,"data":"  1.92 h · train_cont · chạy · bước 60/250 · loss 0.4765 · |g| 1.197 · lr 1.79e-05 · 96.4 s/bước · VRAM 6.7 GiB\n"}
,{"stream_name":"stdout","time":7028.453454263,"data":"  1.95 h · train_ra · chạy · bước 55/250 · loss 0.5200 · |g| 0.971 · lr 1.83e-05 · 108.0 s/bước · VRAM 7.3 GiB\n"}
,{"stream_name":"stdout","time":7028.454404051,"data":"  1.95 h · train_cont · chạy · bước 60/250 · loss 0.4765 · |g| 1.197 · lr 1.79e-05 · 96.4 s/bước · VRAM 6.7 GiB\n"}
,{"stream_name":"stdout","time":7148.455258702,"data":"  1.98 h · train_ra · chạy · bước 55/250 · loss 0.5200 · |g| 0.971 · lr 1.83e-05 · 108.0 s/bước · VRAM 7.3 GiB\n"}
,{"stream_name":"stdout","time":7148.456335881,"data":"  1.98 h · train_cont · chạy · bước 60/250 · loss 0.4765 · |g| 1.197 · lr 1.79e-05 · 96.4 s/bước · VRAM 6.7 GiB\n"}
,{"stream_name":"stdout","time":7268.460258964,"data":"  2.02 h · train_ra · chạy · bước 55/250 · loss 0.5200 · |g| 0.971 · lr 1.83e-05 · 108.0 s/bước · VRAM 7.3 GiB\n"}
,{"stream_name":"stdout","time":7268.461337296,"data":"  2.02 h · train_cont · chạy · bước 60/250 · loss 0.4765 · |g| 1.197 · lr 1.79e-05 · 96.4 s/bước · VRAM 6.7 GiB\n"}
,{"stream_name":"stdout","time":7388.463258814,"data":"  2.05 h · train_ra · chạy · bước 55/250 · loss 0.5200 · |g| 0.971 · lr 1.83e-05 · 108.0 s/bước · VRAM 7.3 GiB\n"}
,{"stream_name":"stdout","time":7388.463671337,"data":"  2.05 h · train_cont · chạy · bước 65/250 · loss 0.5541 · |g| 1.092 · lr 1.75e-05 · 96.4 s/bước · VRAM 6.7 GiB\n"}
,{"stream_name":"stdout","time":7508.471041298,"data":"  2.08 h · train_ra · chạy · bước 60/250 · loss 0.4766 · |g| 1.512 · lr 1.79e-05 · 108.1 s/bước · VRAM 7.3 GiB\n"}
,{"stream_name":"stdout","time":7508.47236201,"data":"  2.08 h · train_cont · chạy · bước 65/250 · loss 0.5541 · |g| 1.092 · lr 1.75e-05 · 96.4 s/bước · VRAM 6.7 GiB\n"}
,{"stream_name":"stdout","time":7628.474263764,"data":"  2.12 h · train_ra · chạy · bước 60/250 · loss 0.4766 · |g| 1.512 · lr 1.79e-05 · 108.1 s/bước · VRAM 7.3 GiB\n"}
,{"stream_name":"stdout","time":7628.474959234,"data":"  2.12 h · train_cont · chạy · bước 65/250 · loss 0.5541 · |g| 1.092 · lr 1.75e-05 · 96.4 s/bước · VRAM 6.7 GiB\n"}
,{"stream_name":"stdout","time":7748.47439111,"data":"  2.15 h · train_ra · chạy · bước 60/250 · loss 0.4766 · |g| 1.512 · lr 1.79e-05 · 108.1 s/bước · VRAM 7.3 GiB\n"}
,{"stream_name":"stdout","time":7748.475459455,"data":"  2.15 h · train_cont · chạy · bước 65/250 · loss 0.5541 · |g| 1.092 · lr 1.75e-05 · 96.4 s/bước · VRAM 6.7 GiB\n"}
,{"stream_name":"stdout","time":7868.481355124,"data":"  2.18 h · train_ra · chạy · bước 60/250 · loss 0.4766 · |g| 1.512 · lr 1.79e-05 · 108.1 s/bước · VRAM 7.3 GiB\n"}
,{"stream_name":"stdout","time":7868.48274356,"data":"  2.18 h · train_cont · chạy · bước 70/250 · loss 0.4306 · |g| 0.692 · lr 1.71e-05 · 96.5 s/bước · VRAM 6.7 GiB\n"}
,{"stream_name":"stdout","time":7988.481314201,"data":"  2.22 h · train_ra · chạy · bước 65/250 · loss 0.5620 · |g| 1.256 · lr 1.75e-05 · 108.0 s/bước · VRAM 7.3 GiB\n"}
,{"stream_name":"stdout","time":7988.482215165,"data":"  2.22 h · train_cont · chạy · bước 70/250 · loss 0.4306 · |g| 0.692 · lr 1.71e-05 · 96.5 s/bước · VRAM 6.7 GiB\n"}
,{"stream_name":"stdout","time":8108.482311982,"data":"  2.25 h · train_ra · chạy · bước 65/250 · loss 0.5620 · |g| 1.256 · lr 1.75e-05 · 108.0 s/bước · VRAM 7.3 GiB\n"}
,{"stream_name":"stdout","time":8108.483225107,"data":"  2.25 h · train_cont · chạy · bước 70/250 · loss 0.4306 · |g| 0.692 · lr 1.71e-05 · 96.5 s/bước · VRAM 6.7 GiB\n"}
,{"stream_name":"stdout","time":8228.488620495,"data":"  2.28 h · train_ra · chạy · bước 65/250 · loss 0.5620 · |g| 1.256 · lr 1.75e-05 · 108.0 s/bước · VRAM 7.3 GiB\n"}
,{"stream_name":"stdout","time":8228.489856918,"data":"  2.28 h · train_cont · chạy · bước 70/250 · loss 0.4306 · |g| 0.692 · lr 1.71e-05 · 96.5 s/bước · VRAM 6.7 GiB\n"}
,{"stream_name":"stdout","time":8348.490978351,"data":"  2.32 h · train_ra · chạy · bước 65/250 · loss 0.5620 · |g| 1.256 · lr 1.75e-05 · 108.0 s/bước · VRAM 7.3 GiB\n"}
,{"stream_name":"stdout","time":8348.492222499,"data":"  2.32 h · train_cont · chạy · bước 75/250 · loss 0.6050 · |g| 1.235 · lr 1.66e-05 · 96.5 s/bước · VRAM 6.7 GiB\n"}
,{"stream_name":"stdout","time":8468.492940217,"data":"  2.35 h · train_ra · chạy · bước 65/250 · loss 0.5620 · |g| 1.256 · lr 1.75e-05 · 108.0 s/bước · VRAM 7.3 GiB\n"}
,{"stream_name":"stdout","time":8468.492986029,"data":"  2.35 h · train_cont · chạy · bước 75/250 · loss 0.6050 · |g| 1.235 · lr 1.66e-05 · 96.5 s/bước · VRAM 6.7 GiB\n"}
,{"stream_name":"stdout","time":8588.494341609,"data":"  2.38 h · train_ra · chạy · bước 70/250 · loss 0.4361 · |g| 0.868 · lr 1.71e-05 · 108.1 s/bước · VRAM 7.3 GiB\n"}
,{"stream_name":"stdout","time":8588.495282235,"data":"  2.38 h · train_cont · chạy · bước 75/250 · loss 0.6050 · |g| 1.235 · lr 1.66e-05 · 96.5 s/bước · VRAM 6.7 GiB\n"}
,{"stream_name":"stdout","time":8708.499676195,"data":"  2.42 h · train_ra · chạy · bước 70/250 · loss 0.4361 · |g| 0.868 · lr 1.71e-05 · 108.1 s/bước · VRAM 7.3 GiB\n"}
,{"stream_name":"stdout","time":8708.503214724,"data":"  2.42 h · train_cont · chạy · bước 75/250 · loss 0.6050 · |g| 1.235 · lr 1.66e-05 · 96.5 s/bước · VRAM 6.7 GiB\n"}
,{"stream_name":"stdout","time":8828.499327377,"data":"  2.45 h · train_ra · chạy · bước 70/250 · loss 0.4361 · |g| 0.868 · lr 1.71e-05 · 108.1 s/bước · VRAM 7.3 GiB\n"}
,{"stream_name":"stdout","time":8828.500593467,"data":"  2.45 h · train_cont · chạy · bước 80/250 · loss 0.4549 · |g| 3.932 · lr 1.61e-05 · 96.5 s/bước · VRAM 6.7 GiB\n"}
,{"stream_name":"stdout","time":8948.50258951,"data":"  2.48 h · train_ra · chạy · bước 70/250 · loss 0.4361 · |g| 0.868 · lr 1.71e-05 · 108.1 s/bước · VRAM 7.3 GiB\n"}
,{"stream_name":"stdout","time":8948.505189478,"data":"  2.48 h · train_cont · chạy · bước 80/250 · loss 0.4549 · |g| 3.932 · lr 1.61e-05 · 96.5 s/bước · VRAM 6.7 GiB\n"}
,{"stream_name":"stdout","time":9068.506735979,"data":"  2.52 h · train_ra · chạy · bước 75/250 · loss 0.5935 · |g| 1.390 · lr 1.66e-05 · 108.1 s/bước · VRAM 7.3 GiB\n"}
,{"stream_name":"stdout","time":9068.507904231,"data":"  2.52 h · train_cont · chạy · bước 80/250 · loss 0.4549 · |g| 3.932 · lr 1.61e-05 · 96.5 s/bước · VRAM 6.7 GiB\n"}
,{"stream_name":"stdout","time":9188.510952899,"data":"  2.55 h · train_ra · chạy · bước 75/250 · loss 0.5935 · |g| 1.390 · lr 1.66e-05 · 108.1 s/bước · VRAM 7.3 GiB\n"}
,{"stream_name":"stdout","time":9188.512219032,"data":"  2.55 h · train_cont · chạy · bước 80/250 · loss 0.4549 · |g| 3.932 · lr 1.61e-05 · 96.5 s/bước · VRAM 6.7 GiB\n"}
,{"stream_name":"stdout","time":9308.511803366,"data":"  2.58 h · train_ra · chạy · bước 75/250 · loss 0.5935 · |g| 1.390 · lr 1.66e-05 · 108.1 s/bước · VRAM 7.3 GiB\n"}
,{"stream_name":"stdout","time":9308.513053595,"data":"  2.58 h · train_cont · chạy · bước 85/250 · loss 0.3747 · |g| 1.047 · lr 1.56e-05 · 96.5 s/bước · VRAM 6.7 GiB\n"}
,{"stream_name":"stdout","time":9428.518344066,"data":"  2.62 h · train_ra · chạy · bước 75/250 · loss 0.5935 · |g| 1.390 · lr 1.66e-05 · 108.1 s/bước · VRAM 7.3 GiB\n"}
,{"stream_name":"stdout","time":9428.519377602,"data":"  2.62 h · train_cont · chạy · bước 85/250 · loss 0.3747 · |g| 1.047 · lr 1.56e-05 · 96.5 s/bước · VRAM 6.7 GiB\n"}
,{"stream_name":"stdout","time":9548.518275106,"data":"  2.65 h · train_ra · chạy · bước 75/250 · loss 0.5935 · |g| 1.390 · lr 1.66e-05 · 108.1 s/bước · VRAM 7.3 GiB\n"}
,{"stream_name":"stdout","time":9548.518753294,"data":"  2.65 h · train_cont · chạy · bước 85/250 · loss 0.3747 · |g| 1.047 · lr 1.56e-05 · 96.5 s/bước · VRAM 6.7 GiB\n"}
,{"stream_name":"stdout","time":9668.521175921,"data":"  2.68 h · train_ra · chạy · bước 80/250 · loss 0.4530 · |g| inf · lr 1.61e-05 · 108.0 s/bước · VRAM 7.3 GiB\n"}
,{"stream_name":"stdout","time":9668.522338676,"data":"  2.68 h · train_cont · chạy · bước 85/250 · loss 0.3747 · |g| 1.047 · lr 1.56e-05 · 96.5 s/bước · VRAM 6.7 GiB\n"}
,{"stream_name":"stdout","time":9788.525269406,"data":"  2.72 h · train_ra · chạy · bước 80/250 · loss 0.4530 · |g| inf · lr 1.61e-05 · 108.0 s/bước · VRAM 7.3 GiB\n"}
,{"stream_name":"stdout","time":9788.525504798,"data":"  2.72 h · train_cont · chạy · bước 90/250 · loss 0.5026 · |g| 1.004 · lr 1.50e-05 · 96.5 s/bước · VRAM 6.7 GiB\n"}
,{"stream_name":"stdout","time":9908.528552564,"data":"  2.75 h · train_ra · chạy · bước 80/250 · loss 0.4530 · |g| inf · lr 1.61e-05 · 108.0 s/bước · VRAM 7.3 GiB\n"}
,{"stream_name":"stdout","time":9908.529534747,"data":"  2.75 h · train_cont · chạy · bước 90/250 · loss 0.5026 · |g| 1.004 · lr 1.50e-05 · 96.5 s/bước · VRAM 6.7 GiB\n"}
,{"stream_name":"stdout","time":10028.53560181,"data":"  2.78 h · train_ra · chạy · bước 80/250 · loss 0.4530 · |g| inf · lr 1.61e-05 · 108.0 s/bước · VRAM 7.3 GiB\n"}
,{"stream_name":"stdout","time":10028.536877436,"data":"  2.78 h · train_cont · chạy · bước 90/250 · loss 0.5026 · |g| 1.004 · lr 1.50e-05 · 96.5 s/bước · VRAM 6.7 GiB\n"}
,{"stream_name":"stdout","time":10148.534832984,"data":"  2.82 h · train_ra · chạy · bước 85/250 · loss 0.3744 · |g| 1.336 · lr 1.56e-05 · 108.1 s/bước · VRAM 7.3 GiB\n"}
,{"stream_name":"stdout","time":10148.536051993,"data":"  2.82 h · train_cont · chạy · bước 90/250 · loss 0.5026 · |g| 1.004 · lr 1.50e-05 · 96.5 s/bước · VRAM 6.7 GiB\n"}
,{"stream_name":"stdout","time":10268.541427728,"data":"  2.85 h · train_ra · chạy · bước 85/250 · loss 0.3744 · |g| 1.336 · lr 1.56e-05 · 108.1 s/bước · VRAM 7.3 GiB\n"}
,{"stream_name":"stdout","time":10268.54274538,"data":"  2.85 h · train_cont · chạy · bước 95/250 · loss 0.4600 · |g| 0.927 · lr 1.44e-05 · 96.5 s/bước · VRAM 6.7 GiB\n"}
,{"stream_name":"stdout","time":10388.540241434,"data":"  2.88 h · train_ra · chạy · bước 85/250 · loss 0.3744 · |g| 1.336 · lr 1.56e-05 · 108.1 s/bước · VRAM 7.3 GiB\n"}
,{"stream_name":"stdout","time":10388.541135283,"data":"  2.88 h · train_cont · chạy · bước 95/250 · loss 0.4600 · |g| 0.927 · lr 1.44e-05 · 96.5 s/bước · VRAM 6.7 GiB\n"}
,{"stream_name":"stdout","time":10508.542283999,"data":"  2.92 h · train_ra · chạy · bước 85/250 · loss 0.3744 · |g| 1.336 · lr 1.56e-05 · 108.1 s/bước · VRAM 7.3 GiB\n"}
,{"stream_name":"stdout","time":10508.543103311,"data":"  2.92 h · train_cont · chạy · bước 95/250 · loss 0.4600 · |g| 0.927 · lr 1.44e-05 · 96.5 s/bước · VRAM 6.7 GiB\n"}
,{"stream_name":"stdout","time":10628.549334217,"data":"  2.95 h · train_ra · chạy · bước 85/250 · loss 0.3744 · |g| 1.336 · lr 1.56e-05 · 108.1 s/bước · VRAM 7.3 GiB\n"}
,{"stream_name":"stdout","time":10628.550091725,"data":"  2.95 h · train_cont · chạy · bước 95/250 · loss 0.4600 · |g| 0.927 · lr 1.44e-05 · 96.5 s/bước · VRAM 6.7 GiB\n"}
,{"stream_name":"stdout","time":10748.554154334,"data":"  2.98 h · train_ra · chạy · bước 90/250 · loss 0.5155 · |g| 1.392 · lr 1.50e-05 · 108.1 s/bước · VRAM 7.3 GiB\n"}
,{"stream_name":"stdout","time":10748.555635281,"data":"  2.98 h · train_cont · chạy · bước 100/250 · loss 0.5088 · |g| 1.043 · lr 1.38e-05 · 96.5 s/bước · VRAM 6.8 GiB\n"}
,{"stream_name":"stdout","time":10868.559275521,"data":"  3.02 h · train_ra · chạy · bước 90/250 · loss 0.5155 · |g| 1.392 · lr 1.50e-05 · 108.1 s/bước · VRAM 7.3 GiB\n"}
,{"stream_name":"stdout","time":10868.560760638,"data":"  3.02 h · train_cont · chạy · bước 100/250 · loss 0.5088 · |g| 1.043 · lr 1.38e-05 · 96.5 s/bước · VRAM 6.8 GiB\n"}
,{"stream_name":"stdout","time":10988.560947378,"data":"  3.05 h · train_ra · chạy · bước 90/250 · loss 0.5155 · |g| 1.392 · lr 1.50e-05 · 108.1 s/bước · VRAM 7.3 GiB\n"}
,{"stream_name":"stdout","time":10988.562187862,"data":"  3.05 h · train_cont · chạy · bước 100/250 · loss 0.5088 · |g| 1.043 · lr 1.38e-05 · 96.5 s/bước · VRAM 6.8 GiB\n"}
,{"stream_name":"stdout","time":11108.56590054,"data":"  3.08 h · train_ra · chạy · bước 90/250 · loss 0.5155 · |g| 1.392 · lr 1.50e-05 · 108.1 s/bước · VRAM 7.3 GiB\n"}
,{"stream_name":"stdout","time":11108.56735859,"data":"  3.08 h · train_cont · chạy · bước 100/250 · loss 0.5088 · |g| 1.043 · lr 1.38e-05 · 96.5 s/bước · VRAM 6.8 GiB\n"}
,{"stream_name":"stdout","time":11228.568962087,"data":"  3.12 h · train_ra · chạy · bước 95/250 · loss 0.4669 · |g| 1.198 · lr 1.44e-05 · 108.0 s/bước · VRAM 7.3 GiB\n"}
,{"stream_name":"stdout","time":11228.570015674,"data":"  3.12 h · train_cont · chạy · bước 105/250 · loss 0.5269 · |g| 1.085 · lr 1.32e-05 · 96.5 s/bước · VRAM 6.8 GiB\n"}
,{"stream_name":"stdout","time":11348.568332813,"data":"  3.15 h · train_ra · chạy · bước 95/250 · loss 0.4669 · |g| 1.198 · lr 1.44e-05 · 108.0 s/bước · VRAM 7.3 GiB\n"}
,{"stream_name":"stdout","time":11348.568688117,"data":"  3.15 h · train_cont · chạy · bước 105/250 · loss 0.5269 · |g| 1.085 · lr 1.32e-05 · 96.5 s/bước · VRAM 6.8 GiB\n"}
,{"stream_name":"stdout","time":11468.576334968,"data":"  3.18 h · train_ra · chạy · bước 95/250 · loss 0.4669 · |g| 1.198 · lr 1.44e-05 · 108.0 s/bước · VRAM 7.3 GiB\n"}
,{"stream_name":"stdout","time":11468.577404108,"data":"  3.18 h · train_cont · chạy · bước 105/250 · loss 0.5269 · |g| 1.085 · lr 1.32e-05 · 96.5 s/bước · VRAM 6.8 GiB\n"}
,{"stream_name":"stdout","time":11588.576339394,"data":"  3.22 h · train_ra · chạy · bước 95/250 · loss 0.4669 · |g| 1.198 · lr 1.44e-05 · 108.0 s/bước · VRAM 7.3 GiB\n"}
,{"stream_name":"stdout","time":11588.576709659,"data":"  3.22 h · train_cont · chạy · bước 105/250 · loss 0.5269 · |g| 1.085 · lr 1.32e-05 · 96.5 s/bước · VRAM 6.8 GiB\n"}
,{"stream_name":"stdout","time":11708.5842361,"data":"  3.25 h · train_ra · chạy · bước 95/250 · loss 0.4669 · |g| 1.198 · lr 1.44e-05 · 108.0 s/bước · VRAM 7.3 GiB\n"}
,{"stream_name":"stdout","time":11708.584763967,"data":"  3.25 h · train_cont · chạy · bước 110/250 · loss 0.4237 · |g| 1.165 · lr 1.26e-05 · 96.5 s/bước · VRAM 6.8 GiB\n"}
,{"stream_name":"stdout","time":11828.583553911,"data":"  3.28 h · train_ra · chạy · bước 100/250 · loss 0.4916 · |g| 1.258 · lr 1.38e-05 · 107.9 s/bước · VRAM 7.3 GiB\n"}
,{"stream_name":"stdout","time":11828.584770456,"data":"  3.28 h · train_cont · chạy · bước 110/250 · loss 0.4237 · |g| 1.165 · lr 1.26e-05 · 96.5 s/bước · VRAM 6.8 GiB\n"}
,{"stream_name":"stdout","time":11948.59133366,"data":"  3.32 h · train_ra · chạy · bước 100/250 · loss 0.4916 · |g| 1.258 · lr 1.38e-05 · 107.9 s/bước · VRAM 7.3 GiB\n"}
,{"stream_name":"stdout","time":11948.592792901,"data":"  3.32 h · train_cont · chạy · bước 110/250 · loss 0.4237 · |g| 1.165 · lr 1.26e-05 · 96.5 s/bước · VRAM 6.8 GiB\n"}
,{"stream_name":"stdout","time":12068.590288977,"data":"  3.35 h · train_ra · chạy · bước 100/250 · loss 0.4916 · |g| 1.258 · lr 1.38e-05 · 107.9 s/bước · VRAM 7.3 GiB\n"}
,{"stream_name":"stdout","time":12068.591087452,"data":"  3.35 h · train_cont · chạy · bước 110/250 · loss 0.4237 · |g| 1.165 · lr 1.26e-05 · 96.5 s/bước · VRAM 6.8 GiB\n"}
,{"stream_name":"stdout","time":12188.592356139,"data":"  3.38 h · train_ra · chạy · bước 100/250 · loss 0.4916 · |g| 1.258 · lr 1.38e-05 · 107.9 s/bước · VRAM 7.3 GiB\n"}
,{"stream_name":"stdout","time":12188.593317336,"data":"  3.38 h · train_cont · chạy · bước 115/250 · loss 0.3984 · |g| 0.848 · lr 1.20e-05 · 96.5 s/bước · VRAM 6.8 GiB\n"}
,{"stream_name":"stdout","time":12308.596335137,"data":"  3.42 h · train_ra · chạy · bước 105/250 · loss 0.5407 · |g| 1.488 · lr 1.32e-05 · 107.9 s/bước · VRAM 7.3 GiB\n"}
,{"stream_name":"stdout","time":12308.597125728,"data":"  3.42 h · train_cont · chạy · bước 115/250 · loss 0.3984 · |g| 0.848 · lr 1.20e-05 · 96.5 s/bước · VRAM 6.8 GiB\n"}
,{"stream_name":"stdout","time":12428.602369174,"data":"  3.45 h · train_ra · chạy · bước 105/250 · loss 0.5407 · |g| 1.488 · lr 1.32e-05 · 107.9 s/bước · VRAM 7.3 GiB\n"}
,{"stream_name":"stdout","time":12428.603748682,"data":"  3.45 h · train_cont · chạy · bước 115/250 · loss 0.3984 · |g| 0.848 · lr 1.20e-05 · 96.5 s/bước · VRAM 6.8 GiB\n"}
,{"stream_name":"stdout","time":12548.605269574,"data":"  3.48 h · train_ra · chạy · bước 105/250 · loss 0.5407 · |g| 1.488 · lr 1.32e-05 · 107.9 s/bước · VRAM 7.3 GiB\n"}
,{"stream_name":"stdout","time":12548.606160938,"data":"  3.48 h · train_cont · chạy · bước 115/250 · loss 0.3984 · |g| 0.848 · lr 1.20e-05 · 96.5 s/bước · VRAM 6.8 GiB\n"}
,{"stream_name":"stdout","time":12668.606406941,"data":"  3.52 h · train_ra · chạy · bước 105/250 · loss 0.5407 · |g| 1.488 · lr 1.32e-05 · 107.9 s/bước · VRAM 7.3 GiB\n"}
,{"stream_name":"stdout","time":12668.607768371,"data":"  3.52 h · train_cont · chạy · bước 120/250 · loss 0.4854 · |g| 0.865 · lr 1.13e-05 · 96.5 s/bước · VRAM 6.8 GiB\n"}
,{"stream_name":"stdout","time":12788.604791663,"data":"  3.55 h · train_ra · chạy · bước 105/250 · loss 0.5407 · |g| 1.488 · lr 1.32e-05 · 107.9 s/bước · VRAM 7.3 GiB\n"}
,{"stream_name":"stdout","time":12788.605843389,"data":"  3.55 h · train_cont · chạy · bước 120/250 · loss 0.4854 · |g| 0.865 · lr 1.13e-05 · 96.5 s/bước · VRAM 6.8 GiB\n"}
,{"stream_name":"stdout","time":12908.612306103,"data":"  3.58 h · train_ra · chạy · bước 110/250 · loss 0.4187 · |g| 1.411 · lr 1.26e-05 · 107.9 s/bước · VRAM 7.3 GiB\n"}
,{"stream_name":"stdout","time":12908.61253242,"data":"  3.58 h · train_cont · chạy · bước 120/250 · loss 0.4854 · |g| 0.865 · lr 1.13e-05 · 96.5 s/bước · VRAM 6.8 GiB\n"}
,{"stream_name":"stdout","time":13028.609220079,"data":"  3.62 h · train_ra · chạy · bước 110/250 · loss 0.4187 · |g| 1.411 · lr 1.26e-05 · 107.9 s/bước · VRAM 7.3 GiB\n"}
,{"stream_name":"stdout","time":13028.610462323,"data":"  3.62 h · train_cont · chạy · bước 120/250 · loss 0.4854 · |g| 0.865 · lr 1.13e-05 · 96.5 s/bước · VRAM 6.8 GiB\n"}
,{"stream_name":"stdout","time":13148.614805868,"data":"  3.65 h · train_ra · chạy · bước 110/250 · loss 0.4187 · |g| 1.411 · lr 1.26e-05 · 107.9 s/bước · VRAM 7.3 GiB\n"}
,{"stream_name":"stdout","time":13148.615982998,"data":"  3.65 h · train_cont · chạy · bước 125/250 · loss 0.4641 · |g| 0.825 · lr 1.07e-05 · 96.5 s/bước · VRAM 6.8 GiB\n"}
,{"stream_name":"stdout","time":13268.617275802,"data":"  3.68 h · train_ra · chạy · bước 110/250 · loss 0.4187 · |g| 1.411 · lr 1.26e-05 · 107.9 s/bước · VRAM 7.3 GiB\n"}
,{"stream_name":"stdout","time":13268.617760834,"data":"  3.68 h · train_cont · chạy · bước 125/250 · loss 0.4641 · |g| 0.825 · lr 1.07e-05 · 96.5 s/bước · VRAM 6.8 GiB\n"}
,{"stream_name":"stdout","time":13388.619314938,"data":"  3.72 h · train_ra · chạy · bước 115/250 · loss 0.4105 · |g| 1.012 · lr 1.20e-05 · 107.9 s/bước · VRAM 7.3 GiB\n"}
,{"stream_name":"stdout","time":13388.62018329,"data":"  3.72 h · train_cont · chạy · bước 125/250 · loss 0.4641 · |g| 0.825 · lr 1.07e-05 · 96.5 s/bước · VRAM 6.8 GiB\n"}
,{"stream_name":"stdout","time":13508.628465536,"data":"  3.75 h · train_ra · chạy · bước 115/250 · loss 0.4105 · |g| 1.012 · lr 1.20e-05 · 107.9 s/bước · VRAM 7.3 GiB\n"}
,{"stream_name":"stdout","time":13508.629804257,"data":"  3.75 h · train_cont · chạy · bước 125/250 · loss 0.4641 · |g| 0.825 · lr 1.07e-05 · 96.5 s/bước · VRAM 6.8 GiB\n"}
,{"stream_name":"stdout","time":13628.624525732,"data":"  3.78 h · train_ra · chạy · bước 115/250 · loss 0.4105 · |g| 1.012 · lr 1.20e-05 · 107.9 s/bước · VRAM 7.3 GiB\n"}
,{"stream_name":"stdout","time":13628.625523077,"data":"  3.78 h · train_cont · chạy · bước 130/250 · loss 0.4299 · |g| 0.860 · lr 1.00e-05 · 96.5 s/bước · VRAM 6.8 GiB\n"}
,{"stream_name":"stdout","time":13748.626670597,"data":"  3.82 h · train_ra · chạy · bước 115/250 · loss 0.4105 · |g| 1.012 · lr 1.20e-05 · 107.9 s/bước · VRAM 7.3 GiB\n"}
,{"stream_name":"stdout","time":13748.627626048,"data":"  3.82 h · train_cont · chạy · bước 130/250 · loss 0.4299 · |g| 0.860 · lr 1.00e-05 · 96.5 s/bước · VRAM 6.8 GiB\n"}
,{"stream_name":"stdout","time":13868.630380021,"data":"  3.85 h · train_ra · chạy · bước 115/250 · loss 0.4105 · |g| 1.012 · lr 1.20e-05 · 107.9 s/bước · VRAM 7.3 GiB\n"}
,{"stream_name":"stdout","time":13868.631328799,"data":"  3.85 h · train_cont · chạy · bước 130/250 · loss 0.4299 · |g| 0.860 · lr 1.00e-05 · 96.5 s/bước · VRAM 6.8 GiB\n"}
,{"stream_name":"stdout","time":13988.633316364,"data":"  3.88 h · train_ra · chạy · bước 120/250 · loss 0.4865 · |g| 1.041 · lr 1.13e-05 · 107.9 s/bước · VRAM 7.3 GiB\n"}
,{"stream_name":"stdout","time":13988.634326861,"data":"  3.88 h · train_cont · chạy · bước 130/250 · loss 0.4299 · |g| 0.860 · lr 1.00e-05 · 96.5 s/bước · VRAM 6.8 GiB\n"}
,{"stream_name":"stdout","time":14108.63819307,"data":"  3.92 h · train_ra · chạy · bước 120/250 · loss 0.4865 · |g| 1.041 · lr 1.13e-05 · 107.9 s/bước · VRAM 7.3 GiB\n"}
,{"stream_name":"stdout","time":14108.6382402,"data":"  3.92 h · train_cont · chạy · bước 135/250 · loss 0.4081 · |g| 0.746 · lr 9.35e-06 · 96.5 s/bước · VRAM 6.8 GiB\n"}
,{"stream_name":"stdout","time":14228.647262715,"data":"  3.95 h · train_ra · chạy · bước 120/250 · loss 0.4865 · |g| 1.041 · lr 1.13e-05 · 107.9 s/bước · VRAM 7.3 GiB\n"}
,{"stream_name":"stdout","time":14228.648019577,"data":"  3.95 h · train_cont · chạy · bước 135/250 · loss 0.4081 · |g| 0.746 · lr 9.35e-06 · 96.5 s/bước · VRAM 6.8 GiB\n"}
,{"stream_name":"stdout","time":14348.643313092,"data":"  3.98 h · train_ra · chạy · bước 120/250 · loss 0.4865 · |g| 1.041 · lr 1.13e-05 · 107.9 s/bước · VRAM 7.3 GiB\n"}
,{"stream_name":"stdout","time":14348.643922378,"data":"  3.98 h · train_cont · chạy · bước 135/250 · loss 0.4081 · |g| 0.746 · lr 9.35e-06 · 96.5 s/bước · VRAM 6.8 GiB\n"}
,{"stream_name":"stdout","time":14468.648309749,"data":"  4.02 h · train_ra · chạy · bước 125/250 · loss 0.4503 · |g| 1.049 · lr 1.07e-05 · 107.9 s/bước · VRAM 7.3 GiB\n"}
,{"stream_name":"stdout","time":14468.648806658,"data":"  4.02 h · train_cont · chạy · bước 135/250 · loss 0.4081 · |g| 0.746 · lr 9.35e-06 · 96.5 s/bước · VRAM 6.8 GiB\n"}
,{"stream_name":"stdout","time":14588.656307979,"data":"  4.05 h · train_ra · chạy · bước 125/250 · loss 0.4503 · |g| 1.049 · lr 1.07e-05 · 107.9 s/bước · VRAM 7.3 GiB\n"}
,{"stream_name":"stdout","time":14588.656708173,"data":"  4.05 h · train_cont · chạy · bước 140/250 · loss 0.5612 · |g| 0.950 · lr 8.69e-06 · 96.5 s/bước · VRAM 6.8 GiB\n"}
,{"stream_name":"stdout","time":14708.654666897,"data":"  4.08 h · train_ra · chạy · bước 125/250 · loss 0.4503 · |g| 1.049 · lr 1.07e-05 · 107.9 s/bước · VRAM 7.3 GiB\n"}
,{"stream_name":"stdout","time":14708.655852009,"data":"  4.08 h · train_cont · chạy · bước 140/250 · loss 0.5612 · |g| 0.950 · lr 8.69e-06 · 96.5 s/bước · VRAM 6.8 GiB\n"}
,{"stream_name":"stdout","time":14828.651135935,"data":"  4.12 h · train_ra · chạy · bước 125/250 · loss 0.4503 · |g| 1.049 · lr 1.07e-05 · 107.9 s/bước · VRAM 7.3 GiB\n"}
,{"stream_name":"stdout","time":14828.652148261,"data":"  4.12 h · train_cont · chạy · bước 140/250 · loss 0.5612 · |g| 0.950 · lr 8.69e-06 · 96.5 s/bước · VRAM 6.8 GiB\n"}
,{"stream_name":"stdout","time":14948.66046207,"data":"  4.15 h · train_ra · chạy · bước 125/250 · loss 0.4503 · |g| 1.049 · lr 1.07e-05 · 107.9 s/bước · VRAM 7.3 GiB\n"}
,{"stream_name":"stdout","time":14948.661901636,"data":"  4.15 h · train_cont · chạy · bước 140/250 · loss 0.5612 · |g| 0.950 · lr 8.69e-06 · 96.5 s/bước · VRAM 6.8 GiB\n"}
,{"stream_name":"stdout","time":15068.668170267,"data":"  4.18 h · train_ra · chạy · bước 130/250 · loss 0.4171 · |g| 1.050 · lr 1.00e-05 · 107.9 s/bước · VRAM 7.3 GiB\n"}
,{"stream_name":"stdout","time":15068.669600021,"data":"  4.18 h · train_cont · chạy · bước 145/250 · loss 0.4344 · |g| 1.210 · lr 8.05e-06 · 96.5 s/bước · VRAM 6.8 GiB\n"}
,{"stream_name":"stdout","time":15188.666229146,"data":"  4.22 h · train_ra · chạy · bước 130/250 · loss 0.4171 · |g| 1.050 · lr 1.00e-05 · 107.9 s/bước · VRAM 7.3 GiB\n"}
,{"stream_name":"stdout","time":15188.667351911,"data":"  4.22 h · train_cont · chạy · bước 145/250 · loss 0.4344 · |g| 1.210 · lr 8.05e-06 · 96.5 s/bước · VRAM 6.8 GiB\n"}
,{"stream_name":"stdout","time":15308.667280351,"data":"  4.25 h · train_ra · chạy · bước 130/250 · loss 0.4171 · |g| 1.050 · lr 1.00e-05 · 107.9 s/bước · VRAM 7.3 GiB\n"}
,{"stream_name":"stdout","time":15308.668350251,"data":"  4.25 h · train_cont · chạy · bước 145/250 · loss 0.4344 · |g| 1.210 · lr 8.05e-06 · 96.5 s/bước · VRAM 6.8 GiB\n"}
,{"stream_name":"stdout","time":15428.669835065,"data":"  4.28 h · train_ra · chạy · bước 130/250 · loss 0.4171 · |g| 1.050 · lr 1.00e-05 · 107.9 s/bước · VRAM 7.3 GiB\n"}
,{"stream_name":"stdout","time":15428.671266532,"data":"  4.28 h · train_cont · chạy · bước 145/250 · loss 0.4344 · |g| 1.210 · lr 8.05e-06 · 96.5 s/bước · VRAM 6.8 GiB\n"}
,{"stream_name":"stdout","time":15548.675024216,"data":"  4.32 h · train_ra · chạy · bước 135/250 · loss 0.3999 · |g| 1.005 · lr 9.35e-06 · 107.9 s/bước · VRAM 7.3 GiB\n"}
,{"stream_name":"stdout","time":15548.675063246,"data":"  4.32 h · train_cont · chạy · bước 150/250 · loss 0.4870 · |g| 1.115 · lr 7.41e-06 · 96.5 s/bước · VRAM 6.8 GiB\n"}
,{"stream_name":"stdout","time":15668.680583132,"data":"  4.35 h · train_ra · chạy · bước 135/250 · loss 0.3999 · |g| 1.005 · lr 9.35e-06 · 107.9 s/bước · VRAM 7.3 GiB\n"}
,{"stream_name":"stdout","time":15668.681922521,"data":"  4.35 h · train_cont · chạy · bước 150/250 · loss 0.4870 · |g| 1.115 · lr 7.41e-06 · 96.5 s/bước · VRAM 6.8 GiB\n"}
,{"stream_name":"stdout","time":15788.678258677,"data":"  4.38 h · train_ra · chạy · bước 135/250 · loss 0.3999 · |g| 1.005 · lr 9.35e-06 · 107.9 s/bước · VRAM 7.3 GiB\n"}
,{"stream_name":"stdout","time":15788.678897412,"data":"  4.38 h · train_cont · chạy · bước 150/250 · loss 0.4870 · |g| 1.115 · lr 7.41e-06 · 96.5 s/bước · VRAM 6.8 GiB\n"}
,{"stream_name":"stdout","time":15908.680264123,"data":"  4.42 h · train_ra · chạy · bước 135/250 · loss 0.3999 · |g| 1.005 · lr 9.35e-06 · 107.9 s/bước · VRAM 7.3 GiB\n"}
,{"stream_name":"stdout","time":15908.681565934,"data":"  4.42 h · train_cont · chạy · bước 150/250 · loss 0.4870 · |g| 1.115 · lr 7.41e-06 · 96.5 s/bước · VRAM 6.8 GiB\n"}
,{"stream_name":"stdout","time":16028.681481852,"data":"  4.45 h · train_ra · chạy · bước 135/250 · loss 0.3999 · |g| 1.005 · lr 9.35e-06 · 107.9 s/bước · VRAM 7.3 GiB\n"}
,{"stream_name":"stdout","time":16028.682493297,"data":"  4.45 h · train_cont · chạy · bước 155/250 · loss 0.4840 · |g| 1.050 · lr 6.79e-06 · 96.5 s/bước · VRAM 6.8 GiB\n"}
,{"stream_name":"stdout","time":16148.686443158,"data":"  4.48 h · train_ra · chạy · bước 140/250 · loss 0.5827 · |g| 1.326 · lr 8.69e-06 · 107.9 s/bước · VRAM 7.3 GiB\n"}
,{"stream_name":"stdout","time":16148.687448641,"data":"  4.48 h · train_cont · chạy · bước 155/250 · loss 0.4840 · |g| 1.050 · lr 6.79e-06 · 96.5 s/bước · VRAM 6.8 GiB\n"}
,{"stream_name":"stdout","time":16268.688237227,"data":"  4.52 h · train_ra · chạy · bước 140/250 · loss 0.5827 · |g| 1.326 · lr 8.69e-06 · 107.9 s/bước · VRAM 7.3 GiB\n"}
,{"stream_name":"stdout","time":16268.689213509,"data":"  4.52 h · train_cont · chạy · bước 155/250 · loss 0.4840 · |g| 1.050 · lr 6.79e-06 · 96.5 s/bước · VRAM 6.8 GiB\n"}
,{"stream_name":"stdout","time":16388.690302075,"data":"  4.55 h · train_ra · chạy · bước 140/250 · loss 0.5827 · |g| 1.326 · lr 8.69e-06 · 107.9 s/bước · VRAM 7.3 GiB\n"}
,{"stream_name":"stdout","time":16388.690651724,"data":"  4.55 h · train_cont · chạy · bước 155/250 · loss 0.4840 · |g| 1.050 · lr 6.79e-06 · 96.5 s/bước · VRAM 6.8 GiB\n"}
,{"stream_name":"stdout","time":16508.691485026,"data":"  4.58 h · train_ra · chạy · bước 140/250 · loss 0.5827 · |g| 1.326 · lr 8.69e-06 · 107.9 s/bước · VRAM 7.3 GiB\n"}
,{"stream_name":"stdout","time":16508.692675987,"data":"  4.58 h · train_cont · chạy · bước 160/250 · loss 0.4378 · |g| 0.649 · lr 6.17e-06 · 96.5 s/bước · VRAM 6.8 GiB\n"}
,{"stream_name":"stdout","time":16628.698329348,"data":"  4.62 h · train_ra · chạy · bước 145/250 · loss 0.4240 · |g| 1.283 · lr 8.05e-06 · 107.8 s/bước · VRAM 7.3 GiB\n"}
,{"stream_name":"stdout","time":16628.699071521,"data":"  4.62 h · train_cont · chạy · bước 160/250 · loss 0.4378 · |g| 0.649 · lr 6.17e-06 · 96.5 s/bước · VRAM 6.8 GiB\n"}
,{"stream_name":"stdout","time":16748.703575644,"data":"  4.65 h · train_ra · chạy · bước 145/250 · loss 0.4240 · |g| 1.283 · lr 8.05e-06 · 107.8 s/bước · VRAM 7.3 GiB\n"}
,{"stream_name":"stdout","time":16748.704575986,"data":"  4.65 h · train_cont · chạy · bước 160/250 · loss 0.4378 · |g| 0.649 · lr 6.17e-06 · 96.5 s/bước · VRAM 6.8 GiB\n"}
,{"stream_name":"stdout","time":16868.701183712,"data":"  4.68 h · train_ra · chạy · bước 145/250 · loss 0.4240 · |g| 1.283 · lr 8.05e-06 · 107.8 s/bước · VRAM 7.3 GiB\n"}
,{"stream_name":"stdout","time":16868.702409086,"data":"  4.68 h · train_cont · chạy · bước 160/250 · loss 0.4378 · |g| 0.649 · lr 6.17e-06 · 96.5 s/bước · VRAM 6.8 GiB\n"}
,{"stream_name":"stdout","time":16988.718311563,"data":"  4.72 h · train_ra · chạy · bước 145/250 · loss 0.4240 · |g| 1.283 · lr 8.05e-06 · 107.8 s/bước · VRAM 7.3 GiB\n"}
,{"stream_name":"stdout","time":16988.718359363,"data":"  4.72 h · train_cont · chạy · bước 165/250 · loss 0.4935 · |g| 1.060 · lr 5.58e-06 · 96.5 s/bước · VRAM 6.8 GiB\n"}
,{"stream_name":"stdout","time":17108.716284068,"data":"  4.75 h · train_ra · chạy · bước 145/250 · loss 0.4240 · |g| 1.283 · lr 8.05e-06 · 107.8 s/bước · VRAM 7.3 GiB\n"}
,{"stream_name":"stdout","time":17108.717505496,"data":"  4.75 h · train_cont · chạy · bước 165/250 · loss 0.4935 · |g| 1.060 · lr 5.58e-06 · 96.5 s/bước · VRAM 6.8 GiB\n"}
,{"stream_name":"stdout","time":17228.70641391,"data":"  4.78 h · train_ra · chạy · bước 150/250 · loss 0.4870 · |g| 1.389 · lr 7.41e-06 · 107.8 s/bước · VRAM 7.3 GiB\n"}
,{"stream_name":"stdout","time":17228.707390055,"data":"  4.78 h · train_cont · chạy · bước 165/250 · loss 0.4935 · |g| 1.060 · lr 5.58e-06 · 96.5 s/bước · VRAM 6.8 GiB\n"}
,{"stream_name":"stdout","time":17348.717302407,"data":"  4.82 h · train_ra · chạy · bước 150/250 · loss 0.4870 · |g| 1.389 · lr 7.41e-06 · 107.8 s/bước · VRAM 7.3 GiB\n"}
,{"stream_name":"stdout","time":17348.717790627,"data":"  4.82 h · train_cont · chạy · bước 165/250 · loss 0.4935 · |g| 1.060 · lr 5.58e-06 · 96.5 s/bước · VRAM 6.8 GiB\n"}
,{"stream_name":"stdout","time":17468.719967896,"data":"  4.85 h · train_ra · chạy · bước 150/250 · loss 0.4870 · |g| 1.389 · lr 7.41e-06 · 107.8 s/bước · VRAM 7.3 GiB\n"}
,{"stream_name":"stdout","time":17468.721076487,"data":"  4.85 h · train_cont · chạy · bước 170/250 · loss 0.5049 · |g| 0.771 · lr 5.00e-06 · 96.5 s/bước · VRAM 6.8 GiB\n"}
,{"stream_name":"stdout","time":17588.722788143,"data":"  4.88 h · train_ra · chạy · bước 150/250 · loss 0.4870 · |g| 1.389 · lr 7.41e-06 · 107.8 s/bước · VRAM 7.3 GiB\n"}
,{"stream_name":"stdout","time":17588.723833354,"data":"  4.88 h · train_cont · chạy · bước 170/250 · loss 0.5049 · |g| 0.771 · lr 5.00e-06 · 96.5 s/bước · VRAM 6.8 GiB\n"}
,{"stream_name":"stdout","time":17708.732712595,"data":"  4.92 h · train_ra · chạy · bước 155/250 · loss 0.4583 · |g| 1.275 · lr 6.79e-06 · 107.8 s/bước · VRAM 7.3 GiB\n"}
,{"stream_name":"stdout","time":17708.732752137,"data":"  4.92 h · train_cont · chạy · bước 170/250 · loss 0.5049 · |g| 0.771 · lr 5.00e-06 · 96.5 s/bước · VRAM 6.8 GiB\n"}
,{"stream_name":"stdout","time":17828.731087283,"data":"  4.95 h · train_ra · chạy · bước 155/250 · loss 0.4583 · |g| 1.275 · lr 6.79e-06 · 107.8 s/bước · VRAM 7.3 GiB\n"}
,{"stream_name":"stdout","time":17828.732332587,"data":"  4.95 h · train_cont · chạy · bước 170/250 · loss 0.5049 · |g| 0.771 · lr 5.00e-06 · 96.5 s/bước · VRAM 6.8 GiB\n"}
,{"stream_name":"stdout","time":17948.733461146,"data":"  4.98 h · train_ra · chạy · bước 155/250 · loss 0.4583 · |g| 1.275 · lr 6.79e-06 · 107.8 s/bước · VRAM 7.3 GiB\n"}
,{"stream_name":"stdout","time":17948.733496468,"data":"  4.98 h · train_cont · chạy · bước 175/250 · loss 0.4634 · |g| 0.917 · lr 4.44e-06 · 96.5 s/bước · VRAM 6.8 GiB\n"}
,{"stream_name":"stdout","time":18068.736334253,"data":"  5.02 h · train_ra · chạy · bước 155/250 · loss 0.4583 · |g| 1.275 · lr 6.79e-06 · 107.8 s/bước · VRAM 7.3 GiB\n"}
,{"stream_name":"stdout","time":18068.736862857,"data":"  5.02 h · train_cont · chạy · bước 175/250 · loss 0.4634 · |g| 0.917 · lr 4.44e-06 · 96.5 s/bước · VRAM 6.8 GiB\n"}
,{"stream_name":"stdout","time":18188.734893815,"data":"  5.05 h · train_ra · chạy · bước 155/250 · loss 0.4583 · |g| 1.275 · lr 6.79e-06 · 107.8 s/bước · VRAM 7.3 GiB\n"}
,{"stream_name":"stdout","time":18188.735772702,"data":"  5.05 h · train_cont · chạy · bước 175/250 · loss 0.4634 · |g| 0.917 · lr 4.44e-06 · 96.5 s/bước · VRAM 6.8 GiB\n"}
,{"stream_name":"stdout","time":18308.748276803,"data":"  5.08 h · train_ra · chạy · bước 160/250 · loss 0.4415 · |g| 0.745 · lr 6.17e-06 · 107.8 s/bước · VRAM 7.3 GiB\n"}
,{"stream_name":"stdout","time":18308.748468293,"data":"  5.08 h · train_cont · chạy · bước 175/250 · loss 0.4634 · |g| 0.917 · lr 4.44e-06 · 96.5 s/bước · VRAM 6.8 GiB\n"}
,{"stream_name":"stdout","time":18428.756167391,"data":"  5.12 h · train_ra · chạy · bước 160/250 · loss 0.4415 · |g| 0.745 · lr 6.17e-06 · 107.8 s/bước · VRAM 7.3 GiB\n"}
,{"stream_name":"stdout","time":18428.75779544,"data":"  5.12 h · train_cont · chạy · bước 180/250 · loss 0.4905 · |g| 0.629 · lr 3.91e-06 · 96.5 s/bước · VRAM 6.8 GiB\n"}
,{"stream_name":"stdout","time":18548.757141215,"data":"  5.15 h · train_ra · chạy · bước 160/250 · loss 0.4415 · |g| 0.745 · lr 6.17e-06 · 107.8 s/bước · VRAM 7.3 GiB\n"}
,{"stream_name":"stdout","time":18548.758273903,"data":"  5.15 h · train_cont · chạy · bước 180/250 · loss 0.4905 · |g| 0.629 · lr 3.91e-06 · 96.5 s/bước · VRAM 6.8 GiB\n"}
,{"stream_name":"stdout","time":18668.762268579,"data":"  5.18 h · train_ra · chạy · bước 160/250 · loss 0.4415 · |g| 0.745 · lr 6.17e-06 · 107.8 s/bước · VRAM 7.3 GiB\n"}
,{"stream_name":"stdout","time":18668.763785597,"data":"  5.18 h · train_cont · chạy · bước 180/250 · loss 0.4905 · |g| 0.629 · lr 3.91e-06 · 96.5 s/bước · VRAM 6.8 GiB\n"}
,{"stream_name":"stdout","time":18788.759322585,"data":"  5.22 h · train_ra · chạy · bước 165/250 · loss 0.4732 · |g| 1.597 · lr 5.58e-06 · 107.8 s/bước · VRAM 7.3 GiB\n"}
,{"stream_name":"stdout","time":18788.760369343,"data":"  5.22 h · train_cont · chạy · bước 180/250 · loss 0.4905 · |g| 0.629 · lr 3.91e-06 · 96.5 s/bước · VRAM 6.8 GiB\n"}
,{"stream_name":"stdout","time":18908.769683138,"data":"  5.25 h · train_ra · chạy · bước 165/250 · loss 0.4732 · |g| 1.597 · lr 5.58e-06 · 107.8 s/bước · VRAM 7.3 GiB\n"}
,{"stream_name":"stdout","time":18908.771163663,"data":"  5.25 h · train_cont · chạy · bước 185/250 · loss 0.3903 · |g| 1.027 · lr 3.41e-06 · 96.5 s/bước · VRAM 6.8 GiB\n"}
,{"stream_name":"stdout","time":19028.766778184,"data":"  5.28 h · train_ra · chạy · bước 165/250 · loss 0.4732 · |g| 1.597 · lr 5.58e-06 · 107.8 s/bước · VRAM 7.3 GiB\n"}
,{"stream_name":"stdout","time":19028.767920168,"data":"  5.28 h · train_cont · chạy · bước 185/250 · loss 0.3903 · |g| 1.027 · lr 3.41e-06 · 96.5 s/bước · VRAM 6.8 GiB\n"}
,{"stream_name":"stdout","time":19148.768862774,"data":"  5.32 h · train_ra · chạy · bước 165/250 · loss 0.4732 · |g| 1.597 · lr 5.58e-06 · 107.8 s/bước · VRAM 7.3 GiB\n"}
,{"stream_name":"stdout","time":19148.769990794,"data":"  5.32 h · train_cont · chạy · bước 185/250 · loss 0.3903 · |g| 1.027 · lr 3.41e-06 · 96.5 s/bước · VRAM 6.8 GiB\n"}
,{"stream_name":"stdout","time":19268.778315152,"data":"  5.35 h · train_ra · chạy · bước 165/250 · loss 0.4732 · |g| 1.597 · lr 5.58e-06 · 107.8 s/bước · VRAM 7.3 GiB\n"}
,{"stream_name":"stdout","time":19268.778917355,"data":"  5.35 h · train_cont · chạy · bước 185/250 · loss 0.3903 · |g| 1.027 · lr 3.41e-06 · 96.5 s/bước · VRAM 6.8 GiB\n"}
,{"stream_name":"stdout","time":19388.782267622,"data":"  5.38 h · train_ra · chạy · bước 170/250 · loss 0.5019 · |g| 0.877 · lr 5.00e-06 · 107.8 s/bước · VRAM 7.3 GiB\n"}
,{"stream_name":"stdout","time":19388.783065843,"data":"  5.38 h · train_cont · chạy · bước 190/250 · loss 0.5934 · |g| 0.714 · lr 2.93e-06 · 96.5 s/bước · VRAM 6.8 GiB\n"}
,{"stream_name":"stdout","time":19508.785602202,"data":"  5.42 h · train_ra · chạy · bước 170/250 · loss 0.5019 · |g| 0.877 · lr 5.00e-06 · 107.8 s/bước · VRAM 7.3 GiB\n"}
,{"stream_name":"stdout","time":19508.786623118,"data":"  5.42 h · train_cont · chạy · bước 190/250 · loss 0.5934 · |g| 0.714 · lr 2.93e-06 · 96.5 s/bước · VRAM 6.8 GiB\n"}
,{"stream_name":"stdout","time":19628.782097169,"data":"  5.45 h · train_ra · chạy · bước 170/250 · loss 0.5019 · |g| 0.877 · lr 5.00e-06 · 107.8 s/bước · VRAM 7.3 GiB\n"}
,{"stream_name":"stdout","time":19628.782997757,"data":"  5.45 h · train_cont · chạy · bước 190/250 · loss 0.5934 · |g| 0.714 · lr 2.93e-06 · 96.5 s/bước · VRAM 6.8 GiB\n"}
,{"stream_name":"stdout","time":19748.789315698,"data":"  5.48 h · train_ra · chạy · bước 170/250 · loss 0.5019 · |g| 0.877 · lr 5.00e-06 · 107.8 s/bước · VRAM 7.3 GiB\n"}
,{"stream_name":"stdout","time":19748.789759394,"data":"  5.48 h · train_cont · chạy · bước 190/250 · loss 0.5934 · |g| 0.714 · lr 2.93e-06 · 96.5 s/bước · VRAM 6.8 GiB\n"}
,{"stream_name":"stdout","time":19868.797196217,"data":"  5.52 h · train_ra · chạy · bước 175/250 · loss 0.4735 · |g| 1.061 · lr 4.44e-06 · 107.8 s/bước · VRAM 7.3 GiB\n"}
,{"stream_name":"stdout","time":19868.798915944,"data":"  5.52 h · train_cont · chạy · bước 195/250 · loss 0.4654 · |g| 0.720 · lr 2.48e-06 · 96.5 s/bước · VRAM 6.8 GiB\n"}
,{"stream_name":"stdout","time":19988.800244394,"data":"  5.55 h · train_ra · chạy · bước 175/250 · loss 0.4735 · |g| 1.061 · lr 4.44e-06 · 107.8 s/bước · VRAM 7.3 GiB\n"}
,{"stream_name":"stdout","time":19988.801449918,"data":"  5.55 h · train_cont · chạy · bước 195/250 · loss 0.4654 · |g| 0.720 · lr 2.48e-06 · 96.5 s/bước · VRAM 6.8 GiB\n"}
,{"stream_name":"stdout","time":20108.802586145,"data":"  5.58 h · train_ra · chạy · bước 175/250 · loss 0.4735 · |g| 1.061 · lr 4.44e-06 · 107.8 s/bước · VRAM 7.3 GiB\n"}
,{"stream_name":"stdout","time":20108.803844048,"data":"  5.58 h · train_cont · chạy · bước 195/250 · loss 0.4654 · |g| 0.720 · lr 2.48e-06 · 96.5 s/bước · VRAM 6.8 GiB\n"}
,{"stream_name":"stdout","time":20228.815309831,"data":"  5.62 h · train_ra · chạy · bước 175/250 · loss 0.4735 · |g| 1.061 · lr 4.44e-06 · 107.8 s/bước · VRAM 7.3 GiB\n"}
,{"stream_name":"stdout","time":20228.815880826,"data":"  5.62 h · train_cont · chạy · bước 195/250 · loss 0.4654 · |g| 0.720 · lr 2.48e-06 · 96.5 s/bước · VRAM 6.8 GiB\n"}
,{"stream_name":"stdout","time":20348.81681737,"data":"  5.65 h · train_ra · chạy · bước 175/250 · loss 0.4735 · |g| 1.061 · lr 4.44e-06 · 107.8 s/bước · VRAM 7.3 GiB\n"}
,{"stream_name":"stdout","time":20348.818148234,"data":"  5.65 h · train_cont · chạy · bước 195/250 · loss 0.4654 · |g| 0.720 · lr 2.48e-06 · 96.5 s/bước · VRAM 6.8 GiB\n"}
,{"stream_name":"stdout","time":20468.82215872,"data":"  5.68 h · train_ra · chạy · bước 180/250 · loss 0.5067 · |g| 0.877 · lr 3.91e-06 · 107.8 s/bước · VRAM 7.3 GiB\n"}
,{"stream_name":"stdout","time":20468.822201666,"data":"  5.68 h · train_cont · chạy · bước 200/250 · loss 0.5324 · |g| 0.931 · lr 2.07e-06 · 96.5 s/bước · VRAM 6.8 GiB\n"}
,{"stream_name":"stdout","time":20588.826270093,"data":"  5.72 h · train_ra · chạy · bước 180/250 · loss 0.5067 · |g| 0.877 · lr 3.91e-06 · 107.8 s/bước · VRAM 7.3 GiB\n"}
,{"stream_name":"stdout","time":20588.826312332,"data":"  5.72 h · train_cont · chạy · bước 200/250 · loss 0.5324 · |g| 0.931 · lr 2.07e-06 · 96.5 s/bước · VRAM 6.8 GiB\n"}
,{"stream_name":"stdout","time":20708.828907893,"data":"  5.75 h · train_ra · chạy · bước 180/250 · loss 0.5067 · |g| 0.877 · lr 3.91e-06 · 107.8 s/bước · VRAM 7.3 GiB\n"}
,{"stream_name":"stdout","time":20708.830292436,"data":"  5.75 h · train_cont · chạy · bước 200/250 · loss 0.5324 · |g| 0.931 · lr 2.07e-06 · 96.5 s/bước · VRAM 6.8 GiB\n"}
,{"stream_name":"stdout","time":20828.832298195,"data":"  5.78 h · train_ra · chạy · bước 180/250 · loss 0.5067 · |g| 0.877 · lr 3.91e-06 · 107.8 s/bước · VRAM 7.3 GiB\n"}
,{"stream_name":"stdout","time":20828.833713053,"data":"  5.78 h · train_cont · chạy · bước 200/250 · loss 0.5324 · |g| 0.931 · lr 2.07e-06 · 96.5 s/bước · VRAM 6.8 GiB\n"}
,{"stream_name":"stdout","time":20948.831237373,"data":"  5.82 h · train_ra · chạy · bước 185/250 · loss 0.3870 · |g| 1.236 · lr 3.41e-06 · 107.8 s/bước · VRAM 7.3 GiB\n"}
,{"stream_name":"stdout","time":20948.832629172,"data":"  5.82 h · train_cont · chạy · bước 205/250 · loss 0.4457 · |g| 0.885 · lr 1.69e-06 · 96.5 s/bước · VRAM 6.8 GiB\n"}
,{"stream_name":"stdout","time":21068.831846108,"data":"  5.85 h · train_ra · chạy · bước 185/250 · loss 0.3870 · |g| 1.236 · lr 3.41e-06 · 107.8 s/bước · VRAM 7.3 GiB\n"}
,{"stream_name":"stdout","time":21068.832480519,"data":"  5.85 h · train_cont · chạy · bước 205/250 · loss 0.4457 · |g| 0.885 · lr 1.69e-06 · 96.5 s/bước · VRAM 6.8 GiB\n"}
,{"stream_name":"stdout","time":21188.840495524,"data":"  5.88 h · train_ra · chạy · bước 185/250 · loss 0.3870 · |g| 1.236 · lr 3.41e-06 · 107.8 s/bước · VRAM 7.3 GiB\n"}
,{"stream_name":"stdout","time":21188.842246371,"data":"  5.88 h · train_cont · chạy · bước 205/250 · loss 0.4457 · |g| 0.885 · lr 1.69e-06 · 96.5 s/bước · VRAM 6.8 GiB\n"}
,{"stream_name":"stdout","time":21308.837453403,"data":"  5.92 h · train_ra · chạy · bước 185/250 · loss 0.3870 · |g| 1.236 · lr 3.41e-06 · 107.8 s/bước · VRAM 7.3 GiB\n"}
,{"stream_name":"stdout","time":21308.838452308,"data":"  5.92 h · train_cont · chạy · bước 205/250 · loss 0.4457 · |g| 0.885 · lr 1.69e-06 · 96.5 s/bước · VRAM 6.8 GiB\n"}
,{"stream_name":"stdout","time":21428.846297192,"data":"  5.95 h · train_ra · chạy · bước 185/250 · loss 0.3870 · |g| 1.236 · lr 3.41e-06 · 107.8 s/bước · VRAM 7.3 GiB\n"}
,{"stream_name":"stdout","time":21428.846659532,"data":"  5.95 h · train_cont · chạy · bước 210/250 · loss 0.5966 · |g| 1.033 · lr 1.34e-06 · 96.5 s/bước · VRAM 6.8 GiB\n"}
,{"stream_name":"stdout","time":21548.850314147,"data":"  5.98 h · train_ra · chạy · bước 190/250 · loss 0.5884 · |g| 1.120 · lr 2.93e-06 · 107.8 s/bước · VRAM 7.3 GiB\n"}
,{"stream_name":"stdout","time":21548.851089003,"data":"  5.98 h · train_cont · chạy · bước 210/250 · loss 0.5966 · |g| 1.033 · lr 1.34e-06 · 96.5 s/bước · VRAM 6.8 GiB\n"}
,{"stream_name":"stdout","time":21668.852270647,"data":"  6.02 h · train_ra · chạy · bước 190/250 · loss 0.5884 · |g| 1.120 · lr 2.93e-06 · 107.8 s/bước · VRAM 7.3 GiB\n"}
,{"stream_name":"stdout","time":21668.852923382,"data":"  6.02 h · train_cont · chạy · bước 210/250 · loss 0.5966 · |g| 1.033 · lr 1.34e-06 · 96.5 s/bước · VRAM 6.8 GiB\n"}
,{"stream_name":"stdout","time":21788.855220309,"data":"  6.05 h · train_ra · chạy · bước 190/250 · loss 0.5884 · |g| 1.120 · lr 2.93e-06 · 107.8 s/bước · VRAM 7.3 GiB\n"}
,{"stream_name":"stdout","time":21788.856643737,"data":"  6.05 h · train_cont · chạy · bước 210/250 · loss 0.5966 · |g| 1.033 · lr 1.34e-06 · 96.5 s/bước · VRAM 6.8 GiB\n"}
,{"stream_name":"stdout","time":21908.861276524,"data":"  6.08 h · train_ra · chạy · bước 190/250 · loss 0.5884 · |g| 1.120 · lr 2.93e-06 · 107.8 s/bước · VRAM 7.3 GiB\n"}
,{"stream_name":"stdout","time":21908.862668382,"data":"  6.08 h · train_cont · chạy · bước 215/250 · loss 0.5328 · |g| 1.197 · lr 1.03e-06 · 96.5 s/bước · VRAM 6.8 GiB\n"}
,{"stream_name":"stdout","time":22028.864769831,"data":"  6.12 h · train_ra · chạy · bước 195/250 · loss 0.4767 · |g| 0.906 · lr 2.48e-06 · 107.8 s/bước · VRAM 7.3 GiB\n"}
,{"stream_name":"stdout","time":22028.865998936,"data":"  6.12 h · train_cont · chạy · bước 215/250 · loss 0.5328 · |g| 1.197 · lr 1.03e-06 · 96.5 s/bước · VRAM 6.8 GiB\n"}
,{"stream_name":"stdout","time":22148.866049279,"data":"  6.15 h · train_ra · chạy · bước 195/250 · loss 0.4767 · |g| 0.906 · lr 2.48e-06 · 107.8 s/bước · VRAM 7.3 GiB\n"}
,{"stream_name":"stdout","time":22148.867208483,"data":"  6.15 h · train_cont · chạy · bước 215/250 · loss 0.5328 · |g| 1.197 · lr 1.03e-06 · 96.5 s/bước · VRAM 6.8 GiB\n"}
,{"stream_name":"stdout","time":22268.871999976,"data":"  6.18 h · train_ra · chạy · bước 195/250 · loss 0.4767 · |g| 0.906 · lr 2.48e-06 · 107.8 s/bước · VRAM 7.3 GiB\n"}
,{"stream_name":"stdout","time":22268.873418021,"data":"  6.18 h · train_cont · chạy · bước 215/250 · loss 0.5328 · |g| 1.197 · lr 1.03e-06 · 96.5 s/bước · VRAM 6.8 GiB\n"}
,{"stream_name":"stdout","time":22389.024782678,"data":"  6.22 h · train_ra · chạy · bước 195/250 · loss 0.4767 · |g| 0.906 · lr 2.48e-06 · 107.8 s/bước · VRAM 7.3 GiB\n"}
,{"stream_name":"stdout","time":22389.026304517,"data":"  6.22 h · train_cont · chạy · bước 220/250 · loss 0.4406 · |g| 0.632 · lr 7.61e-07 · 96.5 s/bước · VRAM 6.8 GiB\n"}
,{"stream_name":"stdout","time":22508.871442452,"data":"  6.25 h · train_ra · chạy · bước 195/250 · loss 0.4767 · |g| 0.906 · lr 2.48e-06 · 107.8 s/bước · VRAM 7.3 GiB\n"}
,{"stream_name":"stdout","time":22508.872838095,"data":"  6.25 h · train_cont · chạy · bước 220/250 · loss 0.4406 · |g| 0.632 · lr 7.61e-07 · 96.5 s/bước · VRAM 6.8 GiB\n"}
,{"stream_name":"stdout","time":22628.877269043,"data":"  6.28 h · train_ra · chạy · bước 200/250 · loss 0.5220 · |g| 1.070 · lr 2.07e-06 · 107.8 s/bước · VRAM 7.3 GiB\n"}
,{"stream_name":"stdout","time":22628.877661037,"data":"  6.28 h · train_cont · chạy · bước 220/250 · loss 0.4406 · |g| 0.632 · lr 7.61e-07 · 96.5 s/bước · VRAM 6.8 GiB\n"}
,{"stream_name":"stdout","time":22748.878255257,"data":"  6.32 h · train_ra · chạy · bước 200/250 · loss 0.5220 · |g| 1.070 · lr 2.07e-06 · 107.8 s/bước · VRAM 7.3 GiB\n"}
,{"stream_name":"stdout","time":22748.878347707,"data":"  6.32 h · train_cont · chạy · bước 220/250 · loss 0.4406 · |g| 0.632 · lr 7.61e-07 · 96.5 s/bước · VRAM 6.8 GiB\n"}
,{"stream_name":"stdout","time":22868.883257779,"data":"  6.35 h · train_ra · chạy · bước 200/250 · loss 0.5220 · |g| 1.070 · lr 2.07e-06 · 107.8 s/bước · VRAM 7.3 GiB\n"}
,{"stream_name":"stdout","time":22868.884349926,"data":"  6.35 h · train_cont · chạy · bước 225/250 · loss 0.3656 · |g| 0.960 · lr 5.31e-07 · 96.5 s/bước · VRAM 6.8 GiB\n"}
,{"stream_name":"stdout","time":22988.891244785,"data":"  6.38 h · train_ra · chạy · bước 200/250 · loss 0.5220 · |g| 1.070 · lr 2.07e-06 · 107.8 s/bước · VRAM 7.3 GiB\n"}
,{"stream_name":"stdout","time":22988.892269286,"data":"  6.38 h · train_cont · chạy · bước 225/250 · loss 0.3656 · |g| 0.960 · lr 5.31e-07 · 96.5 s/bước · VRAM 6.8 GiB\n"}
,{"stream_name":"stdout","time":23108.900735848,"data":"  6.42 h · train_ra · chạy · bước 205/250 · loss 0.4403 · |g| 1.090 · lr 1.69e-06 · 107.8 s/bước · VRAM 7.3 GiB\n"}
,{"stream_name":"stdout","time":23108.902143189,"data":"  6.42 h · train_cont · chạy · bước 225/250 · loss 0.3656 · |g| 0.960 · lr 5.31e-07 · 96.5 s/bước · VRAM 6.8 GiB\n"}
,{"stream_name":"stdout","time":23228.893371797,"data":"  6.45 h · train_ra · chạy · bước 205/250 · loss 0.4403 · |g| 1.090 · lr 1.69e-06 · 107.8 s/bước · VRAM 7.3 GiB\n"}
,{"stream_name":"stdout","time":23228.89341431,"data":"  6.45 h · train_cont · chạy · bước 225/250 · loss 0.3656 · |g| 0.960 · lr 5.31e-07 · 96.5 s/bước · VRAM 6.8 GiB\n"}
,{"stream_name":"stdout","time":23348.895318413,"data":"  6.48 h · train_ra · chạy · bước 205/250 · loss 0.4403 · |g| 1.090 · lr 1.69e-06 · 107.8 s/bước · VRAM 7.3 GiB\n"}
,{"stream_name":"stdout","time":23348.896101107,"data":"  6.48 h · train_cont · chạy · bước 230/250 · loss 0.4223 · |g| 0.887 · lr 3.41e-07 · 96.5 s/bước · VRAM 6.8 GiB\n"}
,{"stream_name":"stdout","time":23468.888664622,"data":"  6.52 h · train_ra · chạy · bước 205/250 · loss 0.4403 · |g| 1.090 · lr 1.69e-06 · 107.8 s/bước · VRAM 7.3 GiB\n"}
,{"stream_name":"stdout","time":23468.889682926,"data":"  6.52 h · train_cont · chạy · bước 230/250 · loss 0.4223 · |g| 0.887 · lr 3.41e-07 · 96.5 s/bước · VRAM 6.8 GiB\n"}
,{"stream_name":"stdout","time":23588.907814843,"data":"  6.55 h · train_ra · chạy · bước 210/250 · loss 0.5854 · |g| 1.230 · lr 1.34e-06 · 107.8 s/bước · VRAM 7.3 GiB\n"}
,{"stream_name":"stdout","time":23588.90910085,"data":"  6.55 h · train_cont · chạy · bước 230/250 · loss 0.4223 · |g| 0.887 · lr 3.41e-07 · 96.5 s/bước · VRAM 6.8 GiB\n"}
,{"stream_name":"stdout","time":23708.913254851,"data":"  6.58 h · train_ra · chạy · bước 210/250 · loss 0.5854 · |g| 1.230 · lr 1.34e-06 · 107.8 s/bước · VRAM 7.3 GiB\n"}
,{"stream_name":"stdout","time":23708.914192867,"data":"  6.58 h · train_cont · chạy · bước 230/250 · loss 0.4223 · |g| 0.887 · lr 3.41e-07 · 96.5 s/bước · VRAM 6.8 GiB\n"}
,{"stream_name":"stdout","time":23828.916252948,"data":"  6.62 h · train_ra · chạy · bước 210/250 · loss 0.5854 · |g| 1.230 · lr 1.34e-06 · 107.8 s/bước · VRAM 7.3 GiB\n"}
,{"stream_name":"stdout","time":23828.917604817,"data":"  6.62 h · train_cont · chạy · bước 235/250 · loss 0.6423 · |g| 1.130 · lr 1.92e-07 · 96.5 s/bước · VRAM 6.8 GiB\n"}
,{"stream_name":"stdout","time":23948.924878868,"data":"  6.65 h · train_ra · chạy · bước 210/250 · loss 0.5854 · |g| 1.230 · lr 1.34e-06 · 107.8 s/bước · VRAM 7.3 GiB\n"}
,{"stream_name":"stdout","time":23948.925988182,"data":"  6.65 h · train_cont · chạy · bước 235/250 · loss 0.6423 · |g| 1.130 · lr 1.92e-07 · 96.5 s/bước · VRAM 6.8 GiB\n"}
,{"stream_name":"stdout","time":24068.920712991,"data":"  6.68 h · train_ra · chạy · bước 210/250 · loss 0.5854 · |g| 1.230 · lr 1.34e-06 · 107.8 s/bước · VRAM 7.3 GiB\n"}
,{"stream_name":"stdout","time":24068.921983691,"data":"  6.68 h · train_cont · chạy · bước 235/250 · loss 0.6423 · |g| 1.130 · lr 1.92e-07 · 96.5 s/bước · VRAM 6.8 GiB\n"}
,{"stream_name":"stdout","time":24188.926315384,"data":"  6.72 h · train_ra · chạy · bước 215/250 · loss 0.5296 · |g| 1.410 · lr 1.03e-06 · 107.8 s/bước · VRAM 7.3 GiB\n"}
,{"stream_name":"stdout","time":24188.927415008,"data":"  6.72 h · train_cont · chạy · bước 235/250 · loss 0.6423 · |g| 1.130 · lr 1.92e-07 · 96.5 s/bước · VRAM 6.8 GiB\n"}
,{"stream_name":"stdout","time":24308.924222751,"data":"  6.75 h · train_ra · chạy · bước 215/250 · loss 0.5296 · |g| 1.410 · lr 1.03e-06 · 107.8 s/bước · VRAM 7.3 GiB\n"}
,{"stream_name":"stdout","time":24308.924260593,"data":"  6.75 h · train_cont · chạy · bước 240/250 · loss 0.4826 · |g| 0.930 · lr 8.56e-08 · 96.5 s/bước · VRAM 6.8 GiB\n"}
,{"stream_name":"stdout","time":24428.922977252,"data":"  6.78 h · train_ra · chạy · bước 215/250 · loss 0.5296 · |g| 1.410 · lr 1.03e-06 · 107.8 s/bước · VRAM 7.3 GiB\n"}
,{"stream_name":"stdout","time":24428.924058735,"data":"  6.78 h · train_cont · chạy · bước 240/250 · loss 0.4826 · |g| 0.930 · lr 8.56e-08 · 96.5 s/bước · VRAM 6.8 GiB\n"}
,{"stream_name":"stdout","time":24548.936032834,"data":"  6.82 h · train_ra · chạy · bước 215/250 · loss 0.5296 · |g| 1.410 · lr 1.03e-06 · 107.8 s/bước · VRAM 7.3 GiB\n"}
,{"stream_name":"stdout","time":24548.937534128,"data":"  6.82 h · train_cont · chạy · bước 240/250 · loss 0.4826 · |g| 0.930 · lr 8.56e-08 · 96.5 s/bước · VRAM 6.8 GiB\n"}
,{"stream_name":"stdout","time":24668.935280276,"data":"  6.85 h · train_ra · chạy · bước 220/250 · loss 0.4379 · |g| 0.800 · lr 7.61e-07 · 107.7 s/bước · VRAM 7.3 GiB\n"}
,{"stream_name":"stdout","time":24668.936316255,"data":"  6.85 h · train_cont · chạy · bước 240/250 · loss 0.4826 · |g| 0.930 · lr 8.56e-08 · 96.5 s/bước · VRAM 6.8 GiB\n"}
,{"stream_name":"stdout","time":24788.938335326,"data":"  6.88 h · train_ra · chạy · bước 220/250 · loss 0.4379 · |g| 0.800 · lr 7.61e-07 · 107.7 s/bước · VRAM 7.3 GiB\n"}
,{"stream_name":"stdout","time":24788.939388064,"data":"  6.88 h · train_cont · chạy · bước 245/250 · loss 0.3869 · |g| 0.615 · lr 2.14e-08 · 96.5 s/bước · VRAM 6.8 GiB\n"}
,{"stream_name":"stdout","time":24908.943250494,"data":"  6.92 h · train_ra · chạy · bước 220/250 · loss 0.4379 · |g| 0.800 · lr 7.61e-07 · 107.7 s/bước · VRAM 7.3 GiB\n"}
,{"stream_name":"stdout","time":24908.94444145,"data":"  6.92 h · train_cont · chạy · bước 245/250 · loss 0.3869 · |g| 0.615 · lr 2.14e-08 · 96.5 s/bước · VRAM 6.8 GiB\n"}
,{"stream_name":"stdout","time":25028.940226229,"data":"  6.95 h · train_ra · chạy · bước 220/250 · loss 0.4379 · |g| 0.800 · lr 7.61e-07 · 107.7 s/bước · VRAM 7.3 GiB\n"}
,{"stream_name":"stdout","time":25028.941196997,"data":"  6.95 h · train_cont · chạy · bước 245/250 · loss 0.3869 · |g| 0.615 · lr 2.14e-08 · 96.5 s/bước · VRAM 6.8 GiB\n"}
,{"stream_name":"stdout","time":25148.944161028,"data":"  6.98 h · train_ra · chạy · bước 220/250 · loss 0.4379 · |g| 0.800 · lr 7.61e-07 · 107.7 s/bước · VRAM 7.3 GiB\n"}
,{"stream_name":"stdout","time":25148.945220874,"data":"  6.98 h · train_cont · chạy · bước 245/250 · loss 0.3869 · |g| 0.615 · lr 2.14e-08 · 96.5 s/bước · VRAM 6.8 GiB\n"}
,{"stream_name":"stdout","time":25268.941121242,"data":"  7.02 h · train_ra · chạy · bước 225/250 · loss 0.3799 · |g| 1.100 · lr 5.31e-07 · 107.7 s/bước · VRAM 7.3 GiB\n"}
,{"stream_name":"stdout","time":25268.941999308,"data":"  7.02 h · train_cont · xong · [xong] 250 bước · 402.2 phút → /kaggle/working/cont_sft/final\n"}
,{"stream_name":"stdout","time":25388.942079178,"data":"  7.05 h · train_ra · chạy · bước 225/250 · loss 0.3799 · |g| 1.100 · lr 5.31e-07 · 107.7 s/bước · VRAM 7.3 GiB\n"}
,{"stream_name":"stdout","time":25388.943023283,"data":"  7.05 h · train_cont · xong · [xong] 250 bước · 402.2 phút → /kaggle/working/cont_sft/final\n"}
,{"stream_name":"stdout","time":25508.947193991,"data":"  7.08 h · train_ra · chạy · bước 225/250 · loss 0.3799 · |g| 1.100 · lr 5.31e-07 · 107.7 s/bước · VRAM 7.3 GiB\n"}
,{"stream_name":"stdout","time":25508.948129035,"data":"  7.08 h · train_cont · xong · [xong] 250 bước · 402.2 phút → /kaggle/working/cont_sft/final\n"}
,{"stream_name":"stdout","time":25628.957390708,"data":"  7.12 h · train_ra · chạy · bước 225/250 · loss 0.3799 · |g| 1.100 · lr 5.31e-07 · 107.7 s/bước · VRAM 7.3 GiB\n"}
,{"stream_name":"stdout","time":25628.958205555,"data":"  7.12 h · train_cont · xong · [xong] 250 bước · 402.2 phút → /kaggle/working/cont_sft/final\n"}
,{"stream_name":"stdout","time":25748.949683451,"data":"  7.15 h · train_ra · chạy · bước 230/250 · loss 0.4143 · |g| 1.165 · lr 3.41e-07 · 107.7 s/bước · VRAM 7.3 GiB\n"}
,{"stream_name":"stdout","time":25748.950614437,"data":"  7.15 h · train_cont · xong · [xong] 250 bước · 402.2 phút → /kaggle/working/cont_sft/final\n"}
,{"stream_name":"stdout","time":25868.958981023,"data":"  7.18 h · train_ra · chạy · bước 230/250 · loss 0.4143 · |g| 1.165 · lr 3.41e-07 · 107.7 s/bước · VRAM 7.3 GiB\n"}
,{"stream_name":"stdout","time":25868.959878189,"data":"  7.18 h · train_cont · xong · [xong] 250 bước · 402.2 phút → /kaggle/working/cont_sft/final\n"}
,{"stream_name":"stdout","time":25988.957552411,"data":"  7.22 h · train_ra · chạy · bước 230/250 · loss 0.4143 · |g| 1.165 · lr 3.41e-07 · 107.7 s/bước · VRAM 7.3 GiB\n"}
,{"stream_name":"stdout","time":25988.958460175,"data":"  7.22 h · train_cont · xong · [xong] 250 bước · 402.2 phút → /kaggle/working/cont_sft/final\n"}
,{"stream_name":"stdout","time":26108.967169616,"data":"  7.25 h · train_ra · chạy · bước 230/250 · loss 0.4143 · |g| 1.165 · lr 3.41e-07 · 107.7 s/bước · VRAM 7.3 GiB\n"}
,{"stream_name":"stdout","time":26108.968041664,"data":"  7.25 h · train_cont · xong · [xong] 250 bước · 402.2 phút → /kaggle/working/cont_sft/final\n"}
,{"stream_name":"stdout","time":26228.967683581,"data":"  7.28 h · train_ra · chạy · bước 230/250 · loss 0.4143 · |g| 1.165 · lr 3.41e-07 · 107.7 s/bước · VRAM 7.3 GiB\n"}
,{"stream_name":"stdout","time":26228.968702962,"data":"  7.28 h · train_cont · xong · [xong] 250 bước · 402.2 phút → /kaggle/working/cont_sft/final\n"}
,{"stream_name":"stdout","time":26348.968812593,"data":"  7.32 h · train_ra · chạy · bước 235/250 · loss 0.6438 · |g| 1.471 · lr 1.92e-07 · 107.8 s/bước · VRAM 7.3 GiB\n"}
,{"stream_name":"stdout","time":26348.969697034,"data":"  7.32 h · train_cont · xong · [xong] 250 bước · 402.2 phút → /kaggle/working/cont_sft/final\n"}
,{"stream_name":"stdout","time":26468.971211969,"data":"  7.35 h · train_ra · chạy · bước 235/250 · loss 0.6438 · |g| 1.471 · lr 1.92e-07 · 107.8 s/bước · VRAM 7.3 GiB\n"}
,{"stream_name":"stdout","time":26468.972166656,"data":"  7.35 h · train_cont · xong · [xong] 250 bước · 402.2 phút → /kaggle/working/cont_sft/final\n"}
,{"stream_name":"stdout","time":26588.973636997,"data":"  7.38 h · train_ra · chạy · bước 235/250 · loss 0.6438 · |g| 1.471 · lr 1.92e-07 · 107.8 s/bước · VRAM 7.3 GiB\n"}
,{"stream_name":"stdout","time":26588.974676506,"data":"  7.38 h · train_cont · xong · [xong] 250 bước · 402.2 phút → /kaggle/working/cont_sft/final\n"}
,{"stream_name":"stdout","time":26708.979268799,"data":"  7.42 h · train_ra · chạy · bước 235/250 · loss 0.6438 · |g| 1.471 · lr 1.92e-07 · 107.8 s/bước · VRAM 7.3 GiB\n"}
,{"stream_name":"stdout","time":26708.980224108,"data":"  7.42 h · train_cont · xong · [xong] 250 bước · 402.2 phút → /kaggle/working/cont_sft/final\n"}
,{"stream_name":"stdout","time":26828.980850664,"data":"  7.45 h · train_ra · chạy · bước 235/250 · loss 0.6438 · |g| 1.471 · lr 1.92e-07 · 107.8 s/bước · VRAM 7.3 GiB\n"}
,{"stream_name":"stdout","time":26828.981741189,"data":"  7.45 h · train_cont · xong · [xong] 250 bước · 402.2 phút → /kaggle/working/cont_sft/final\n"}
,{"stream_name":"stdout","time":26948.999122151,"data":"  7.48 h · train_ra · chạy · bước 240/250 · loss 0.4808 · |g| 1.186 · lr 8.56e-08 · 107.9 s/bước · VRAM 7.3 GiB\n"}
,{"stream_name":"stdout","time":26949.000476954,"data":"  7.48 h · train_cont · xong · [xong] 250 bước · 402.2 phút → /kaggle/working/cont_sft/final\n"}
,{"stream_name":"stdout","time":27068.98879846,"data":"  7.52 h · train_ra · chạy · bước 240/250 · loss 0.4808 · |g| 1.186 · lr 8.56e-08 · 107.9 s/bước · VRAM 7.3 GiB\n"}
,{"stream_name":"stdout","time":27068.989782259,"data":"  7.52 h · train_cont · xong · [xong] 250 bước · 402.2 phút → /kaggle/working/cont_sft/final\n"}
,{"stream_name":"stdout","time":27188.990955722,"data":"  7.55 h · train_ra · chạy · bước 240/250 · loss 0.4808 · |g| 1.186 · lr 8.56e-08 · 107.9 s/bước · VRAM 7.3 GiB\n"}
,{"stream_name":"stdout","time":27188.992199892,"data":"  7.55 h · train_cont · xong · [xong] 250 bước · 402.2 phút → /kaggle/working/cont_sft/final\n"}
,{"stream_name":"stdout","time":27308.993628154,"data":"  7.58 h · train_ra · chạy · bước 240/250 · loss 0.4808 · |g| 1.186 · lr 8.56e-08 · 107.9 s/bước · VRAM 7.3 GiB\n"}
,{"stream_name":"stdout","time":27308.994627623,"data":"  7.58 h · train_cont · xong · [xong] 250 bước · 402.2 phút → /kaggle/working/cont_sft/final\n"}
,{"stream_name":"stdout","time":27428.996279916,"data":"  7.62 h · train_ra · chạy · bước 245/250 · loss 0.3770 · |g| 0.728 · lr 2.14e-08 · 108.0 s/bước · VRAM 7.3 GiB\n"}
,{"stream_name":"stdout","time":27428.997274795,"data":"  7.62 h · train_cont · xong · [xong] 250 bước · 402.2 phút → /kaggle/working/cont_sft/final\n"}
,{"stream_name":"stdout","time":27548.99778423,"data":"  7.65 h · train_ra · chạy · bước 245/250 · loss 0.3770 · |g| 0.728 · lr 2.14e-08 · 108.0 s/bước · VRAM 7.3 GiB\n"}
,{"stream_name":"stdout","time":27548.998721829,"data":"  7.65 h · train_cont · xong · [xong] 250 bước · 402.2 phút → /kaggle/working/cont_sft/final\n"}
,{"stream_name":"stdout","time":27669.000688593,"data":"  7.68 h · train_ra · chạy · bước 245/250 · loss 0.3770 · |g| 0.728 · lr 2.14e-08 · 108.0 s/bước · VRAM 7.3 GiB\n"}
,{"stream_name":"stdout","time":27669.001674679,"data":"  7.68 h · train_cont · xong · [xong] 250 bước · 402.2 phút → /kaggle/working/cont_sft/final\n"}
,{"stream_name":"stdout","time":27789.003216718,"data":"  7.72 h · train_ra · chạy · bước 245/250 · loss 0.3770 · |g| 0.728 · lr 2.14e-08 · 108.0 s/bước · VRAM 7.3 GiB\n"}
,{"stream_name":"stdout","time":27789.004162221,"data":"  7.72 h · train_cont · xong · [xong] 250 bước · 402.2 phút → /kaggle/working/cont_sft/final\n"}
,{"stream_name":"stdout","time":27909.005170676,"data":"  7.75 h · train_ra · chạy · bước 245/250 · loss 0.3770 · |g| 0.728 · lr 2.14e-08 · 108.0 s/bước · VRAM 7.3 GiB\n"}
,{"stream_name":"stdout","time":27909.006035339,"data":"  7.75 h · train_cont · xong · [xong] 250 bước · 402.2 phút → /kaggle/working/cont_sft/final\n"}
,{"stream_name":"stdout","time":28029.009896685,"data":"  7.78 h · train_ra · xong · [xong] 250 bước · 450.3 phút → /kaggle/working/ra_sft/final\n"}
,{"stream_name":"stdout","time":28029.010866744,"data":"  7.78 h · train_cont · xong · [xong] 250 bước · 402.2 phút → /kaggle/working/cont_sft/final\n"}
,{"stream_name":"stdout","time":28029.012305793,"data":"--- train_ra · mã thoát 0 ---\n"}
,{"stream_name":"stdout","time":28029.012325162,"data":"  bước 210/250 · loss 0.5854 · |g| 1.230 · lr 1.34e-06 · 107.8 s/bước · VRAM 7.3 GiB\n"}
,{"stream_name":"stdout","time":28029.012341593,"data":"  bước 215/250 · loss 0.5296 · |g| 1.410 · lr 1.03e-06 · 107.8 s/bước · VRAM 7.3 GiB\n"}
,{"stream_name":"stdout","time":28029.012347079,"data":"  bước 220/250 · loss 0.4379 · |g| 0.800 · lr 7.61e-07 · 107.7 s/bước · VRAM 7.3 GiB\n"}
,{"stream_name":"stdout","time":28029.012352122,"data":"  bước 225/250 · loss 0.3799 · |g| 1.100 · lr 5.31e-07 · 107.7 s/bước · VRAM 7.3 GiB\n"}
,{"stream_name":"stdout","time":28029.012356934,"data":"  bước 230/250 · loss 0.4143 · |g| 1.165 · lr 3.41e-07 · 107.7 s/bước · VRAM 7.3 GiB\n"}
,{"stream_name":"stdout","time":28029.012362437,"data":"  bước 235/250 · loss 0.6438 · |g| 1.471 · lr 1.92e-07 · 107.8 s/bước · VRAM 7.3 GiB\n"}
,{"stream_name":"stdout","time":28029.012368053,"data":"  bước 240/250 · loss 0.4808 · |g| 1.186 · lr 8.56e-08 · 107.9 s/bước · VRAM 7.3 GiB\n"}
,{"stream_name":"stdout","time":28029.012373419,"data":"  bước 245/250 · loss 0.3770 · |g| 0.728 · lr 2.14e-08 · 108.0 s/bước · VRAM 7.3 GiB\n"}
,{"stream_name":"stdout","time":28029.012378995,"data":"  bước 250/250 · loss 0.4230 · |g| 1.003 · lr 0.00e+00 · 108.1 s/bước · VRAM 7.3 GiB\n"}
,{"stream_name":"stdout","time":28029.01238363,"data":"[xong] 250 bước · 450.3 phút → /kaggle/working/ra_sft/final\n"}
,{"stream_name":"stdout","time":28029.012388514,"data":"\n"}
,{"stream_name":"stdout","time":28029.013323011,"data":"--- train_cont · mã thoát 0 ---\n"}
,{"stream_name":"stdout","time":28029.013342667,"data":"  bước 210/250 · loss 0.5966 · |g| 1.033 · lr 1.34e-06 · 96.5 s/bước · VRAM 6.8 GiB\n"}
,{"stream_name":"stdout","time":28029.013346663,"data":"  bước 215/250 · loss 0.5328 · |g| 1.197 · lr 1.03e-06 · 96.5 s/bước · VRAM 6.8 GiB\n"}
,{"stream_name":"stdout","time":28029.013349641,"data":"  bước 220/250 · loss 0.4406 · |g| 0.632 · lr 7.61e-07 · 96.5 s/bước · VRAM 6.8 GiB\n"}
,{"stream_name":"stdout","time":28029.013352543,"data":"  bước 225/250 · loss 0.3656 · |g| 0.960 · lr 5.31e-07 · 96.5 s/bước · VRAM 6.8 GiB\n"}
,{"stream_name":"stdout","time":28029.013355508,"data":"  bước 230/250 · loss 0.4223 · |g| 0.887 · lr 3.41e-07 · 96.5 s/bước · VRAM 6.8 GiB\n"}
,{"stream_name":"stdout","time":28029.013381718,"data":"  bước 235/250 · loss 0.6423 · |g| 1.130 · lr 1.92e-07 · 96.5 s/bước · VRAM 6.8 GiB\n"}
,{"stream_name":"stdout","time":28029.013386203,"data":"  bước 240/250 · loss 0.4826 · |g| 0.930 · lr 8.56e-08 · 96.5 s/bước · VRAM 6.8 GiB\n"}
,{"stream_name":"stdout","time":28029.013389897,"data":"  bước 245/250 · loss 0.3869 · |g| 0.615 · lr 2.14e-08 · 96.5 s/bước · VRAM 6.8 GiB\n"}
,{"stream_name":"stdout","time":28029.013393465,"data":"  bước 250/250 · loss 0.4462 · |g| 0.867 · lr 0.00e+00 · 96.5 s/bước · VRAM 6.8 GiB\n"}
,{"stream_name":"stdout","time":28029.013397482,"data":"[xong] 250 bước · 402.2 phút → /kaggle/working/cont_sft/final\n"}
,{"stream_name":"stdout","time":28029.0134015,"data":"\n"}
,{"stream_name":"stdout","time":28029.014246149,"data":"{'train_ra': 0, 'train_cont': 0}\n"}
,{"stream_name":"stdout","time":28029.015003985,"data":"hai nhánh xong final: True\n"}
,{"stream_name":"stdout","time":28239.095318725,"data":"  7.84 h · val_ra_k4 · chạy · 50/1002 · 2.5 phút · 3.01 s/bước · 'Click on the save button at the top right corner of the scre'\n"}
,{"stream_name":"stdout","time":28239.09537488,"data":"  7.84 h · val_cont · chạy · warnings.warn(\n"}
,{"stream_name":"stdout","time":28359.086241631,"data":"  7.87 h · val_ra_k4 · chạy · 100/1002 · 5.0 phút · 3.00 s/bước · 'Select the Filter \"Vivid\".'\n"}
,{"stream_name":"stdout","time":28359.08685685,"data":"  7.87 h · val_cont · chạy · 50/1002 · 2.1 phút · 2.57 s/bước · 'Click on the save button at the top right corner of the scre'\n"}
,{"stream_name":"stdout","time":28479.08962766,"data":"  7.91 h · val_ra_k4 · chạy · 100/1002 · 5.0 phút · 3.00 s/bước · 'Select the Filter \"Vivid\".'\n"}
,{"stream_name":"stdout","time":28479.090838835,"data":"  7.91 h · val_cont · chạy · 100/1002 · 4.3 phút · 2.56 s/bước · 'Select the Filter Vivid.'\n"}
,{"stream_name":"stdout","time":28599.091286886,"data":"  7.94 h · val_ra_k4 · chạy · 150/1002 · 7.5 phút · 2.99 s/bước · 'Type Centre table in search bar'\n"}
,{"stream_name":"stdout","time":28599.092278153,"data":"  7.94 h · val_cont · chạy · 150/1002 · 6.5 phút · 2.58 s/bước · 'Click on the search bar'\n"}
,{"stream_name":"stdout","time":28719.097080346,"data":"  7.97 h · val_ra_k4 · chạy · 200/1002 · 9.9 phút · 2.98 s/bước · 'Click on the pause button.'\n"}
,{"stream_name":"stdout","time":28719.098317973,"data":"  7.97 h · val_cont · chạy · 200/1002 · 8.7 phút · 2.60 s/bước · 'Click on the pause button of the timer'\n"}
,{"stream_name":"stdout","time":28839.097242724,"data":"  8.01 h · val_ra_k4 · chạy · 250/1002 · 12.3 phút · 2.96 s/bước · 'Click on the restore option'\n"}
,{"stream_name":"stdout","time":28839.098303328,"data":"  8.01 h · val_cont · chạy · 250/1002 · 10.8 phút · 2.60 s/bước · 'Click on the restore option'\n"}
,{"stream_name":"stdout","time":28959.103305635,"data":"  8.04 h · val_ra_k4 · chạy · 300/1002 · 14.8 phút · 2.95 s/bước · 'Type Oats on the screen.'\n"}
,{"stream_name":"stdout","time":28959.103893963,"data":"  8.04 h · val_cont · chạy · 300/1002 · 13.1 phút · 2.62 s/bước · 'Click on the search bar on the top of the screen.'\n"}
,{"stream_name":"stdout","time":29079.103065213,"data":"  8.07 h · val_ra_k4 · chạy · 300/1002 · 14.8 phút · 2.95 s/bước · 'Type Oats on the screen.'\n"}
,{"stream_name":"stdout","time":29079.103996485,"data":"  8.07 h · val_cont · chạy · 350/1002 · 15.4 phút · 2.64 s/bước · 'click on while using the app'\n"}
,{"stream_name":"stdout","time":29199.117296858,"data":"  8.11 h · val_ra_k4 · chạy · 350/1002 · 17.3 phút · 2.96 s/bước · 'click on while using the app'\n"}
,{"stream_name":"stdout","time":29199.118599679,"data":"  8.11 h · val_cont · chạy · 400/1002 · 17.6 phút · 2.64 s/bước · 'Go to my course and take a course.'\n"}
,{"stream_name":"stdout","time":29319.111290121,"data":"  8.14 h · val_ra_k4 · chạy · 400/1002 · 19.7 phút · 2.95 s/bước · 'Go to my course and take a course.'\n"}
,{"stream_name":"stdout","time":29319.112104943,"data":"  8.14 h · val_cont · chạy · 400/1002 · 17.6 phút · 2.64 s/bước · 'Go to my course and take a course.'\n"}
,{"stream_name":"stdout","time":29439.114263206,"data":"  8.17 h · val_ra_k4 · chạy · 450/1002 · 22.1 phút · 2.94 s/bước · 'Click on the chat box.'\n"}
,{"stream_name":"stdout","time":29439.115631336,"data":"  8.17 h · val_cont · chạy · 450/1002 · 20.0 phút · 2.66 s/bước · 'Click on the text bar at the bottom.'\n"}
,{"stream_name":"stdout","time":29559.128233597,"data":"  8.21 h · val_ra_k4 · chạy · 500/1002 · 24.5 phút · 2.94 s/bước · 'click on the Dessert section'\n"}
,{"stream_name":"stdout","time":29559.129298543,"data":"  8.21 h · val_cont · chạy · 500/1002 · 22.2 phút · 2.66 s/bước · 'click on the Dessert section'\n"}
,{"stream_name":"stdout","time":29679.120951379,"data":"  8.24 h · val_ra_k4 · chạy · 550/1002 · 26.9 phút · 2.94 s/bước · 'Click on the resulted mail id'\n"}
,{"stream_name":"stdout","time":29679.122005642,"data":"  8.24 h · val_cont · chạy · 550/1002 · 24.4 phút · 2.66 s/bước · 'Click on the Send Button'\n"}
,{"stream_name":"stdout","time":29799.134027245,"data":"  8.27 h · val_ra_k4 · chạy · 550/1002 · 26.9 phút · 2.94 s/bước · 'Click on the resulted mail id'\n"}
,{"stream_name":"stdout","time":29799.135555225,"data":"  8.27 h · val_cont · chạy · 600/1002 · 26.7 phút · 2.67 s/bước · 'click on the first suggested option'\n"}
,{"stream_name":"stdout","time":29919.137922206,"data":"  8.31 h · val_ra_k4 · chạy · 600/1002 · 29.3 phút · 2.93 s/bước · 'click on the first result'\n"}
,{"stream_name":"stdout","time":29919.139283632,"data":"  8.31 h · val_cont · chạy · 650/1002 · 28.9 phút · 2.66 s/bước · 'Click on the General Settings'\n"}
,{"stream_name":"stdout","time":30039.140196326,"data":"  8.34 h · val_ra_k4 · chạy · 650/1002 · 31.8 phút · 2.93 s/bước · 'Click on the General Settings Option'\n"}
,{"stream_name":"stdout","time":30039.141584169,"data":"  8.34 h · val_cont · chạy · 700/1002 · 31.1 phút · 2.67 s/bước · 'Click on the copaya volleyball'\n"}
,{"stream_name":"stdout","time":30159.136312882,"data":"  8.37 h · val_ra_k4 · chạy · 700/1002 · 34.2 phút · 2.93 s/bước · 'Click on the Copaya volleyball'\n"}
,{"stream_name":"stdout","time":30159.136767083,"data":"  8.37 h · val_cont · chạy · 750/1002 · 33.5 phút · 2.68 s/bước · 'Select the first image.'\n"}
,{"stream_name":"stdout","time":30279.143369455,"data":"  8.41 h · val_ra_k4 · chạy · 750/1002 · 36.7 phút · 2.94 s/bước · 'Click on the first image of the flowers.'\n"}
,{"stream_name":"stdout","time":30279.143412838,"data":"  8.41 h · val_cont · chạy · 800/1002 · 35.7 phút · 2.68 s/bước · 'click on the apply button'\n"}
,{"stream_name":"stdout","time":30399.139511893,"data":"  8.44 h · val_ra_k4 · chạy · 750/1002 · 36.7 phút · 2.94 s/bước · 'Click on the first image of the flowers.'\n"}
,{"stream_name":"stdout","time":30399.140566074,"data":"  8.44 h · val_cont · chạy · 800/1002 · 35.7 phút · 2.68 s/bước · 'click on the apply button'\n"}
,{"stream_name":"stdout","time":30519.145067672,"data":"  8.47 h · val_ra_k4 · chạy · 800/1002 · 39.2 phút · 2.94 s/bước · 'click on the APPLY button'\n"}
,{"stream_name":"stdout","time":30519.146233581,"data":"  8.47 h · val_cont · chạy · 850/1002 · 37.9 phút · 2.67 s/bước · 'Click on the text bar'\n"}
,{"stream_name":"stdout","time":30639.157754879,"data":"  8.51 h · val_ra_k4 · chạy · 850/1002 · 41.6 phút · 2.94 s/bước · 'Click on the text bar'\n"}
,{"stream_name":"stdout","time":30639.159086429,"data":"  8.51 h · val_cont · chạy · 900/1002 · 40.0 phút · 2.67 s/bước · 'Tap on the picture option'\n"}
,{"stream_name":"stdout","time":30759.153269073,"data":"  8.54 h · val_ra_k4 · chạy · 900/1002 · 43.9 phút · 2.93 s/bước · 'Tap on the picture option'\n"}
,{"stream_name":"stdout","time":30759.153618398,"data":"  8.54 h · val_cont · chạy · 950/1002 · 42.2 phút · 2.66 s/bước · 'Tap on the done button at the top left corner of the screen'\n"}
,{"stream_name":"stdout","time":30879.142497015,"data":"  8.57 h · val_ra_k4 · chạy · 950/1002 · 46.3 phút · 2.93 s/bước · 'Swipe down the above circle icon'\n"}
,{"stream_name":"stdout","time":30879.143434825,"data":"  8.57 h · val_cont · xong · [xong] 1002 câu · rỗng 0\n"}
,{"stream_name":"stdout","time":30999.14474911,"data":"  8.61 h · val_ra_k4 · xong · [xong] 1002 câu · rỗng 0\n"}
,{"stream_name":"stdout","time":30999.145725776,"data":"  8.61 h · val_cont · xong · [xong] 1002 câu · rỗng 0\n"}
,{"stream_name":"stdout","time":30999.146555772,"data":"--- val_ra_k4 · mã thoát 0 ---\n"}
,{"stream_name":"stdout","time":30999.14657161,"data":"  600/1002 · 29.3 phút · 2.93 s/bước · 'click on the first result'\n"}
,{"stream_name":"stdout","time":30999.146577355,"data":"  650/1002 · 31.8 phút · 2.93 s/bước · 'Click on the General Settings Option'\n"}
,{"stream_name":"stdout","time":30999.146582574,"data":"  700/1002 · 34.2 phút · 2.93 s/bước · 'Click on the Copaya volleyball'\n"}
,{"stream_name":"stdout","time":30999.146587604,"data":"  750/1002 · 36.7 phút · 2.94 s/bước · 'Click on the first image of the flowers.'\n"}
,{"stream_name":"stdout","time":30999.146592599,"data":"  800/1002 · 39.2 phút · 2.94 s/bước · 'click on the APPLY button'\n"}
,{"stream_name":"stdout","time":30999.146597527,"data":"  850/1002 · 41.6 phút · 2.94 s/bước · 'Click on the text bar'\n"}
,{"stream_name":"stdout","time":30999.146602409,"data":"  900/1002 · 43.9 phút · 2.93 s/bước · 'Tap on the picture option'\n"}
,{"stream_name":"stdout","time":30999.146607222,"data":"  950/1002 · 46.3 phút · 2.93 s/bước · 'Swipe down the above circle icon'\n"}
,{"stream_name":"stdout","time":30999.146612137,"data":"  1000/1002 · 48.9 phút · 2.93 s/bước · 'Click on the Entrance Effects option'\n"}
,{"stream_name":"stdout","time":30999.146617069,"data":"[xong] 1002 câu · rỗng 0\n"}
,{"stream_name":"stdout","time":30999.146621741,"data":"\n"}
,{"stream_name":"stdout","time":30999.147402162,"data":"--- val_cont · mã thoát 0 ---\n"}
,{"stream_name":"stdout","time":30999.147417315,"data":"  600/1002 · 26.7 phút · 2.67 s/bước · 'click on the first suggested option'\n"}
,{"stream_name":"stdout","time":30999.147422397,"data":"  650/1002 · 28.9 phút · 2.66 s/bước · 'Click on the General Settings'\n"}
,{"stream_name":"stdout","time":30999.147427163,"data":"  700/1002 · 31.1 phút · 2.67 s/bước · 'Click on the copaya volleyball'\n"}
,{"stream_name":"stdout","time":30999.147432297,"data":"  750/1002 · 33.5 phút · 2.68 s/bước · 'Select the first image.'\n"}
,{"stream_name":"stdout","time":30999.147437436,"data":"  800/1002 · 35.7 phút · 2.68 s/bước · 'click on the apply button'\n"}
,{"stream_name":"stdout","time":30999.147442478,"data":"  850/1002 · 37.9 phút · 2.67 s/bước · 'Click on the text bar'\n"}
,{"stream_name":"stdout","time":30999.147447021,"data":"  900/1002 · 40.0 phút · 2.67 s/bước · 'Tap on the picture option'\n"}
,{"stream_name":"stdout","time":30999.147462755,"data":"  950/1002 · 42.2 phút · 2.66 s/bước · 'Tap on the done button at the top left corner of the screen'\n"}
,{"stream_name":"stdout","time":30999.147467037,"data":"  1000/1002 · 44.4 phút · 2.66 s/bước · 'Click on the Entrance Effects option'\n"}
,{"stream_name":"stdout","time":30999.147470774,"data":"[xong] 1002 câu · rỗng 0\n"}
,{"stream_name":"stdout","time":30999.147474236,"data":"\n"}
,{"stream_name":"stdout","time":30999.148125576,"data":"{'val_ra_k4': 0, 'val_cont': 0}\n"}
,{"stream_name":"stdout","time":31032.307366911,"data":"[dữ liệu] 1002 bước click · nhánh ['ck500', 'ra_k4', 'cont']\n"}
,{"stream_name":"stdout","time":31032.307401536,"data":"ck500      bleu4 54.81 · meteor 39.25 · rougeL 70.52 · cider_d 448.95 · chrf 64.5 · rong 0 · doi_cau_so_goc_pct 0.0 · trung_chuan_pct 23.1\n"}
,{"stream_name":"stdout","time":31032.307409036,"data":"ra_k4      bleu4 53.95 · meteor 38.47 · rougeL 69.79 · cider_d 459.31 · chrf 63.23 · rong 0 · doi_cau_so_goc_pct 46.1 · trung_chuan_pct 26.6\n"}
,{"stream_name":"stdout","time":31032.307413879,"data":"cont       bleu4 54.35 · meteor 38.72 · rougeL 70.12 · cider_d 453.59 · chrf 63.8 · rong 0 · doi_cau_so_goc_pct 27.0 · trung_chuan_pct 24.6\n"}
,{"stream_name":"stdout","time":31032.30741863,"data":"[chép] ra_k4: chép nguyên văn một ví dụ ở 21.0% bước · trong số đó đúng câu chuẩn 41.0%\n"}
,{"stream_name":"stdout","time":31032.30742441,"data":"\n"}
,{"stream_name":"stdout","time":31032.307428561,"data":"| thước | ck500 | ra_k4 | cont |\n"}
,{"stream_name":"stdout","time":31032.307433185,"data":"|---|---:|---:|---:|\n"}
,{"stream_name":"stdout","time":31032.307437442,"data":"| BLEU-4 | 54.81 | 53.95 (-0.86) | 54.35 (-0.46) |\n"}
,{"stream_name":"stdout","time":31032.307441604,"data":"| METEOR | 39.25 | 38.47 (-0.78) | 38.72 (-0.53) |\n"}
,{"stream_name":"stdout","time":31032.307445907,"data":"| ROUGE-L | 70.52 | 69.79 (-0.73) | 70.12 (-0.40) |\n"}
,{"stream_name":"stdout","time":31032.307450564,"data":"| CIDEr-D | 448.95 | 459.31 (+10.36) | 453.59 (+4.64) |\n"}
,{"stream_name":"stdout","time":31032.307454997,"data":"| chrF | 64.50 | 63.23 (-1.27) | 63.80 (-0.70) |\n"}
,{"stream_name":"stdout","time":31032.307459024,"data":"[kết luận] ra_k4: cao hơn ck500 ở 1/5 thước (CIDEr-D) · chưa đạt\n"}
,{"stream_name":"stdout","time":31032.307463834,"data":"[kết luận] cont: cao hơn ck500 ở 1/5 thước (CIDEr-D) · chưa đạt\n"}
,{"stream_name":"stdout","time":31032.307469359,"data":"→ /kaggle/working/diem_val_304.json\n"}
,{"stream_name":"stdout","time":31032.307473856,"data":" PTBTokenizer tokenized 9277 tokens at 58311.82 tokens per second.\n"}
,{"stream_name":"stdout","time":31032.307478429,"data":"PTBTokenizer tokenized 9220 tokens at 82798.70 tokens per second.\n"}
,{"stream_name":"stdout","time":31032.307483127,"data":"PTBTokenizer tokenized 8981 tokens at 76532.94 tokens per second.\n"}
,{"stream_name":"stdout","time":31032.307487576,"data":"PTBTokenizer tokenized 9091 tokens at 87407.63 tokens per second.\n"}
,{"stream_name":"stdout","time":31032.307491848,"data":"\n"}
,{"stream_name":"stdout","time":31063.776095,"data":"['__notebook__.ipynb', '__pycache__', 'cont_sft', 'diem_val_304.json', 'diem_val_304.log', 'ket_qua_304_T.zip', 'pred_val_cont.jsonl', 'pred_val_ra_k4.jsonl', 'ra_data', 'ra_sft', 'thu_train_cont.log', 'thu_train_ra.log', 'train_cont.log', 'train_ra.log', 'val_cont.log', 'val_ra_k4.log'] 8.63 h\n"}
,{"stream_name":"stderr","time":31066.261486171,"data":"/usr/local/lib/python3.13/dist-packages/mistune.py:435: SyntaxWarning: invalid escape sequence '\\|'\n"}
,{"stream_name":"stderr","time":31066.261541388,"data":"  cells[i][c] = re.sub('\\\\\\\\\\|', '|', cell)\n"}
,{"stream_name":"stderr","time":31066.440310256,"data":"/usr/local/lib/python3.13/dist-packages/nbconvert/filters/filter_links.py:36: SyntaxWarning: invalid escape sequence '\\_'\n"}
,{"stream_name":"stderr","time":31066.440335614,"data":"  text = re.sub(r'_', '\\_', text) # Escape underscores in display text\n"}
,{"stream_name":"stderr","time":31067.231609255,"data":"[NbConvertApp] Converting notebook __notebook__.ipynb to notebook\n"}
,{"stream_name":"stderr","time":31067.367143513,"data":"[NbConvertApp] Writing 89550 bytes to __notebook__.ipynb\n"}
,{"stream_name":"stderr","time":31070.094870371,"data":"[NbConvertApp] Converting notebook __notebook__.ipynb to html\n"}
,{"stream_name":"stderr","time":31070.660941054,"data":"[NbConvertApp] Writing 395249 bytes to __results__.html\n"}
]